StockCode,positive_lines,positive_invoices,positive_units,positive_value_gbp,cancellation_magnitude_gbp,signed_value_gbp,positive_value_rank,signed_value_rank,description_label
10002,71.0,71.0,860.0,759.89,0.0,759.89,1863,1837,INFLATABLE POLITICAL GLOBE
10080,22.0,22.0,303.0,119.08999999999999,0.0,119.08999999999999,2967,2957,GROOVY CACTUS INFLATABLE
10120,30.0,29.0,193.0,40.53,0.0,40.53,3374,3355,DOGGY RUBBER
10123C,3.0,3.0,5.0,3.25,0.0,3.25,3858,3845,HEARTS WRAPPING TAPE
10124A,5.0,5.0,16.0,6.72,0.0,6.72,3774,3764,SPOTS ON RED BOOKCOVER TAPE
10124G,4.0,4.0,17.0,7.14,0.0,7.14,3769,3759,ARMY CAMO BOOKCOVER TAPE
10125,94.0,91.0,1296.0,994.84,0.0,994.84,1641,1624,MINI FUNKY DESIGN TAPES
10133,198.0,196.0,2867.0,1544.22,4.2,1540.02,1278,1255,COLOURING PENCILS BROWN TUBE
10135,179.0,175.0,2231.0,2207.39,1.25,2206.14,985,969,COLOURING PENCILS BROWN TUBE
11001,115.0,113.0,1615.0,2389.44,237.04999999999998,2152.39,929,988,ASSTD DESIGN RACING CAR PEN
15030,13.0,12.0,143.0,41.47,0.0,41.47,3358,3340,FAN BLACK FRAME
15034,138.0,138.0,6591.0,840.0200000000001,108.29000000000002,731.73,1775,1876,PAPER POCKET TRAVELING FAN
15036,519.0,518.0,23826.0,18569.84,505.68,18064.16,99,97,ASSORTED COLOURS SILK FAN
15039,146.0,145.0,2091.0,1979.4899999999998,22.099999999999998,1957.3899999999999,1081,1064,SANDALWOOD FAN
15044A,103.0,102.0,464.0,1456.72,2.95,1453.77,1326,1304,PINK PAPER PARASOL
15044B,60.0,60.0,321.0,946.83,2.95,943.88,1680,1665,BLUE PAPER PARASOL
15044C,89.0,88.0,314.0,1025.94,8.05,1017.8900000000001,1611,1595,PURPLE PAPER PARASOL
15044D,85.0,84.0,645.0,1822.71,5.5,1817.21,1140,1124,RED PAPER PARASOL
15056BL,321.0,321.0,2844.0,15828.84,652.5,15176.34,128,125,EDWARDIAN PARASOL BLACK
15056N,460.0,456.0,3954.0,22176.49,337.45000000000005,21839.04,74,73,EDWARDIAN PARASOL NATURAL
15056P,146.0,144.0,778.0,4366.820000000001,58.2,4308.620000000001,576,573,EDWARDIAN PARASOL PINK
15056bl,62.0,62.0,87.0,1086.88,0.0,1086.88,1562,1534,EDWARDIAN PARASOL BLACK
15056n,84.0,84.0,127.0,1585.2800000000002,0.0,1585.2800000000002,1252,1233,EDWARDIAN PARASOL NATURAL
15056p,26.0,26.0,33.0,412.48,0.0,412.48,2345,2332,EDWARDIAN PARASOL PINK
15058A,89.0,89.0,200.0,1668.49,37.35,1631.14,1204,1213,BLUE POLKADOT GARDEN PARASOL
15058B,97.0,97.0,228.0,1885.27,37.35,1847.92,1114,1104,PINK POLKADOT GARDEN PARASOL
15058C,72.0,72.0,240.0,1429.82,0.0,1429.82,1338,1316,ICE CREAM DESIGN GARDEN PARASOL
15060B,131.0,131.0,451.0,1807.55,3.75,1803.8,1146,1129,FAIRY CAKE DESIGN UMBRELLA
15060b,3.0,3.0,3.0,24.869999999999997,0.0,24.869999999999997,3515,3497,FAIRY CAKE DESIGN UMBRELLA
16008,70.0,70.0,2892.0,360.71,0.0,360.71,2414,2400,SMALL FOLDING SCISSOR(POINTED EDGE)
16010,3.0,3.0,30.0,3.5999999999999996,0.0,3.5999999999999996,3845,3832,FOLDING CAMPING SCISSOR W/KNIF & S
16011,47.0,46.0,1773.0,372.33,0.0,372.33,2400,2386,ANIMAL STICKERS
16012,37.0,35.0,1244.0,261.24,0.0,261.24,2598,2584,FOOD/DRINK SPONGE STICKERS
16014,54.0,54.0,13328.0,4335.76,0.0,4335.76,579,568,SMALL CHINESE STYLE SCISSOR
16015,24.0,24.0,662.0,289.98,0.0,289.98,2535,2526,MEDIUM CHINESE STYLE SCISSOR
16016,65.0,65.0,1273.0,1053.45,0.0,1053.45,1590,1565,LARGE CHINESE STYLE SCISSOR
16020C,17.0,17.0,84.0,69.89999999999999,0.0,69.89999999999999,3168,3152,CLEAR STATIONERY BOX SET
16033,4.0,4.0,840.0,100.79999999999998,0.0,100.79999999999998,3033,3022,MINI HIGHLIGHTER PENS
16043,2.0,2.0,98.0,11.759999999999998,0.0,11.759999999999998,3692,3682,POP ART PUSH DOWN RUBBER
16045,69.0,68.0,8900.0,380.0,0.0,380.0,2387,2373,POPART WOODEN PENCILS ASST
16046,17.0,14.0,68.0,57.8,0.0,57.8,3246,3232,TEATIME PEN CASE & PENS
16048,69.0,67.0,1461.0,205.42,0.0,205.42,2707,2698,TEATIME ROUND PENCIL SHARPENER
16049,5.0,5.0,504.0,82.08,0.0,82.08,3107,3093,TEATIME GEL PENS ASST
16052,13.0,13.0,479.0,115.3,0.0,115.3,2983,2972,TEATIME PUSH DOWN RUBBER
16054,33.0,33.0,1166.0,140.52,12.959999999999999,127.56000000000002,2894,2927,POPART RECT PENCIL SHARPENER ASST
16151A,3.0,3.0,49.0,61.25,0.0,61.25,3224,3208,FLOWERS HANDBAG blue and orange
16156L,18.0,18.0,475.0,199.5,0.0,199.5,2723,2710,WRAP CAROUSEL
16156S,167.0,167.0,5800.0,2331.0,0.0,2331.0,949,935,WRAP PINK FAIRY CAKES
16161G,22.0,22.0,700.0,70.0,0.0,70.0,3167,3151,WRAP BAD HAIR DAY
16161M,1.0,1.0,25.0,10.5,0.0,10.5,3703,3694,WRAP  PINK FLOCK
16161P,249.0,248.0,7226.0,2990.92,10.5,2980.42,791,780,WRAP ENGLISH ROSE
16161U,134.0,134.0,4075.0,1687.5,10.5,1677.0,1195,1185,WRAP SUKI AND FRIENDS
16162L,8.0,8.0,20.0,13.0,0.0,13.0,3668,3658,THE KING GIFT BAG
16162M,8.0,8.0,28.0,11.76,0.0,11.76,3691,3681,THE KING GIFT BAG 25x24x12cm
16168M,41.0,41.0,371.0,173.12,0.0,173.12,2794,2776,FUNKY MONKEY GIFT BAG MEDIUM
16169E,150.0,149.0,4563.0,1892.46,52.5,1839.96,1109,1110,WRAP 50'S  CHRISTMAS
16169K,8.0,8.0,200.0,84.0,0.0,84.0,3098,3084,WRAP FOLK ART
16169M,26.0,25.0,660.0,277.2,0.0,277.2,2555,2548,WRAP DAISY CARPET
16169N,1.0,1.0,25.0,10.5,0.0,10.5,3703,3694,WRAP BLUE RUSSIAN FOLKART
16169P,2.0,2.0,50.0,21.0,0.0,21.0,3555,3542,WRAP GREEN RUSSIAN FOLKART
16202A,2.0,2.0,7.0,3.5,0.0,3.5,3847,3834,PASTEL PINK PHOTO ALBUM
16202B,2.0,2.0,29.0,14.5,0.0,14.5,3649,3639,PASTEL BLUE PHOTO ALBUM
16202E,3.0,3.0,15.0,7.5,5.55,1.9500000000000002,3758,3873,BLACK PHOTO ALBUM
16206B,2.0,2.0,7.0,8.75,0.0,8.75,3735,3726,RED PURSE WITH PINK HEART
16207A,34.0,34.0,60.0,163.1,0.0,163.1,2822,2812,PINK STRAWBERRY HANDBAG
16207B,18.0,18.0,29.0,76.14,0.0,76.14,3134,3120,PINK HEART RED HANDBAG
16216,45.0,45.0,3333.0,234.0,0.0,234.0,2648,2634,LETTER SHAPE PENCIL SHARPENER
16218,64.0,64.0,3821.0,283.31,0.0,283.31,2545,2537,CARTOON  PENCIL SHARPENERS
16219,100.0,100.0,3048.0,407.71999999999997,2.88,404.84,2352,2344,HOUSE SHAPE PENCIL SHARPENER
16225,104.0,102.0,815.0,691.85,0.0,691.85,1946,1929,RATTLE SNAKE EGGS
16235,169.0,168.0,3104.0,702.96,0.21,702.75,1932,1917,RECYCLED PENCIL WITH RABBIT ERASER
16236,136.0,136.0,1438.0,320.09,0.0,320.09,2482,2471,KITTY PENCIL ERASERS
16237,297.0,290.0,4994.0,1048.56,12.6,1035.96,1593,1577,SLEEPING CAT ERASERS
16238,136.0,134.0,1398.0,322.09,0.0,322.09,2480,2468,PARTY TIME PENCIL ERASERS
16244B,2.0,2.0,7.0,7.85,0.0,7.85,3753,3744,MAXWELL 2 TONE BLUE 60 PAGE PHOTO A
16248B,7.0,7.0,13.0,16.25,0.0,16.25,3616,3604,BLUE HOLE PUNCH
16254,17.0,17.0,40.0,42.58,0.0,42.58,3350,3330,TRANSPARENT ACRYLIC TAPE DISPENSER
16258A,59.0,59.0,472.0,178.97,0.42,178.55,2779,2767,SWIRLY CIRCULAR RUBBERS IN BAG
16259,31.0,31.0,3380.0,326.56,8.64,317.92,2467,2477,PIECE OF CAMO STATIONERY SET
17001,1.0,1.0,72.0,20.88,0.0,20.88,3558,3545,HEAVENS SCENT FRAGRANCE OILS ASSTD
17003,242.0,239.0,23056.0,6036.39,172.8,5863.59,420,424,BROCADE RING PURSE
17007B,2.0,2.0,24.0,50.400000000000006,0.0,50.400000000000006,3295,3275,S/3 POT POURI CUSHIONS BLUE COLOURS
17011F,7.0,7.0,81.0,66.36000000000001,0.0,66.36000000000001,3192,3176,ORIGAMI SANDLEWOOD INCENSE+FLOWER
17012A,66.0,65.0,323.0,375.93,0.0,375.93,2394,2379,ORIGAMI VANILLA INCENSE/CANDLE SET
17012B,85.0,85.0,525.0,595.85,0.0,595.85,2073,2056,ORIGAMI JASMINE INCENSE/CANDLE SET
17012C,86.0,85.0,421.0,484.34999999999997,0.0,484.34999999999997,2235,2221,ORIGAMI LAVENDER INCENSE/CANDL SET
17012D,99.0,97.0,463.0,550.64,0.0,550.64,2146,2128,ORIGAMI ROSE INCENSE/CANDLE SET
17012E,11.0,10.0,68.0,74.64,0.0,74.64,3140,3127,ORIGAMI OPIUM INCENSE/CANDLE SET
17012F,94.0,94.0,448.0,530.6,0.0,530.6,2168,2154,ORIGAMI SANDLEWOOD INCENSE/CAND SET
17013D,13.0,13.0,535.0,267.82,0.0,267.82,2580,2568,ORIGAMI ROSE INCENSE IN TUBE
17014A,8.0,8.0,155.0,71.19,0.0,71.19,3157,3141,ORIGAMI VANILLA INCENSE CONES
17021,57.0,47.0,2427.0,643.14,0.0,643.14,2006,1989,NAMASTE SWAGAT INCENSE
17028J,1.0,1.0,6.0,2.52,0.0,2.52,3865,3852,INCENSE BAZAAR PEACH
17038,34.0,34.0,1525.0,158.06,0.0,158.06,2835,2822,PORCELAIN BUDAH INCENSE HOLDER
17084A,7.0,7.0,200.0,42.0,0.0,42.0,3355,3336,TRANQUILITY MASALA INCENSE
17084J,8.0,8.0,225.0,47.25,0.0,47.25,3323,3302,LOVE POTION MASALA INCENSE
17084N,101.0,101.0,1264.0,313.31,0.0,313.31,2502,2491,FAIRY DREAMS INCENSE
17084P,39.0,39.0,423.0,104.44,0.0,104.44,3024,3012,DRAGONS BLOOD INCENSE
17084R,27.0,27.0,4032.0,760.3199999999999,0.0,760.3199999999999,1861,1835,ASSORTED INCENSE PACK
17090A,10.0,10.0,109.0,107.44999999999999,0.0,107.44999999999999,3008,2997,LAVENDER INCENSE 40 CONES IN TIN
17090D,13.0,12.0,29.0,36.25,0.0,36.25,3414,3393,VANILLA INCENSE 40 CONES IN TIN
17091A,26.0,25.0,172.0,99.29,0.0,99.29,3040,3031,LAVENDER INCENSE IN TIN
17091J,99.0,95.0,2084.0,920.67,0.0,920.67,1701,1685,VANILLA INCENSE IN TIN
17096,24.0,24.0,2545.0,455.9800000000001,0.0,455.9800000000001,2271,2258,ASSORTED LAQUERED INCENSE HOLDERS
17107D,47.0,46.0,171.0,436.04999999999995,0.0,436.04999999999995,2305,2294,"FLOWER FAIRY,5 SUMMER B'DRAW LINERS"
17109D,5.0,5.0,61.0,32.349999999999994,0.0,32.349999999999994,3442,3424,FLOWER FAIRY INCENSE BOUQUET
17129F,57.0,57.0,588.0,553.8299999999999,1.7,552.1299999999999,2138,2123,BLUE GLASS GEMS IN BAG
17136A,20.0,17.0,404.0,33.75,0.0,33.75,3434,3414,BLUE STONES ON WIRE FOR CANDLE
17164B,10.0,9.0,29.0,12.18,0.0,12.18,3680,3670,ASS COL SMALL SAND GECKO P'WEIGHT
17165D,7.0,7.0,27.0,28.35,0.0,28.35,3481,3465,ASS COL LARGE SAND FROG P'WEIGHT
17174,3.0,3.0,9.0,3.7800000000000002,0.0,3.7800000000000002,3837,3824,ASSTD RASTA KEY-CHAINS
17191A,2.0,2.0,4.0,15.0,0.0,15.0,3633,3620,ROSE FLOWER CANDLE+INCENSE 16X16CM
18007,31.0,30.0,5884.0,395.61,0.0,395.61,2364,2353,ESSENTIAL BALM 3.5g TIN IN ENVELOPE
18094C,42.0,42.0,192.0,283.93,0.0,283.93,2543,2535,WHITE AND BLUE CERAMIC OIL BURNER
18097A,4.0,4.0,5.0,12.75,0.0,12.75,3670,3659,PINK TALL PORCELAIN T-LIGHT HOLDER
18097C,73.0,69.0,699.0,1601.21,571.8000000000001,1029.4099999999999,1247,1583,WHITE TALL PORCELAIN T-LIGHT HOLDER
18098C,51.0,49.0,213.0,658.75,0.0,658.75,1988,1970,PORCELAIN BUTTERFLY OIL BURNER
18098c,12.0,12.0,52.0,263.12,0.0,263.12,2594,2579,PORCELAIN BUTTERFLY OIL BURNER
20615,95.0,95.0,309.0,466.99,0.0,466.99,2256,2244,BLUE POLKADOT PASSPORT COVER
20616,71.0,71.0,194.0,243.53,0.0,243.53,2632,2617,CHERRY BLOSSOM PASSPORT COVER
20617,43.0,43.0,93.0,194.94,0.0,194.94,2735,2720,FIRST CLASS PASSPORT COVER
20618,76.0,76.0,148.0,286.39,0.0,286.39,2541,2532,QUEEN OF THE SKIES PASSPORT COVER
20619,99.0,99.0,262.0,439.65,0.0,439.65,2301,2288,TROPICAL PASSPORT COVER
20622,52.0,51.0,186.0,305.8,0.0,305.8,2512,2501,VIPPASSPORT COVER
20652,81.0,78.0,268.0,350.61,0.0,350.61,2438,2423,BLUE POLKADOT LUGGAGE TAG
20653,33.0,33.0,73.0,95.17999999999999,0.0,95.17999999999999,3060,3046,CHERRY BLOSSOM LUGGAGE TAG
20654,50.0,49.0,152.0,193.59,0.0,193.59,2738,2723,FIRST CLASS LUGGAGE TAG
20655,99.0,99.0,197.0,292.29,0.0,292.29,2528,2520,QUEEN OF SKIES LUGGAGE TAG
20657,33.0,33.0,73.0,105.91,0.0,105.91,3015,3004,TROPICAL LUGGAGE TAG
20658,108.0,105.0,434.0,653.36,15.0,638.36,1992,1993,RED RETROSPOT LUGGAGE TAG
20659,65.0,62.0,159.0,248.09,0.0,248.09,2619,2607,ECONOMY LUGGAGE TAG
20661,33.0,33.0,44.0,141.15,0.0,141.15,2890,2879,BLUE POLKADOT PURSE
20662,20.0,20.0,31.0,90.42,0.0,90.42,3074,3061,FIRST CLASS HOLIDAY PURSE
20663,20.0,20.0,25.0,66.26,0.0,66.26,3194,3178,QUEEN OF THE SKIES HOLIDAY PURSE
20664,18.0,18.0,32.0,81.66,0.0,81.66,3110,3095,TROPICAL HOLIDAY PURSE
20665,156.0,156.0,461.0,1546.2700000000002,0.0,1546.2700000000002,1274,1251,RED RETROSPOT PURSE
20666,17.0,17.0,30.0,41.53,0.0,41.53,3357,3339,ECONOMY HOLIDAY PURSE
20667,16.0,16.0,20.0,49.69,0.0,49.69,3304,3284,CHERRY BLOSSOM PURSE
20668,222.0,215.0,12979.0,1512.92,0.0,1512.92,1293,1273,DISCO BALL CHRISTMAS DECORATION
20669,101.0,96.0,304.0,447.34,0.0,447.34,2287,2277,RED HEART LUGGAGE TAG
20670,11.0,11.0,14.0,44.04,0.0,44.04,3338,3318,VIP HOLIDAY PURSE
20671,2.0,2.0,10.0,12.5,0.0,12.5,3675,3664,BLUE TEATIME PRINT BOWL
20674,208.0,205.0,1576.0,2032.48,7.5,2024.98,1052,1037,GREEN POLKADOT BOWL
20675,325.0,322.0,3121.0,3984.37,15.0,3969.37,625,614,BLUE POLKADOT BOWL
20676,456.0,448.0,5076.0,6441.06,27.5,6413.56,395,390,RED RETROSPOT BOWL
20677,339.0,333.0,3676.0,4749.84,6.25,4743.59,536,525,PINK POLKADOT BOWL
20678,1.0,1.0,4.0,6.6,0.0,6.6,3779,3769,LARGE BLACK DIAMANTE HAIRSLIDE
20679,327.0,326.0,1710.0,10021.42,53.550000000000004,9967.87,228,218,EDWARDIAN PARASOL RED
20681,47.0,46.0,140.0,506.96,6.5,500.46,2199,2196,PINK POLKADOT CHILDRENS UMBRELLA
20682,239.0,237.0,1241.0,4190.83,65.0,4125.83,596,592,RED RETROSPOT CHILDRENS UMBRELLA
20684,36.0,35.0,81.0,273.81,0.0,273.81,2561,2555,STRAWBERRY DREAM CHILDS UMBRELLA
20685,699.0,696.0,4092.0,28082.54,461.22,27621.32,39,36,DOORMAT RED RETROSPOT
20686,78.0,77.0,270.0,932.42,0.0,932.42,1688,1674,DOLLY MIXTURE CHILDREN'S UMBRELLA
20694,17.0,16.0,43.0,187.54,0.0,187.54,2755,2740,FLORAL PINK MONSTER
20695,4.0,4.0,5.0,21.25,0.0,21.25,3551,3538,FLORAL BLUE MONSTER
20696,30.0,30.0,54.0,230.81,0.0,230.81,2657,2642,FLORAL SOFT CAR TOY
20697,13.0,11.0,21.0,53.55,0.0,53.55,3274,3259,LITTLE GREEN MONSTER SOFT TOY
20698,9.0,8.0,17.0,43.349999999999994,0.0,43.349999999999994,3342,3322,LITTLE PINK MONSTER SOFT TOY
20699,41.0,41.0,97.0,266.03,0.0,266.03,2586,2573,MOUSEY LONG LEGS SOFT TOY
20700,54.0,54.0,73.0,345.17,0.0,345.17,2445,2432,GREEN CAT FLORAL CUSHION COVER
20701,18.0,18.0,25.0,100.97,0.0,100.97,3031,3020,PINK CAT FLORAL CUSHION COVER
20702,43.0,42.0,135.0,577.79,0.0,577.79,2096,2081,PINK PADDED MOBILE
20703,1.0,1.0,1.0,4.25,29.75,-25.5,3827,3915,BLUE PADDED SOFT MOBILE
20704,44.0,44.0,216.0,697.7,27.8,669.9000000000001,1937,1958,MR ROBOT SOFT TOY
20705,28.0,28.0,143.0,428.85,1.95,426.90000000000003,2313,2308,MRS ROBOT SOFT TOY
20707,149.0,149.0,464.0,468.39,1.25,467.14,2255,2243,CRAZY DAISY HEART DECORATION
20711,524.0,522.0,5007.0,11014.62,40.309999999999995,10974.310000000001,202,195,JUMBO BAG TOYS
20712,869.0,863.0,9773.0,22092.42,426.46000000000004,21665.96,77,74,JUMBO BAG WOODLAND ANIMALS
20713,667.0,657.0,11444.0,23030.96,431.43,22599.53,66,64,JUMBO BAG OWLS
20716,74.0,73.0,400.0,469.63,0.0,469.63,2254,2240,PARTY FOOD SHOPPER BAG
20717,418.0,412.0,2857.0,3564.48,27.5,3536.98,691,682,STRAWBERRY SHOPPER BAG
20718,581.0,575.0,4776.0,6613.04,42.989999999999995,6570.05,386,375,RED RETROSPOT SHOPPER BAG
20719,848.0,833.0,13308.0,16759.75,87.39999999999999,16672.35,117,113,WOODLAND CHARLOTTE BAG
20723,730.0,722.0,9798.0,12552.4,62.709999999999994,12489.69,168,162,STRAWBERRY CHARLOTTE BAG
20724,1047.0,1032.0,17765.0,21776.79,170.31,21606.48,79,75,RED RETROSPOT CHARLOTTE BAG
20725,1595.0,1565.0,19553.0,36042.01,854.6999999999999,35187.310000000005,20,19,LUNCH BAG RED RETROSPOT
20726,1041.0,1017.0,9933.0,18323.38,134.9,18188.48,102,95,LUNCH BAG WOODLAND
20727,1328.0,1273.0,12240.0,22421.21,202.20000000000002,22219.01,73,70,LUNCH BAG  BLACK SKULL.
20728,1174.0,1150.0,11817.0,21750.63,327.4999999999999,21423.13,80,77,LUNCH BAG CARS BLUE
20731,16.0,16.0,92.0,109.96,0.0,109.96,2999,2987,POSY CANDY BAG
20733,208.0,205.0,1236.0,958.06,216.0,742.06,1671,1860,GOLD MINI TAPE MEASURE
20734,27.0,26.0,158.0,271.21999999999997,0.0,271.21999999999997,2569,2562,SILVER MINI TAPE MEASURE
20735,112.0,112.0,623.0,625.8,0.0,625.8,2032,2013,BLACK MINI TAPE MEASURE
20748,34.0,34.0,57.0,751.17,0.0,751.17,1877,1849,KENSINGTON COFFEE SET
20749,388.0,383.0,1770.0,12614.17,63.60000000000001,12550.57,165,159,ASSORTED COLOUR MINI CASES
20750,387.0,385.0,1748.0,12642.93,47.7,12595.23,164,158,RED RETROSPOT MINI CASES
20751,224.0,198.0,1003.0,2108.7200000000003,2.1,2106.6200000000003,1025,1009,FUNKY WASHING UP GLOVES ASSORTED
20752,150.0,148.0,414.0,935.1500000000001,4.2,930.95,1687,1676,BLUE POLKADOT WASHING UP GLOVES
20754,308.0,304.0,1458.0,3090.96,2.1,3088.86,771,761,RETROSPOT RED WASHING UP GLOVES
20755,63.0,62.0,307.0,272.02,0.0,272.02,2567,2560,BLUE PAISLEY POCKET BOOK
20756,22.0,22.0,63.0,53.55,0.0,53.55,3274,3259,GREEN FERN POCKET BOOK
20757,36.0,33.0,167.0,144.29,0.0,144.29,2883,2870,RED DAISY POCKET BOOK
20758,45.0,42.0,162.0,137.7,0.0,137.7,2905,2889,ABSTRACT CIRCLES POCKET BOOK
20759,20.0,20.0,64.0,54.4,0.0,54.4,3266,3252,CHRYSANTHEMUM POCKET BOOK
20760,22.0,21.0,69.0,58.65,0.0,58.65,3239,3225,GARDEN PATH POCKET BOOK
20761,66.0,63.0,123.0,517.22,0.0,517.22,2189,2172,BLUE PAISLEY SKETCHBOOK
20762,56.0,56.0,106.0,420.08,0.0,420.08,2327,2317,GREEN FERN SKETCHBOOK
20763,27.0,27.0,73.0,205.04,0.0,205.04,2708,2699,DAISY SKETCHBOOK
20764,78.0,76.0,144.0,610.8100000000001,0.0,610.8100000000001,2052,2035,ABSTRACT CIRCLES SKETCHBOOK
20765,61.0,59.0,104.0,423.55,0.0,423.55,2323,2313,CHRYSANTHEMUM SKETCHBOOK
20766,60.0,57.0,124.0,501.07,0.0,501.07,2215,2195,GARDEN PATH SKETCHBOOK
20767,82.0,79.0,253.0,663.7099999999999,0.0,663.7099999999999,1981,1963,BLUE PAISLEY JOURNAL
20768,56.0,55.0,177.0,441.12,0.0,441.12,2298,2285,GREEN FERN JOURNAL
20769,34.0,34.0,80.0,217.55999999999997,0.0,217.55999999999997,2687,2674,DAISY JOURNAL
20770,73.0,72.0,185.0,449.8,0.0,449.8,2284,2274,ABSTRACT CIRCLE JOURNAL
20771,41.0,40.0,103.0,269.68,0.0,269.68,2575,2565,CHRYSANTHEMUM  JOURNAL
20772,65.0,65.0,247.0,621.1899999999999,2.55,618.64,2042,2026,GARDEN PATH JOURNAL
20773,24.0,23.0,56.0,92.39999999999999,0.0,92.39999999999999,3066,3054,BLUE PAISLEY NOTEBOOK
20774,45.0,44.0,86.0,141.23999999999998,0.0,141.23999999999998,2889,2877,GREEN FERN NOTEBOOK
20775,65.0,63.0,135.0,235.18999999999997,0.0,235.18999999999997,2646,2633,DAISY NOTEBOOK
20777,80.0,80.0,169.0,282.48999999999995,0.0,282.48999999999995,2547,2538,CHRYSANTHEMUM NOTEBOOK
20778,8.0,8.0,15.0,24.75,0.0,24.75,3522,3504,GARDEN PATH NOTEBOOK
20780,30.0,28.0,48.0,318.19,0.0,318.19,2490,2476,BLACK EAR MUFF HEADPHONES
20781,28.0,25.0,38.0,221.65,5.49,216.16,2677,2678,GOLD EAR MUFF HEADPHONES
20782,28.0,27.0,54.0,373.57,0.0,373.57,2398,2384,CAMOUFLAGE EAR MUFF HEADPHONES
20785,5.0,5.0,14.0,523.3000000000001,0.0,523.3000000000001,2182,2165,FUSCHIA RETRO BAR STOOL
20793,4.0,4.0,8.0,54.0,33.75,20.25,3268,3550,BLUE TILED TRAY
20794,28.0,27.0,99.0,282.78999999999996,22.95,259.84,2546,2587,BLUE  TILE HOOK
20795,11.0,11.0,49.0,113.05000000000001,12.6,100.45000000000002,2989,3026,LARGE BLUE PROVENCAL CERAMIC BALL
20796,9.0,9.0,62.0,103.93999999999998,0.0,103.93999999999998,3025,3013,SMALL BLUE PROVENCAL CERAMIC BALL
20798,5.0,5.0,36.0,75.60000000000001,6.6,69.00000000000001,3135,3158,CLEAR MILKSHAKE GLASS
20801,82.0,81.0,1013.0,1157.8,24.0,1133.8,1500,1502,LARGE PINK GLASS SUNDAE DISH
20802,63.0,63.0,739.0,984.4699999999999,20.07,964.3999999999999,1647,1644,SMALL GLASS SUNDAE DISH CLEAR
20803,41.0,40.0,945.0,478.72,28.56,450.16,2245,2272,SMALL PINK GLASS SUNDAE DISH
20816,2.0,2.0,8.0,15.6,0.0,15.6,3624,3611,GOLD FLOWER CUSHION COVER
20818,5.0,5.0,15.0,42.7,0.0,42.7,3349,3329,GOLD TEDDY BEAR
20819,27.0,27.0,64.0,244.72,0.0,244.72,2630,2615,SILVER TEDDY BEAR
20820,2.0,2.0,5.0,24.75,0.0,24.75,3522,3504,SILVER LOOKING MIRROR
20821,6.0,6.0,17.0,84.15,59.400000000000006,24.75,3097,3504,GOLDIE LOOKING MIRROR
20823,9.0,8.0,168.0,132.72,0.0,132.72,2917,2903,GOLD WINE GOBLET
20826,8.0,8.0,276.0,128.4,0.0,128.4,2933,2922,SILVER APERITIF GLASS
20827,2.0,2.0,88.0,34.32,0.0,34.32,3428,3408,GOLD APERITIF GLASS
20828,250.0,241.0,1130.0,3079.88,0.0,3079.88,773,763,GLITTER BUTTERFLY CLIPS
20829,200.0,194.0,1315.0,2725.05,205.26,2519.79,849,886,GLITTER HANGING BUTTERFLY STRING
20830,37.0,37.0,136.0,409.83,2.1,407.72999999999996,2350,2338,SILVER PHOTO FRAME
20831,39.0,39.0,216.0,466.53000000000003,0.0,466.53000000000003,2257,2245,GOLD PHOTO FRAME
20832,84.0,82.0,1091.0,582.03,0.85,581.18,2092,2075,RED FLOCK LOVE HEART PHOTO FRAME
20835,8.0,8.0,67.0,65.8,0.0,65.8,3196,3180,FRENCH LATTICE CUSHION COVER
20836,17.0,17.0,170.0,141.1,9.959999999999999,131.14,2892,2909,FRENCH PAISLEY CUSHION COVER
20837,15.0,15.0,141.0,142.47,0.0,142.47,2887,2874,FRENCH FLORAL CUSHION COVER
20838,57.0,57.0,385.0,461.45,10.2,451.25,2263,2269,FRENCH LATTICE CUSHION COVER
20839,105.0,105.0,575.0,840.4399999999999,0.0,840.4399999999999,1773,1755,FRENCH PAISLEY CUSHION COVER
20840,75.0,74.0,533.0,632.3199999999999,10.2,622.1199999999999,2020,2019,FRENCH FLORAL CUSHION COVER
20845,11.0,11.0,19.0,120.64999999999999,0.0,120.64999999999999,2958,2948,ZINC HEART LATTICE 2 WALL PLANTER
20846,90.0,88.0,717.0,958.57,0.0,958.57,1669,1649,ZINC HEART LATTICE T-LIGHT HOLDER
20847,18.0,18.0,52.0,217.57999999999998,0.0,217.57999999999998,2686,2673,ZINC HEART LATTICE CHARGER LARGE
20848,8.0,8.0,21.0,61.95,0.0,61.95,3221,3204,ZINC HEART LATTICE CHARGER SMALL
20851,7.0,7.0,9.0,53.550000000000004,0.0,53.550000000000004,3273,3258,ZINC HEART LATTICE TRAY OVAL
20854,42.0,41.0,244.0,386.32,23.099999999999998,363.21999999999997,2380,2396,BLUE PATCH PURSE PINK HEART
20856,61.0,61.0,216.0,357.28999999999996,16.5,340.78999999999996,2421,2440,DENIM PATCH PURSE PINK BUTTERFLY
20857,8.0,8.0,32.0,52.8,24.75,28.049999999999997,3280,3466,BLUE ROSE PATCH PURSE PINK BUTTERFL
20860,1.0,1.0,1.0,2.1,0.0,2.1,3878,3866,GOLD COSMETICS BAG WITH BUTTERFLY
20861,2.0,2.0,2.0,4.2,0.0,4.2,3830,3817,GOLD COSMETIC BAG PINK STAR
20866,91.0,90.0,598.0,710.95,127.2,583.75,1922,2072,BLUE ROSE FABRIC MIRROR
20867,62.0,62.0,331.0,393.46999999999997,0.0,393.46999999999997,2369,2356,PINK ROSE FABRIC MIRROR
20868,46.0,46.0,458.0,219.35000000000002,0.0,219.35000000000002,2681,2668,SILVER FABRIC MIRROR
20869,30.0,29.0,180.0,86.76,0.0,86.76,3091,3080,GOLD FABRIC MIRROR
20871,1.0,1.0,2.0,8.42,0.0,8.42,3747,3738,OPULENT VELVET SET/3 CANDLES
20878,8.0,7.0,25.0,31.25,0.0,31.25,3445,3431,SET/9 CHRISTMAS T-LIGHTS SCENTED
20886,105.0,103.0,486.0,988.18,11.7,976.4799999999999,1644,1634,BOX OF 9 PEBBLE CANDLES
20892,3.0,3.0,4.0,89.22,0.0,89.22,3082,3069,SET/3 TALL GLASS CANDLE HOLDER PINK
20893,27.0,26.0,269.0,611.57,75.60000000000001,535.97,2051,2146,HANGING BAUBLE T-LIGHT HOLDER SMALL
20894,15.0,15.0,33.0,108.71000000000001,0.0,108.71000000000001,3005,2994,HANGING BAUBLE T-LIGHT HOLDER LARGE
20897,24.0,24.0,107.0,298.27,35.400000000000006,262.87,2522,2580,VINTAGE NOTEBOOK PARIS DAYS
20898,14.0,13.0,38.0,105.73,17.700000000000003,88.03,3016,3075,VINTAGE NOTEBOOK TRAVELOGUE
20901,16.0,15.0,20.0,91.48,12.7,78.78,3073,3106,VINTAGE KEEPSAKE BOX PINK FLOWER
20902,56.0,56.0,112.0,686.86,0.0,686.86,1955,1935,VINTAGE KEEPSAKE BOX PARIS DAYS
20903,56.0,56.0,82.0,441.89,0.0,441.89,2297,2284,VINTAGE KEEPSAKE BOX TRAVELOGUE
20906,2.0,2.0,3.0,8.850000000000001,0.0,8.850000000000001,3728,3719,VINTAGE NOTEBOOK BEAUTY GIRL
20910,3.0,3.0,8.0,50.8,0.0,50.8,3293,3273,VINTAGE PHOTO ALBUM PARIS DAYS
20914,903.0,880.0,6372.0,18390.2,300.85,18089.350000000002,101,96,SET/5 RED RETROSPOT LID GLASS BOWLS
20931,68.0,68.0,299.0,1060.9,45.050000000000004,1015.8500000000001,1582,1597,BLUE POT PLANT CANDLE
20932,35.0,35.0,204.0,628.7900000000001,29.5,599.2900000000001,2027,2050,PINK POT PLANT CANDLE
20933,9.0,9.0,23.0,71.05,0.0,71.05,3158,3143,YELLOW POT PLANT CANDLE
20934,32.0,32.0,68.0,424.46000000000004,75.30000000000001,349.16,2321,2427,SET/3 POT PLANT CANDLES
20935,4.0,4.0,6.0,17.700000000000003,0.0,17.700000000000003,3587,3575,ROUND CACTUS CANDLE
20936,34.0,34.0,100.0,319.66,2.95,316.71000000000004,2484,2482,FORKED CACTUS CANDLE
20941,20.0,19.0,64.0,83.78,2.5,81.28,3099,3097,FROG CANDLE
20954,2.0,2.0,2.0,16.94,0.0,16.94,3603,3591,*USB Office Mirror Ball
20956,103.0,101.0,824.0,1149.02,6.25,1142.77,1508,1493,PORCELAIN T-LIGHT HOLDERS ASSORTED
20957,0.0,0.0,0.0,0.0,1.45,-1.45,3907,3903,Description unavailable
20960,10.0,10.0,29.0,72.49,0.0,72.49,3153,3136,WATERMELON BATH SPONGE
20961,231.0,228.0,1235.0,1749.18,62.5,1686.68,1169,1178,STRAWBERRY BATH SPONGE
20963,233.0,229.0,1338.0,1913.67,0.0,1913.67,1103,1077,APPLE BATH SPONGE
20964,1.0,1.0,2.0,5.1,0.0,5.1,3802,3791,POLYESTER FILLER PAD 60x40cm
20966,97.0,97.0,719.0,1022.8,0.0,1022.8,1615,1590,SANDWICH BATH SPONGE
20967,84.0,83.0,266.0,1031.69,0.0,1031.69,1607,1581,GREY FLORAL FELTCRAFT SHOULDER BAG
20969,308.0,305.0,1962.0,7236.93,980.07,6256.860000000001,330,399,RED FLORAL FELTCRAFT SHOULDER BAG
20970,264.0,262.0,1117.0,4235.88,11.25,4224.63,588,580,PINK FLORAL FELTCRAFT SHOULDER BAG
20971,533.0,522.0,11001.0,13838.1,2778.77,11059.33,147,192,PINK BLUE FELT CRAFT TRINKET BOX
20972,631.0,616.0,7362.0,9159.31,30.0,9129.31,258,249,PINK CREAM FELT CRAFT TRINKET BOX
20973,370.0,355.0,4506.0,3216.1200000000003,2.6,3213.5200000000004,756,744,12 PENCIL SMALL TUBE WOODLAND
20974,367.0,355.0,6983.0,4531.9800000000005,367.90000000000003,4164.080000000001,561,587,12 PENCILS SMALL TUBE SKULL
20975,370.0,362.0,6640.0,4387.820000000001,78.0,4309.820000000001,575,572,12 PENCILS SMALL TUBE RED RETROSPOT
20977,188.0,185.0,1741.0,2331.14,93.75,2237.39,948,959,36 PENCILS TUBE WOODLAND
20978,269.0,263.0,1799.0,2400.05,20.0,2380.05,926,919,36 PENCILS TUBE SKULLS
20979,329.0,325.0,3739.0,4729.9800000000005,200.0,4529.9800000000005,539,553,36 PENCILS TUBE RED RETROSPOT
20980,20.0,20.0,79.0,76.91,11.25,65.66,3126,3181,36 PENCILS TUBE POSY
20981,252.0,249.0,1976.0,1742.27,16.15,1726.12,1171,1159,12 PENCILS TALL TUBE WOODLAND
20982,263.0,256.0,2156.0,1884.9199999999998,3.4,1881.5199999999998,1115,1095,12 PENCILS TALL TUBE SKULLS
20983,284.0,268.0,2746.0,2382.46,5.949999999999999,2376.51,933,921,12 PENCILS TALL TUBE RED RETROSPOT
20984,179.0,170.0,3812.0,1173.8999999999999,6.959999999999999,1166.9399999999998,1485,1470,12 PENCILS TALL TUBE POSY
20985,140.0,131.0,1183.0,1545.59,19.43,1526.1599999999999,1275,1262,HEART CALCULATOR
20986,118.0,113.0,657.0,833.49,0.0,833.49,1779,1760,BLUE CALCULATOR RULER
20992,294.0,277.0,4451.0,1965.81,0.0,1965.81,1086,1059,JAZZ HEARTS PURSE NOTEBOOK
20996,229.0,225.0,3194.0,727.46,0.0,727.46,1905,1884,JAZZ HEARTS ADDRESS BOOK
20997,34.0,34.0,59.0,257.61,0.0,257.61,2602,2592,ROSE DU SUD CUSHION COVER
20998,69.0,69.0,185.0,505.20000000000005,0.0,505.20000000000005,2202,2189,ROSE DU SUD OVEN GLOVE
21000,53.0,52.0,97.0,365.09,0.0,365.09,2408,2394,ROSE DU SUD COSMETICS BAG
21001,51.0,50.0,74.0,354.14,0.0,354.14,2429,2413,ROSE DU SUD WASHBAG
21002,66.0,66.0,125.0,428.66,0.0,428.66,2314,2304,ROSE DU SUD DRAWSTRING BAG
21003,46.0,46.0,78.0,460.58,0.0,460.58,2265,2252,ROSE DU SUD CUSHION COVER
21009,1.0,1.0,1.0,1.25,0.0,1.25,3892,3881,ETCHED GLASS STAR TREE DECORATION
21011,3.0,3.0,20.0,28.999999999999996,0.0,28.999999999999996,3475,3460,GLITTER SNOW PEAR TREE DECORATION
21012,202.0,199.0,1171.0,2618.25,6.300000000000001,2611.95,878,864,ANTIQUE ALL GLASS CANDLESTICK
21014,123.0,119.0,1385.0,598.8199999999999,0.0,598.8199999999999,2070,2051,SWISS CHALET TREE DECORATION
21015,144.0,142.0,1485.0,590.13,1.16,588.97,2079,2063,DARK BIRD HOUSE TREE DECORATION
21018,7.0,6.0,24.0,22.06,0.0,22.06,3547,3532,BIRD BOX CHRISTMAS TREE DECORATION
21025,56.0,56.0,174.0,233.52,0.0,233.52,2650,2636,SPACE FROG
21026,71.0,68.0,258.0,319.5,0.0,319.5,2485,2473,SPACE OWL
21027,44.0,42.0,169.0,190.29,0.0,190.29,2748,2731,NINJA RABBIT PINK
21028,58.0,58.0,187.0,239.24,0.0,239.24,2640,2626,NINJA RABBIT BLACK
21030,35.0,33.0,141.0,172.2,0.0,172.2,2797,2779,SPACE CADET RED
21031,20.0,19.0,53.0,65.49,0.0,65.49,3197,3182,SPACE CADET BLACK
21032,31.0,30.0,98.0,119.03,0.0,119.03,2968,2958,SPACE CADET WHITE
21033,301.0,300.0,1933.0,4853.81,1.79,4852.02,523,511,JUMBO BAG CHARLIE AND LOLA TOYS
21034,964.0,871.0,1939.0,1842.05,19.95,1822.1,1133,1120,REX CASH+CARRY JUMBO SHOPPER
21035,401.0,394.0,2603.0,8549.85,550.0,7999.85,279,286,SET/2 RED RETROSPOT TEA TOWELS
21038,23.0,23.0,77.0,86.75,5.9,80.85,3092,3099,SET/4 MODERN VINTAGE COTTON NAPKINS
21039,90.0,90.0,523.0,1353.6899999999998,30.599999999999998,1323.09,1388,1380,RED RETROSPOT SHOPPING BAG
21040,8.0,8.0,22.0,29.7,0.0,29.7,3464,3449,MODERN VINTAGE COTTON SHOPPING BAG
21041,263.0,255.0,921.0,3909.63,8.850000000000001,3900.78,633,622,RED RETROSPOT OVEN GLOVE DOUBLE
21042,135.0,131.0,335.0,2205.4700000000003,34.400000000000006,2171.07,986,978,RED RETROSPOT APRON
21043,91.0,90.0,494.0,1143.76,0.0,1143.76,1512,1491,APRON MODERN VINTAGE COTTON
21051,51.0,51.0,192.0,377.2,0.0,377.2,2390,2376,RIBBONS PURSE
21054,29.0,29.0,70.0,634.53,0.0,634.53,2015,1998,NURSE'S BAG SOFT TOY
21055,107.0,105.0,180.0,1782.54,53.699999999999996,1728.84,1153,1156,TOOL BOX SOFT TOY
21056,72.0,72.0,184.0,1765.3999999999999,17.9,1747.4999999999998,1160,1147,DOCTOR'S BAG SOFT TOY
21058,127.0,122.0,1157.0,968.2099999999999,10.2,958.0099999999999,1660,1652,PARTY INVITES WOODLAND
21059,94.0,94.0,611.0,528.2299999999999,10.2,518.0299999999999,2175,2171,PARTY INVITES DINOSAURS
21060,71.0,71.0,405.0,359.28999999999996,0.0,359.28999999999996,2418,2404,PARTY INVITES BALLOON GIRL
21061,83.0,83.0,488.0,451.7,0.0,451.7,2279,2266,PARTY INVITES FOOTBALL
21062,75.0,74.0,539.0,458.22999999999996,0.0,458.22999999999996,2268,2255,PARTY INVITES SPACEMAN
21063,102.0,102.0,528.0,458.31,0.0,458.31,2267,2254,PARTY INVITES JAZZ HEARTS
21064,107.0,101.0,301.0,1301.55,0.0,1301.55,1418,1397,BOOM BOX SPEAKER BOYS
21065,94.0,90.0,564.0,1172.48,0.0,1172.48,1488,1466,BOOM BOX SPEAKER GIRLS
21066,55.0,54.0,703.0,694.72,15.0,679.72,1943,1943,VINTAGE RED MUG
21067,79.0,76.0,319.0,506.65,29.380000000000003,477.27,2200,2232,VINTAGE RED TEATIME MUG
21068,199.0,198.0,1638.0,1890.33,45.660000000000004,1844.6699999999998,1111,1106,VINTAGE BILLBOARD LOVE/HATE MUG
21069,87.0,86.0,1950.0,2251.77,743.0600000000001,1508.71,970,1275,VINTAGE BILLBOARD TEA MUG
21070,109.0,107.0,1107.0,1186.23,0.0,1186.23,1478,1456,VINTAGE BILLBOARD MUG
21071,180.0,177.0,995.0,1385.28,6.36,1378.92,1372,1345,VINTAGE BILLBOARD DRINK ME MUG
21078,318.0,313.0,2780.0,2540.39,0.0,2540.39,896,880,SET/20 STRAWBERRY PAPER NAPKINS
21080,1012.0,986.0,13210.0,11319.36,14.45,11304.91,195,184,SET/20 RED RETROSPOT PAPER NAPKINS
21082,25.0,25.0,88.0,143.44,0.0,143.44,2886,2873,SET/20 FRUIT SALAD PAPER NAPKINS
21084,184.0,181.0,2610.0,773.14,4.5600000000000005,768.58,1842,1823,SET/6 COLLAGE PAPER CUPS
21086,439.0,428.0,7137.0,4861.900000000001,0.0,4861.900000000001,522,508,SET/6 RED SPOTTY PAPER CUPS
21087,16.0,16.0,141.0,74.57000000000001,0.0,74.57000000000001,3144,3130,SET/6 POSIES PAPER CUPS
21088,103.0,103.0,1678.0,428.28000000000003,2.2800000000000002,426.00000000000006,2315,2310,SET/6 FRUIT SALAD PAPER CUPS
21089,25.0,25.0,233.0,48.99,0.0,48.99,3309,3288,SET/6 GREEN SPRING PAPER CUPS
21090,220.0,217.0,2421.0,1278.23,14.04,1264.19,1432,1419,SET/6 COLLAGE PAPER PLATES
21094,532.0,527.0,8758.0,6933.259999999999,0.0,6933.259999999999,359,342,SET/6 RED SPOTTY PAPER PLATES
21095,14.0,14.0,125.0,118.72999999999999,0.0,118.72999999999999,2971,2961,SET/6 POSIES PAPER PLATES
21096,105.0,105.0,1259.0,581.09,0.0,581.09,2094,2077,SET/6 FRUIT SALAD  PAPER PLATES
21098,269.0,248.0,3731.0,5093.76,41.910000000000004,5051.85,494,483,CHRISTMAS TOILET ROLL
21100,27.0,27.0,65.0,162.20999999999998,0.0,162.20999999999998,2823,2813,CHARLIE AND LOLA CHARLOTTE BAG
21106,54.0,53.0,237.0,702.51,0.0,702.51,1933,1918,CREAM SLICE FLANNEL CHOCOLATE SPOT
21107,101.0,97.0,904.0,2501.56,0.0,2501.56,906,890,CREAM SLICE FLANNEL PINK SPOT
21108,267.0,262.0,10253.0,18069.280000000002,6591.420000000001,11477.86,104,179,FAIRY CAKE FLANNEL ASSORTED COLOUR
21109,117.0,112.0,937.0,2765.15,0.0,2765.15,835,817,LARGE CAKE TOWEL CHOCOLATE SPOTS
21110,136.0,134.0,1106.0,3822.45,13.5,3808.95,650,639,LARGE CAKE TOWEL PINK SPOTS
21111,96.0,94.0,901.0,1652.27,0.0,1652.27,1213,1196,"SWISS ROLL TOWEL, CHOCOLATE  SPOTS"
21112,82.0,82.0,1359.0,2885.13,0.0,2885.13,813,797,"SWISS ROLL TOWEL, PINK  SPOTS"
21114,143.0,138.0,1366.0,1809.33,12.5,1796.83,1145,1132,LAVENDER SCENTED FABRIC HEART
21115,166.0,162.0,566.0,3174.84,0.0,3174.84,761,751,ROSE CARAVAN DOORSTOP
21116,252.0,251.0,695.0,4051.79,0.0,4051.79,613,603,OWL DOORSTOP
21117,17.0,14.0,115.0,149.25,0.0,149.25,2866,2854,BLOND DOLL DOORSTOP
21120,1.0,1.0,1.0,16.98,0.0,16.98,3602,3590,*Boombox Ipod Classic
21121,388.0,379.0,6634.0,8033.85,120.0,7913.85,297,289,SET/10 RED POLKADOT PARTY CANDLES
21122,355.0,344.0,5331.0,6496.04,61.25,6434.79,389,386,SET/10 PINK POLKADOT PARTY CANDLES
21123,159.0,154.0,1145.0,1383.34,30.0,1353.34,1374,1359,SET/10 IVORY POLKADOT PARTY CANDLES
21124,246.0,240.0,4015.0,4868.05,61.25,4806.8,520,519,SET/10 BLUE POLKADOT PARTY CANDLES
21125,107.0,103.0,660.0,834.73,2.5,832.23,1778,1762,SET 6 FOOTBALL CELEBRATION CANDLES
21126,128.0,126.0,593.0,750.2,0.0,750.2,1878,1850,SET OF 6 GIRLS CELEBRATION CANDLES
21128,36.0,36.0,68.0,546.6,0.0,546.6,2152,2136,GOLD FISHING GNOME
21129,27.0,27.0,52.0,419.52000000000004,13.9,405.62000000000006,2329,2341,SILVER FISHING GNOME
21131,28.0,28.0,106.0,398.02,0.0,398.02,2362,2351,GOLD STANDING GNOME
21132,22.0,22.0,44.0,217.35999999999999,0.0,217.35999999999999,2688,2675,SILVER STANDING GNOME
21135,183.0,177.0,2870.0,3207.69,128.72,3078.9700000000003,758,764,VICTORIAN  METAL POSTCARD SPRING
21136,380.0,370.0,4709.0,7830.32,15.209999999999999,7815.11,304,296,PAINTED METAL PEARS ASSORTED
21137,379.0,375.0,11656.0,40652.13,55.17,40596.96,16,14,BLACK RECORD COVER FRAME
21143,39.0,36.0,328.0,709.18,3.9,705.28,1926,1913,ANTIQUE GLASS HEART DECORATION
21144,2.0,2.0,5.0,16.8,4.5600000000000005,12.24,3608,3669,PINK POODLE HANGING DECORATION
21145,8.0,8.0,122.0,152.5,0.0,152.5,2850,2836,ANTIQUE GLASS PLACE SETTING
21147,77.0,76.0,203.0,415.77,0.0,415.77,2337,2325,JINGLE BELLS TREE DECORATION
21154,459.0,451.0,4035.0,6321.76,227.0,6094.76,407,404,RED RETROSPOT OVEN GLOVE
21155,493.0,485.0,3157.0,9301.4,510.6000000000001,8790.8,252,263,RED RETROSPOT PEG BAG
21156,361.0,358.0,3171.0,6093.05,76.05,6017.0,415,409,RETROSPOT CHILDRENS APRON
21157,35.0,34.0,79.0,227.6,0.0,227.6,2666,2650,RED RETROSPOT WASHBAG
21158,179.0,170.0,1474.0,783.8199999999999,9.36,774.4599999999999,1825,1816,MOODY GIRL DOOR HANGER
21159,125.0,124.0,1127.0,602.18,0.0,602.18,2066,2047,MOODY BOY  DOOR HANGER
21160,1.0,1.0,1.0,3.36,0.0,3.36,3851,3838,KEEP OUT GIRLS DOOR HANGER
21161,46.0,43.0,144.0,231.36999999999998,0.0,231.36999999999998,2656,2641,KEEP OUT BOYS DOOR HANGER
21162,165.0,162.0,1465.0,794.15,0.0,794.15,1815,1788,TOXIC AREA  DOOR HANGER
21163,136.0,127.0,1201.0,684.62,1.25,683.37,1957,1938,DO NOT TOUCH MY STUFF DOOR HANGER
21164,286.0,282.0,1768.0,5161.88,17.700000000000003,5144.18,488,475,HOME SWEET HOME METAL SIGN
21165,457.0,449.0,4156.0,6939.08,20.28,6918.8,358,343,BEWARE OF THE CAT METAL SIGN
21166,734.0,723.0,10364.0,20957.64,161.1,20796.54,87,83,COOK WITH WINE METAL SIGN
21167,67.0,67.0,1432.0,337.14,10.5,326.64,2456,2454,WHITE SAGE INCENSE
21169,464.0,450.0,4424.0,7320.36,29.220000000000002,7291.139999999999,328,322,YOU'RE CONFUSING ME METAL SIGN
21171,73.0,73.0,438.0,613.14,0.0,613.14,2048,2032,BATHROOM METAL SIGN
21172,479.0,467.0,3490.0,5345.88,18.849999999999998,5327.03,472,465,PARTY METAL SIGN
21174,547.0,538.0,4179.0,9413.82,0.0,9413.82,249,237,POTTERING IN THE SHED METAL SIGN
21175,818.0,809.0,12225.0,27074.07,3775.33,23298.739999999998,42,58,GIN + TONIC DIET METAL SIGN
21179,274.0,266.0,1942.0,1315.43,4.68,1310.75,1410,1392,NO JUNK MAIL METAL SIGN
21181,865.0,845.0,12305.0,25290.58,169.7,25120.88,50,47,PLEASE ONE PERSON METAL SIGN
21186,1.0,1.0,2.0,6.72,0.0,6.72,3774,3764,WHITE DOVE HONEYCOMB PAPER GARLAND
21187,50.0,48.0,371.0,651.75,0.0,651.75,1994,1979,WHITE BELL HONEYCOMB PAPER GARLAND
21188,51.0,50.0,326.0,1021.9000000000001,0.0,1021.9000000000001,1616,1591,3D HEARTS  HONEYCOMB PAPER GARLAND
21189,73.0,72.0,355.0,888.67,0.0,888.67,1733,1712,WHITE HONEYCOMB PAPER GARLAND
21190,7.0,7.0,168.0,245.20000000000002,72.5,172.70000000000002,2629,2777,PINK HEARTS PAPER GARLAND
21191,95.0,95.0,562.0,1451.82,0.0,1451.82,1331,1306,LARGE WHITE HONEYCOMB PAPER BELL
21192,92.0,88.0,1093.0,1924.9399999999998,0.0,1924.9399999999998,1099,1073,WHITE BELL HONEYCOMB PAPER
21194,67.0,65.0,499.0,558.07,6.5,551.57,2131,2125,PINK  HONEYCOMB PAPER FAN
21195,81.0,80.0,693.0,1308.56,0.0,1308.56,1415,1393,PINK  HONEYCOMB PAPER BALL
21196,14.0,13.0,108.0,189.67999999999998,0.0,189.67999999999998,2750,2733,ROUND WHITE CONFETTI IN TUBE
21197,27.0,27.0,284.0,382.9599999999999,34.65,348.30999999999995,2382,2430,MULTICOLOUR  CONFETTI IN TUBE
21198,72.0,71.0,1029.0,1008.4699999999999,59.75999999999999,948.7099999999999,1626,1658,WHITE HEART CONFETTI IN TUBE
21199,79.0,78.0,966.0,888.3299999999999,20.16,868.17,1734,1736,PINK  HEART CONFETTI IN TUBE
21200,75.0,75.0,1119.0,1531.1399999999999,0.0,1531.1399999999999,1286,1259,MULTICOLOUR HONEYCOMB PAPER GARLAND
21201,104.0,101.0,1240.0,2987.82,2.55,2985.27,792,778,TROPICAL  HONEYCOMB PAPER GARLAND
21202,26.0,25.0,475.0,487.11,0.0,487.11,2231,2217,DOLLY HONEYCOMB GARLAND
21204,85.0,85.0,499.0,868.4399999999999,0.0,868.4399999999999,1754,1735,DAISIES  HONEYCOMB GARLAND
21205,71.0,68.0,253.0,677.1899999999999,51.0,626.1899999999999,1964,2011,MULTICOLOUR 3D BALLS GARLAND
21206,111.0,109.0,1290.0,1610.9199999999998,3.3,1607.62,1237,1224,STRAWBERRY HONEYCOMB  GARLAND
21207,134.0,132.0,1068.0,1686.4999999999998,0.0,1686.4999999999998,1196,1179,SKULL AND CROSSBONES  GARLAND
21208,84.0,83.0,940.0,697.77,15.989999999999998,681.78,1936,1941,PASTEL COLOUR HONEYCOMB FAN
21209,89.0,89.0,1224.0,886.24,8.330000000000002,877.91,1736,1725,MULTICOLOUR HONEYCOMB FAN
21210,457.0,453.0,5812.0,8374.189999999999,173.65,8200.539999999999,287,281,SET OF 72 RETROSPOT PAPER  DOILIES
21211,105.0,103.0,884.0,1271.52,0.0,1271.52,1436,1414,SET OF 72 SKULL PAPER  DOILIES
21212,1370.0,1320.0,36419.0,21259.100000000002,199.38000000000002,21059.72,85,81,PACK OF 72 RETROSPOT CAKE CASES
21213,677.0,663.0,15176.0,8418.44,26.400000000000002,8392.04,286,277,PACK OF 72 SKULL CAKE CASES
21215,128.0,124.0,1089.0,745.45,0.0,745.45,1883,1858,IVORY PAPER CUP CAKE CASES
21216,439.0,430.0,2133.0,11407.56,78.50000000000001,11329.06,192,183,"SET 3 RETROSPOT TEA,COFFEE,SUGAR"
21217,345.0,344.0,1089.0,11532.39,89.55000000000001,11442.84,188,180,RED RETROSPOT ROUND CAKE TINS
21218,398.0,394.0,2433.0,10116.49,165.25,9951.24,222,220,RED SPOTTY BISCUIT TIN
21219,90.0,89.0,448.0,561.84,0.0,561.84,2122,2107,SET/4 BADGES BALLOON GIRL
21220,90.0,89.0,348.0,457.51,0.0,457.51,2270,2257,SET/4 BADGES DOGS
21221,54.0,54.0,261.0,340.22,0.0,340.22,2453,2441,SET/4 BADGES CUTE CREATURES
21222,76.0,73.0,269.0,353.19,0.0,353.19,2435,2419,SET/4 BADGES BEETLES
21224,167.0,165.0,914.0,1080.0,15.0,1065.0,1566,1555,SET/4 SKULL BADGES
21226,21.0,20.0,94.0,81.8,0.0,81.8,3109,3094,POCKET MIRROR WOODLAND
21228,2.0,2.0,5.0,6.25,0.0,6.25,3784,3774,"POCKET MIRROR ""GLAMOROUS"""
21231,514.0,509.0,6063.0,7628.530000000001,188.07999999999998,7440.450000000001,316,315,SWEETHEART CERAMIC TRINKET BOX
21232,842.0,831.0,11854.0,16263.800000000001,443.2500000000001,15820.550000000001,123,122,STRAWBERRY CERAMIC TRINKET BOX
21238,391.0,387.0,3969.0,3488.44,43.22,3445.2200000000003,703,701,RED RETROSPOT CUP
21239,311.0,307.0,3018.0,2709.04,17.85,2691.19,855,841,PINK  POLKADOT CUP
21240,329.0,325.0,3573.0,3112.81,30.340000000000003,3082.47,770,762,BLUE POLKADOT CUP
21242,307.0,304.0,3376.0,5704.78,59.150000000000006,5645.63,446,439,RED RETROSPOT PLATE
21243,211.0,210.0,2285.0,3827.16,13.52,3813.64,647,638,PINK  POLKADOT PLATE
21244,197.0,196.0,2282.0,3789.3199999999997,25.349999999999998,3763.97,654,644,BLUE POLKADOT PLATE
21245,131.0,128.0,1078.0,1792.27,0.0,1792.27,1150,1134,GREEN POLKADOT PLATE
21246,96.0,96.0,286.0,1336.78,9.9,1326.8799999999999,1400,1378,RED RETROSPOT BIG BOWL
21248,66.0,66.0,205.0,330.71999999999997,1.45,329.27,2465,2452,DOOR HANGER  MUM + DADS ROOM
21249,119.0,119.0,724.0,2160.0,0.0,2160.0,1003,983,WOODLAND  HEIGHT CHART STICKERS
21250,20.0,20.0,95.0,274.37,0.0,274.37,2560,2554,SET OF SKULL WALL STICKERS
21251,46.0,46.0,182.0,568.98,0.0,568.98,2110,2093,DINOSAUR HEIGHT CHART STICKER SET
21253,63.0,62.0,135.0,593.37,0.0,593.37,2076,2059,SET OF PICTURE FRAME  STICKERS
21257,263.0,261.0,689.0,6909.37,88.4,6820.97,363,352,VICTORIAN SEWING BOX MEDIUM
21258,163.0,163.0,532.0,7674.799999999999,679.75,6995.049999999999,312,337,VICTORIAN SEWING BOX LARGE
21259,287.0,285.0,1184.0,7106.950000000001,92.2,7014.750000000001,342,335,VICTORIAN SEWING BOX SMALL
21260,168.0,166.0,1161.0,3722.23,139.75,3582.48,662,673,FIRST AID TIN
21261,45.0,45.0,187.0,672.09,0.0,672.09,1972,1955,GREEN GOOSE FEATHER CHRISTMAS TREE
21262,80.0,78.0,335.0,1242.0600000000002,56.74999999999999,1185.3100000000002,1447,1457,WHITE GOOSE FEATHER CHRISTMAS TREE
21263,45.0,42.0,171.0,356.96999999999997,3.9,353.07,2422,2420,GREEN GOOSE FEATHER TREE 60CM
21264,49.0,48.0,285.0,575.55,15.6,559.9499999999999,2099,2110,WHITE GOOSE FEATHER TREE 60CM
21265,19.0,19.0,131.0,267.21,0.0,267.21,2583,2570,PINK GOOSE FEATHER TREE 60CM
21268,1.0,1.0,2.0,0.84,0.0,0.84,3903,3893,VINTAGE BLUE TINSEL REEL
21269,19.0,19.0,29.0,254.98000000000002,0.0,254.98000000000002,2608,2596,ANTIQUE CREAM CUTLERY SHELF
21270,36.0,36.0,50.0,530.19,0.0,530.19,2171,2156,ANTIQUE CREAM CUTLERY CUPBOARD
21272,109.0,103.0,553.0,783.8199999999999,2.5,781.3199999999999,1825,1805,SALLE DE BAIN HOOK
21275,12.0,12.0,13.0,270.08,76.75,193.32999999999998,2573,2724,ZINC TOP  2 DOOR WOODEN SHELF
21277,22.0,22.0,26.0,571.43,43.9,527.53,2106,2162,FRENCH STYLE EMBOSSED HEART CABINET
21278,9.0,7.0,43.0,109.64999999999999,0.0,109.64999999999999,3001,2989,VINTAGE KITCHEN PRINT PUDDINGS
21279,29.0,29.0,85.0,266.15,7.6499999999999995,258.5,2585,2589,VINTAGE KITCHEN PRINT FRUITS
21280,12.0,12.0,65.0,165.75,0.0,165.75,2811,2799,VINTAGE KITCHEN PRINT VEGETABLES
21281,14.0,14.0,43.0,129.63,0.0,129.63,2929,2917,VINTAGE KITCHEN PRINT SEAFOOD
21284,43.0,42.0,404.0,376.18,30.36,345.82,2393,2431,RETROSPOT CANDLE  SMALL
21285,43.0,43.0,365.0,413.88,15.600000000000001,398.28,2341,2350,RETROSPOT CANDLE  MEDIUM
21286,30.0,30.0,273.0,362.12,0.0,362.12,2411,2398,RETROSPOT CANDLE  LARGE
21287,55.0,55.0,1790.0,760.15,0.0,760.15,1862,1836,SCENTED VELVET LOUNGE CANDLE
21288,112.0,110.0,358.0,1070.26,61.199999999999996,1009.06,1572,1607,STRIPEY CHOCOLATE NESTING BOXES
21289,49.0,49.0,567.0,708.75,25.0,683.75,1928,1937,LARGE STRIPES CHOCOLATE GIFT BAG
21291,52.0,52.0,943.0,819.64,0.0,819.64,1794,1774,SMALL POLKADOT CHOCOLATE GIFT BAG
21292,28.0,28.0,867.0,594.51,0.0,594.51,2074,2058,SMALL STRIPES CHOCOLATE GIFT BAG
21293,25.0,24.0,116.0,276.72,0.0,276.72,2556,2549,MIRRORED DOVE WALL DECORATION
21294,73.0,71.0,1618.0,825.49,0.0,825.49,1789,1767,ETCHED GLASS COASTER
21306,45.0,44.0,495.0,193.03,7.32,185.71,2741,2743,SET/4 DAISY MIRROR MAGNETS
21307,13.0,13.0,79.0,39.199999999999996,0.0,39.199999999999996,3385,3365,SET/4 BUTTERFLY MIRROR MAGNETS
21310,1.0,1.0,1.0,29.95,0.0,29.95,3455,3441,CAPIZ CHANDELIER
21311,55.0,51.0,485.0,188.86999999999998,7.83,181.03999999999996,2752,2755,SET/4 BIRD MIRROR MAGNETS
21313,216.0,214.0,3336.0,2906.52,23.619999999999997,2882.9,808,799,GLASS HEART T-LIGHT HOLDER
21314,545.0,541.0,4252.0,9811.58,270.15000000000003,9541.43,237,233,SMALL GLASS HEART TRINKET POT
21316,16.0,15.0,160.0,217.68,2.95,214.73000000000002,2684,2683,SMALL CHUNKY GLASS ROMAN  BOWL
21317,36.0,34.0,112.0,689.53,4.95,684.5799999999999,1950,1936,GLASS SPHERE CANDLE STAND MEDIUM
21318,51.0,49.0,696.0,425.08,16.71,408.37,2320,2337,GLASS CHALICE BLUE SMALL
21319,19.0,19.0,161.0,175.78,1.65,174.13,2784,2772,GLASS CHALICE GREEN  SMALL
21320,20.0,19.0,197.0,364.22,14.700000000000001,349.52000000000004,2409,2426,GLASS CHALICE GREEN  LARGE
21324,28.0,28.0,81.0,259.67,0.0,259.67,2600,2588,HANGING MEDINA LANTERN SMALL
21326,350.0,340.0,10583.0,6890.47,13.65,6876.820000000001,365,345,AGED GLASS SILVER T-LIGHT HOLDER
21327,256.0,252.0,864.0,1484.1299999999999,0.0,1484.1299999999999,1312,1291,SKULLS WRITING SET
21328,353.0,346.0,1342.0,2418.68,0.0,2418.68,922,906,BALLOONS  WRITING SET
21329,291.0,287.0,944.0,1728.6399999999999,0.0,1728.6399999999999,1174,1157,DINOSAURS  WRITING SET
21331,8.0,8.0,12.0,165.74,0.0,165.74,2812,2800,MOROCCAN BEATEN METAL DISH LARGE
21332,13.0,13.0,19.0,268.1,0.0,268.1,2579,2567,MOROCCAN BEATEN METAL MIRROR
21333,16.0,16.0,56.0,168.16000000000003,0.0,168.16000000000003,2805,2791,CLASSIC WHITE FRAME
21336,10.0,10.0,27.0,54.57,0.0,54.57,3264,3250,GOLD WASHBAG
21340,294.0,290.0,978.0,11338.27,298.2,11040.07,194,194,CLASSIC METAL BIRDCAGE PLANT HOLDER
21344,6.0,6.0,15.0,160.09,29.849999999999998,130.24,2829,2914,MOROCCAN BEATEN METAL DISH
21348,6.0,6.0,140.0,361.55999999999995,0.0,361.55999999999995,2413,2399,PINK SPOTS CHOCOLATE NESTING BOXES
21349,11.0,11.0,18.0,155.6,27.0,128.6,2844,2921,IVY HEART WREATH
21351,36.0,34.0,104.0,672.88,47.25,625.63,1970,2014,CINAMMON & ORANGE WREATH
21352,77.0,77.0,378.0,1511.2600000000002,60.75,1450.5100000000002,1294,1307,EUCALYPTUS & PINECONE  WREATH
21354,97.0,95.0,801.0,1010.21,0.0,1010.21,1624,1605,TOAST ITS - BEST MUM
21355,127.0,120.0,794.0,998.83,0.0,998.83,1635,1618,TOAST ITS - I LOVE YOU
21356,153.0,151.0,643.0,704.55,0.0,704.55,1931,1914,TOAST ITS - FAIRY FLOWER
21357,11.0,10.0,19.0,23.75,0.0,23.75,3530,3512,TOAST ITS - DINOSAUR
21358,109.0,108.0,412.0,494.54,0.0,494.54,2224,2205,TOAST ITS - HAPPY BIRTHDAY
21359,30.0,29.0,130.0,860.23,7.9,852.33,1757,1745,RELAX LARGE WOOD LETTERS
21360,16.0,16.0,39.0,236.17,0.0,236.17,2644,2632,JOY LARGE WOOD LETTERS
21361,69.0,69.0,106.0,1505.96,51.0,1454.96,1297,1303,LOVE LARGE WOOD LETTERS
21363,130.0,125.0,245.0,1413.8400000000001,69.30000000000001,1344.5400000000002,1348,1365,HOME SMALL WOOD LETTERS
21364,24.0,24.0,30.0,222.96,6.75,216.21,2674,2677,PEACE SMALL WOOD LETTERS
21365,54.0,52.0,363.0,447.09000000000003,0.0,447.09000000000003,2288,2278,MIRRORED WALL ART STARS
21366,47.0,46.0,89.0,470.16999999999996,0.0,470.16999999999996,2252,2239,MIRRORED WALL ART PHOTO FRAMES
21367,43.0,43.0,171.0,199.48999999999998,0.0,199.48999999999998,2725,2712,MIRRORED WALL ART GENTS
21368,34.0,33.0,164.0,144.03,0.0,144.03,2884,2871,MIRRORED WALL ART LADIES
21369,16.0,16.0,101.0,161.49,0.0,161.49,2826,2816,MIRRORED WALL ART SPLODGES
21370,9.0,9.0,16.0,100.66000000000001,0.0,100.66000000000001,3035,3024,MIRRORED WALL ART FOXY
21371,38.0,38.0,287.0,319.71,0.0,319.71,2483,2472,MIRRORED WALL ART POPPIES
21372,33.0,33.0,75.0,107.75,0.0,107.75,3006,2995,MIRRORED WALL ART TABLE LAMP
21373,47.0,47.0,512.0,389.04,9.0,380.04,2376,2372,MIRRORED WALL ART SNOWFLAKES
21374,46.0,46.0,304.0,463.79,0.0,463.79,2261,2248,MIRRORED WALL ART SKULLS
21375,29.0,27.0,43.0,315.27,0.0,315.27,2497,2486,LARGE CAMPHOR WOOD FIELD MUSHROOM
21376,19.0,17.0,37.0,197.81,0.0,197.81,2727,2715,LARGE  TALL CAMPHOR WOOD TOADSTOOL
21377,41.0,41.0,121.0,215.67999999999998,0.0,215.67999999999998,2691,2680,SMALL CAMPHOR WOOD FIELD  MUSHROOM
21378,34.0,34.0,142.0,217.89,0.0,217.89,2683,2671,SMALL TALL CAMPHOR WOOD TOADSTOOL
21379,51.0,50.0,184.0,254.32999999999998,0.0,254.32999999999998,2609,2597,CAMPHOR WOOD PORTOBELLO MUSHROOM
21380,293.0,290.0,2168.0,6316.360000000001,2.95,6313.410000000001,408,395,WOODEN HAPPY BIRTHDAY GARLAND
21381,230.0,224.0,1815.0,3138.0,42.25,3095.75,767,760,MINI WOODEN HAPPY BIRTHDAY GARLAND
21382,131.0,128.0,1148.0,1389.08,6.0,1383.08,1366,1342,SET/4 SPRING FLOWER DECORATION
21383,175.0,167.0,998.0,755.83,1.3,754.5300000000001,1869,1845,PACK OF 12 STICKY BUNNIES
21385,330.0,317.0,3889.0,3447.5499999999997,1.7,3445.85,715,699,IVORY HANGING DECORATION  HEART
21386,56.0,51.0,733.0,290.2,0.0,290.2,2533,2525,IVORY HANGING DECORATION  EGG
21389,136.0,128.0,1116.0,966.78,0.85,965.93,1663,1642,IVORY HANGING DECORATION  BIRD
21390,221.0,212.0,3906.0,4851.88,3.75,4848.13,524,512,FILIGRIS HEART WITH BUTTERFLY
21391,112.0,106.0,1079.0,1064.44,6.300000000000001,1058.14,1578,1560,FRENCH LAVENDER SCENT HEART
21392,8.0,7.0,34.0,46.39,0.0,46.39,3330,3308,RED POLKADOT PUDDING BOWL
21393,8.0,7.0,29.0,38.67,0.0,38.67,3390,3369,BLUE POLKADOT PUDDING BOWL
21394,131.0,131.0,3865.0,1603.77,8.58,1595.19,1246,1229,RED POLKADOT BEAKER
21395,91.0,90.0,2844.0,1141.3999999999999,3.9,1137.4999999999998,1516,1498,BLUE POLKADOT BEAKER
21397,65.0,65.0,1075.0,550.43,0.0,550.43,2148,2130,BLUE POLKADOT EGG CUP
21398,63.0,63.0,1532.0,729.6,0.0,729.6,1901,1879,RED POLKADOT COFFEE  MUG
21399,72.0,71.0,2066.0,874.29,43.29,831.0,1748,1763,BLUE POLKADOT COFFEE MUG
21400,72.0,72.0,881.0,128.63,0.0,128.63,2932,2920,RED PUDDING SPOON
21401,83.0,82.0,1052.0,151.19,0.0,151.19,2855,2843,BLUE PUDDING SPOON
21402,92.0,92.0,1369.0,185.51999999999998,0.0,185.51999999999998,2759,2744,RED  EGG  SPOON
21403,106.0,106.0,1857.0,322.18,0.0,322.18,2478,2466,BLUE EGG  SPOON
21407,138.0,138.0,290.0,1421.11,4.25,1416.86,1343,1319,BROWN CHECK CAT DOORSTOP
21408,120.0,117.0,289.0,1295.21,8.5,1286.71,1424,1407,SPOTTY PINK DUCK DOORSTOP
21410,1.0,1.0,1.0,8.47,0.0,8.47,3741,3732,COUNTRY COTTAGE  DOORSTOP GREEN
21411,246.0,241.0,793.0,2982.0299999999997,25.5,2956.5299999999997,793,784,GINGHAM HEART  DOORSTOP RED
21412,0.0,0.0,0.0,0.0,2.52,-2.52,3907,3904,Description unavailable
21413,17.0,17.0,48.0,75.02,0.0,75.02,3137,3124,PERIWINKLE T-LIGHT HOLDER
21414,1.0,1.0,1.0,2.1,0.0,2.1,3878,3866,SCALLOP SHELL SOAP DISH
21415,48.0,46.0,223.0,454.42,0.0,454.42,2274,2261,CLAM SHELL SMALL
21416,4.0,4.0,5.0,18.75,0.0,18.75,3577,3564,CLAM SHELL LARGE
21417,68.0,68.0,340.0,629.8000000000001,2.1,627.7,2024,2008,COCKLE SHELL DISH
21418,26.0,25.0,74.0,189.75,0.0,189.75,2749,2732,STARFISH SOAP DISH
21420,21.0,19.0,54.0,123.66,0.0,123.66,2948,2940,OYSTER TRINKET BOX
21421,14.0,14.0,299.0,348.43000000000006,0.0,348.43000000000006,2443,2429,PORCELAIN ROSE LARGE
21422,63.0,63.0,1607.0,1295.0,3.4,1291.6,1425,1404,PORCELAIN ROSE SMALL
21424,70.0,70.0,346.0,1401.02,14.75,1386.27,1357,1339,WOODLAND STORAGE BOX LARGE
21425,30.0,30.0,87.0,320.49,0.0,320.49,2481,2470,SKULLS STORAGE BOX LARGE
21426,47.0,46.0,256.0,624.58,8.4,616.1800000000001,2036,2028,WOODLAND STORAGE BOX SMALL
21427,41.0,41.0,96.0,256.44,6.300000000000001,250.14,2606,2604,SKULLS STORAGE BOX SMALL
21428,263.0,262.0,1208.0,5167.88,136.25,5031.63,487,488,SET3 BOOK BOX GREEN GINGHAM FLOWER
21429,293.0,286.0,1744.0,3398.95,74.1,3324.85,728,726,RED GINGHAM ROSE JEWELLERY BOX
21430,482.0,477.0,3040.0,11928.45,144.02999999999997,11784.42,181,173,SET/3 RED GINGHAM ROSE STORAGE BOX
21439,131.0,130.0,1430.0,1767.15,432.48,1334.67,1158,1373,BASKET OF TOADSTOOLS
21441,62.0,62.0,421.0,292.03,0.0,292.03,2530,2522,BLUE BIRDHOUSE DECORATION
21442,60.0,59.0,440.0,310.49,0.0,310.49,2506,2494,GREEN BIRDHOUSE DECORATION
21445,21.0,21.0,214.0,267.5,5.0,262.5,2581,2581,12 PINK ROSE PEG PLACE SETTINGS
21446,116.0,105.0,457.0,640.92,0.0,640.92,2009,1991,12 RED ROSE PEG PLACE SETTINGS
21447,149.0,148.0,969.0,1478.1,1.25,1476.85,1316,1293,12 IVORY ROSE PEG PLACE SETTINGS
21448,84.0,77.0,349.0,600.8699999999999,0.0,600.8699999999999,2068,2048,12 DAISY PEGS IN WOOD BOX
21452,186.0,184.0,817.0,2549.11,83.15,2465.96,895,898,TOADSTOOL MONEY BOX
21454,140.0,136.0,573.0,486.01,0.0,486.01,2233,2219,PAINTED PINK RABBIT
21455,120.0,117.0,612.0,516.79,11.049999999999999,505.73999999999995,2190,2188,PAINTED YELLOW WOODEN DAISY
21456,25.0,25.0,171.0,222.22,1.25,220.97,2675,2663,2 PICTURE BOOK EGGS EASTER CHICKS
21457,25.0,25.0,124.0,165.89,0.0,165.89,2810,2798,2 PICTURE BOOK EGGS EASTER DUCKS
21458,36.0,36.0,182.0,256.54,0.0,256.54,2605,2594,2 PICTURE BOOK EGGS EASTER BUNNY
21459,19.0,19.0,76.0,150.38,15.6,134.78,2861,2896,YELLOW EASTER EGG HUNT START POST
21460,11.0,11.0,28.0,56.779999999999994,0.0,56.779999999999994,3252,3238,GREEN EASTER EGG HUNT START POST
21461,7.0,6.0,11.0,25.81,3.9,21.91,3502,3533,BLUE EASTER EGG HUNT START POST
21462,73.0,73.0,198.0,932.4,0.0,932.4,1689,1675,"NURSERY A,B,C PAINTED LETTERS"
21463,136.0,134.0,651.0,3446.9500000000003,216.90000000000003,3230.05,716,741,MIRRORED DISCO BALL
21464,105.0,105.0,249.0,1055.25,38.25,1017.0,1587,1596,DISCO BALL ROTATOR BATTERY OPERATED
21465,79.0,79.0,237.0,897.8,0.0,897.8,1720,1702,PINK FLOWER CROCHET FOOD COVER
21466,112.0,112.0,304.0,1116.89,0.0,1116.89,1540,1511,RED FLOWER CROCHET FOOD COVER
21467,104.0,104.0,264.0,1004.39,7.5,996.89,1630,1620,CHERRY CROCHET FOOD COVER
21468,66.0,66.0,148.0,572.23,0.0,572.23,2105,2088,BUTTERFLY CROCHET FOOD COVER
21469,89.0,89.0,290.0,1085.32,7.5,1077.82,1564,1541,POLKA DOT RAFFIA FOOD COVER
21470,141.0,140.0,383.0,1477.82,18.75,1459.07,1317,1299,FLOWER VINE RAFFIA FOOD COVER
21471,165.0,163.0,641.0,2228.09,15.0,2213.09,976,967,STRAWBERRY RAFFIA FOOD COVER
21472,37.0,37.0,123.0,476.41,0.0,476.41,2248,2234,LADYBIRD + BEE RAFFIA FOOD COVER
21473,21.0,21.0,27.0,618.66,0.0,618.66,2046,2025,SWEETHEART CREAM STEEL TABLE RECT
21476,24.0,24.0,41.0,699.63,0.0,699.63,1935,1920,STEEL SWEETHEART ROUND TABLE CREAM
21479,513.0,499.0,3918.0,20594.45,635.9300000000001,19958.52,92,87,WHITE SKULL HOT WATER BOTTLE
21481,505.0,490.0,3313.0,11466.37,239.60000000000002,11226.77,190,187,FAWN BLUE HOT WATER BOTTLE
21484,419.0,402.0,1881.0,8535.52,147.60000000000002,8387.92,281,278,CHICK GREY HOT WATER BOTTLE
21485,647.0,623.0,3533.0,17708.53,99.0,17609.53,108,102,RETROSPOT HEART HOT WATER BOTTLE
21486,11.0,11.0,36.0,147.88,0.0,147.88,2870,2858,PINK HEART DOTS HOT WATER BOTTLE
21488,16.0,16.0,69.0,566.1700000000001,0.0,566.1700000000001,2116,2099,RED WHITE SCARF  HOT WATER BOTTLE
21491,1.0,1.0,1.0,1.95,0.0,1.95,3885,3874,SET OF THREE VINTAGE GIFT WRAPS
21494,321.0,313.0,1934.0,3578.83,2.5,3576.33,687,674,ROTATING LEAVES T-LIGHT HOLDER
21495,165.0,165.0,5800.0,2356.0,10.5,2345.5,942,930,SKULLS AND CROSSBONES WRAP
21497,232.0,230.0,8600.0,3430.0,0.0,3430.0,722,705,FANCY FONTS BIRTHDAY WRAP
21498,337.0,336.0,10551.0,4322.42,21.0,4301.42,582,575,RED RETROSPOT WRAP
21499,218.0,217.0,6952.0,2819.84,82.5,2737.34,828,829,BLUE POLKADOT WRAP
21500,213.0,213.0,6350.0,2593.0,0.0,2593.0,885,870,PINK POLKADOT WRAP
21503,23.0,23.0,726.0,288.92,0.42,288.5,2537,2529,TOYBOX  WRAP
21504,116.0,115.0,1915.0,788.97,0.0,788.97,1820,1795,SKULLS GREETING CARD
21506,326.0,323.0,4958.0,2101.0099999999998,5.04,2095.97,1028,1011,"FANCY FONT BIRTHDAY CARD,"
21507,263.0,262.0,3332.0,1425.28,10.08,1415.2,1340,1321,"ELEPHANT, BIRTHDAY CARD,"
21508,214.0,213.0,2490.0,1046.98,5.04,1041.94,1594,1574,VINTAGE KID DOLLY CARD
21509,274.0,274.0,3741.0,1572.28,0.0,1572.28,1263,1238,COWBOYS AND INDIANS BIRTHDAY CARD
21518,38.0,38.0,318.0,132.44,0.0,132.44,2920,2905,BANK ACCOUNT  GREETING  CARD
21519,246.0,246.0,3299.0,1389.22,15.120000000000001,1374.1000000000001,1365,1349,GIN & TONIC DIET GREETING CARD
21520,58.0,58.0,504.0,214.19,0.84,213.35,2693,2686,BOOZE & WOMEN GREETING CARD
21523,503.0,502.0,3246.0,21601.69,40.05,21561.64,82,76,DOORMAT FANCY FONT HOME SWEET HOME
21524,486.0,480.0,1757.0,13612.41,48.9,13563.51,152,144,DOORMAT SPOTTY HOME SWEET HOME
21527,149.0,144.0,481.0,3756.79,260.3,3496.49,659,691,RED RETROSPOT TRADITIONAL TEAPOT
21528,114.0,111.0,218.0,1578.42,93.30000000000001,1485.1200000000001,1258,1289,DAIRY MAID TRADITIONAL TEAPOT
21530,105.0,104.0,777.0,769.57,48.190000000000005,721.38,1849,1893,DAIRY MAID TOASTRACK
21531,252.0,246.0,1520.0,3692.37,36.449999999999996,3655.92,668,661,RED RETROSPOT SUGAR JAM BOWL
21533,350.0,339.0,1361.0,6701.22,147.9,6553.320000000001,380,377,RETROSPOT LARGE MILK JUG
21534,162.0,155.0,376.0,1908.88,64.35,1844.5300000000002,1104,1107,DAIRY MAID LARGE MILK JUG
21535,353.0,343.0,2497.0,6011.51,80.69999999999999,5930.81,424,417,RED RETROSPOT SMALL MILK JUG
21537,62.0,61.0,333.0,1392.21,208.75,1183.46,1362,1459,RED RETROSPOT PUDDING BOWL
21538,2.0,2.0,5.0,18.75,0.0,18.75,3577,3564,DAIRY MAID  PUDDING BOWL
21539,242.0,238.0,972.0,4758.75,108.95,4649.8,533,541,RED RETROSPOT BUTTER DISH
21544,176.0,174.0,1975.0,1690.23,0.0,1690.23,1193,1176,SKULLS  WATER TRANSFER TATTOOS
21547,23.0,22.0,79.0,253.53000000000003,0.0,253.53000000000003,2610,2598,CERAMIC BIRDHOUSE CRESTED TIT SMALL
21555,69.0,69.0,137.0,350.46999999999997,0.0,350.46999999999997,2439,2424,CERAMIC STRAWBERRY TRINKET TRAY
21556,115.0,114.0,977.0,2515.52,2.55,2512.97,902,887,CERAMIC STRAWBERRY MONEY BOX
21557,163.0,162.0,551.0,1843.6100000000001,0.0,1843.6100000000001,1130,1108,SET OF 6 FUNKY BEAKERS
21558,423.0,412.0,2138.0,5568.07,10.2,5557.87,454,445,SKULL LUNCH BOX WITH CUTLERY
21559,586.0,573.0,3938.0,9748.13,35.24999999999999,9712.88,240,228,STRAWBERRY LUNCH BOX WITH CUTLERY
21561,214.0,213.0,1281.0,3127.38,5.1,3122.28,768,756,DINOSAUR LUNCH BOX WITH CUTLERY
21562,28.0,28.0,324.0,380.36,0.0,380.36,2386,2371,HAWAIIAN GRASS SKIRT
21563,159.0,159.0,1395.0,2803.13,0.0,2803.13,829,813,RED HEART SHAPE LOVE BUCKET
21564,123.0,123.0,1042.0,1831.6200000000001,8.05,1823.5700000000002,1137,1119,PINK  HEART SHAPE LOVE BUCKET
21576,78.0,78.0,252.0,585.34,0.0,585.34,2087,2068,LETS GO SHOPPING COTTON TOTE BAG
21577,175.0,175.0,720.0,1664.8999999999999,15.75,1649.1499999999999,1205,1199,SAVE THE PLANET COTTON TOTE BAG
21578,129.0,127.0,749.0,1664.51,4.5,1660.01,1206,1191,WOODLAND DESIGN  COTTON TOTE BAG
21579,52.0,50.0,178.0,414.22,22.5,391.72,2340,2358,LOLITA  DESIGN  COTTON TOTE BAG
21580,62.0,62.0,181.0,444.07,0.0,444.07,2296,2282,RABBIT  DESIGN  COTTON TOTE BAG
21581,79.0,79.0,252.0,590.67,27.0,563.67,2078,2102,SKULLS  DESIGN  COTTON TOTE BAG
21584,159.0,146.0,1066.0,1754.8999999999999,1.65,1753.2499999999998,1165,1145,RETROSPOT SMALL TUBE MATCHES
21586,67.0,67.0,743.0,1721.85,33.15,1688.6999999999998,1177,1177,KINGS CHOICE GIANT TUBE MATCHES
21587,30.0,26.0,197.0,480.75,0.0,480.75,2241,2225,COSY HOUR GIANT TUBE MATCHES
21588,138.0,132.0,1497.0,3450.15,2.55,3447.6,712,698,RETROSPOT GIANT TUBE MATCHES
21591,157.0,146.0,1378.0,2001.1399999999999,67.5,1933.6399999999999,1071,1071,COSY HOUR CIGAR BOX MATCHES
21592,231.0,216.0,2162.0,2164.46,0.0,2164.46,1001,979,RETROSPOT CIGAR BOX MATCHES
21594,2.0,2.0,2.0,8.34,0.0,8.34,3748,3739,Dr. Jam's Arouzer Stress Ball
21595,2.0,2.0,2.0,16.94,0.0,16.94,3603,3591,Dad's Cab Electronic Meter
21609,78.0,76.0,764.0,2089.64,0.0,2089.64,1035,1014,SET 12 LAVENDER  BOTANICAL T-LIGHTS
21613,42.0,42.0,227.0,661.9300000000001,0.0,661.9300000000001,1983,1966,S/12 VANILLA  BOTANICAL T-LIGHTS
21614,9.0,9.0,51.0,153.29000000000002,0.0,153.29000000000002,2849,2835,SET OF 12 ROSE BOTANICAL T-LIGHTS
21615,139.0,135.0,892.0,1349.17,0.0,1349.17,1391,1363,4 LAVENDER BOTANICAL DINNER CANDLES
21616,142.0,138.0,822.0,1288.34,0.0,1288.34,1427,1406,4 PEAR BOTANICAL DINNER CANDLES
21617,106.0,102.0,528.0,1013.01,0.0,1013.01,1623,1601,4 LILY  BOTANICAL DINNER CANDLES
21618,98.0,91.0,406.0,770.87,0.0,770.87,1844,1818,4 WILDFLOWER BOTANICAL CANDLES
21619,168.0,164.0,978.0,1481.4,0.0,1481.4,1315,1292,4 VANILLA BOTANICAL CANDLES
21620,172.0,165.0,897.0,1451.99,0.0,1451.99,1330,1305,SET OF 4 ROSE BOTANICAL CANDLES
21621,487.0,475.0,2789.0,24542.83,238.0,24304.83,52,51,VINTAGE UNION JACK BUNTING
21622,106.0,104.0,386.0,2012.3400000000001,89.10000000000001,1923.2400000000002,1064,1074,VINTAGE UNION JACK CUSHION COVER
21623,224.0,221.0,3272.0,23010.09,39.8,22970.29,67,60,VINTAGE UNION JACK MEMOBOARD
21624,98.0,95.0,217.0,1337.51,29.75,1307.76,1399,1395,VINTAGE UNION JACK DOORSTOP
21625,174.0,169.0,411.0,2967.31,0.0,2967.31,795,782,VINTAGE UNION JACK APRON
21626,101.0,99.0,795.0,1586.75,42.9,1543.85,1251,1253,VINTAGE UNION JACK PENNANT
21627,47.0,47.0,63.0,1299.83,0.0,1299.83,1419,1398,ELEPHANT CARNIVAL POUFFE
21628,34.0,33.0,64.0,1176.6000000000001,29.9,1146.7,1482,1489,TRIANGULAR POUFFE VINTAGE
21629,44.0,42.0,73.0,687.95,0.0,687.95,1954,1933,SQUARE FLOOR CUSHION VINTAGE RED
21630,35.0,35.0,69.0,718.14,8.95,709.1899999999999,1916,1908,FLOOR CUSHION ELEPHANT CARNIVAL
21631,27.0,27.0,169.0,896.01,0.0,896.01,1724,1705,HIPPY CHIC DECORATIVE PARASOL
21632,24.0,24.0,88.0,489.74,0.0,489.74,2228,2214,VINTAGE PINK DECORATIVE PARASOL
21633,42.0,42.0,125.0,895.46,12.75,882.71,1727,1717,SUNFLOWER DECORATIVE PARASOL
21634,28.0,28.0,976.0,481.95,0.0,481.95,2237,2223,ASSORTED MINI MADRAS NOTEBOOK
21635,16.0,16.0,271.0,374.96000000000004,0.0,374.96000000000004,2396,2382,MADRAS NOTEBOOK LARGE
21636,80.0,73.0,919.0,709.66,0.0,709.66,1924,1906,MADRAS NOTEBOOK MEDIUM
21637,6.0,6.0,109.0,136.25,0.0,136.25,2908,2891,ASSORTED SANSKRIT MINI NOTEBOOK
21638,41.0,40.0,249.0,551.96,0.0,551.96,2143,2124,ASSORTED TUTTI FRUTTI NOTEBOOK
21640,85.0,78.0,662.0,644.03,0.0,644.03,2005,1988,ASSORTED TUTTI FRUTTI  FOB NOTEBOOK
21641,49.0,49.0,1153.0,451.59,0.0,451.59,2280,2267,ASSORTED TUTTI FRUTTI KEYRING BALL
21642,104.0,101.0,2472.0,831.0199999999999,46.53999999999999,784.4799999999999,1783,1801,ASSORTED TUTTI FRUTTI PEN
21643,60.0,60.0,550.0,743.31,15.0,728.31,1886,1882,ASSORTED TUTTI FRUTTI MIRROR
21644,34.0,32.0,215.0,268.75,31.25,237.5,2578,2629,ASSORTED TUTTI FRUTTI HEART BOX
21645,0.0,0.0,0.0,0.0,39.599999999999994,-39.599999999999994,3907,3917,Description unavailable
21647,30.0,25.0,118.0,247.8,2.1,245.70000000000002,2620,2611,ASSORTED TUTTI FRUTTI LARGE PURSE
21648,68.0,66.0,737.0,992.79,1.25,991.54,1643,1626,ASSORTED TUTTI FRUTTI SMALL PURSE
21650,139.0,132.0,2550.0,692.85,4.5600000000000005,688.2900000000001,1945,1932,ASSORTED TUTTI FRUTTI BRACELET
21651,12.0,11.0,133.0,208.46999999999997,0.0,208.46999999999997,2705,2696,HANGING GLASS ETCHED TEALIGHT
21654,62.0,59.0,986.0,509.36,0.0,509.36,2196,2182,RIDGED GLASS FINGER BOWL
21655,2.0,2.0,36.0,60.84,60.84,0.0,3228,3898,HANGING RIDGE GLASS T-LIGHT HOLDER
21656,47.0,47.0,219.0,444.58,0.0,444.58,2295,2281,RIDGED GLASS POSY VASE
21657,17.0,17.0,30.0,223.46,0.0,223.46,2672,2658,MILK BOTTLE WITH GLASS STOPPER
21658,216.0,212.0,881.0,3721.63,124.57999999999998,3597.05,663,670,GLASS  BEURRE DISH
21661,3.0,3.0,3.0,17.85,0.0,17.85,3584,3571,VINTAGE GLASS TEA CADDY
21662,26.0,26.0,86.0,557.3000000000001,0.0,557.3000000000001,2133,2114,VINTAGE GLASS COFFEE CADDY
21664,20.0,18.0,99.0,353.97,0.0,353.97,2431,2415,RIDGED GLASS STORAGE JAR CREAM LID
21666,43.0,43.0,412.0,283.51,0.0,283.51,2544,2536,RIDGED GLASS T-LIGHT HOLDER
21667,1.0,1.0,2.0,29.9,29.9,0.0,3457,3898,GLASS CAKE COVER AND PLATE
21668,448.0,437.0,5528.0,7527.66,102.66999999999999,7424.99,322,317,RED STRIPE CERAMIC DRAWER KNOB
21669,441.0,425.0,5285.0,7136.0,115.00999999999999,7020.99,339,333,BLUE STRIPE CERAMIC DRAWER KNOB
21670,381.0,374.0,4370.0,6141.29,96.25,6045.04,412,407,BLUE SPOT CERAMIC DRAWER KNOB
21671,374.0,369.0,4421.0,6078.54,214.80999999999997,5863.73,416,423,RED SPOT CERAMIC DRAWER KNOB
21672,419.0,409.0,5022.0,6815.9,77.55,6738.349999999999,371,363,WHITE SPOT RED CERAMIC DRAWER KNOB
21673,375.0,365.0,4395.0,6071.75,143.95,5927.8,417,418,WHITE SPOT BLUE CERAMIC DRAWER KNOB
21675,111.0,110.0,634.0,573.36,10.2,563.16,2104,2103,BUTTERFLIES STICKERS
21676,61.0,61.0,257.0,245.35999999999999,0.0,245.35999999999999,2628,2614,FLOWERS  STICKERS
21677,119.0,119.0,835.0,737.8399999999999,10.2,727.6399999999999,1892,1883,HEARTS  STICKERS
21678,32.0,32.0,125.0,111.86,0.0,111.86,2994,2982,PAISLEY PATTERN  STICKERS
21679,138.0,138.0,1140.0,1028.58,0.0,1028.58,1610,1585,SKULLS  STICKERS
21680,103.0,103.0,868.0,786.31,0.0,786.31,1822,1797,WOODLAND  STICKERS
21681,2.0,2.0,2.0,19.9,0.0,19.9,3568,3557,GIANT MEDINA STAMPED METAL BOWL
21682,55.0,55.0,182.0,930.96,14.850000000000001,916.11,1691,1689,LARGE MEDINA STAMPED METAL BOWL
21683,58.0,58.0,310.0,948.7000000000002,0.0,948.7000000000002,1677,1659,MEDIUM MEDINA STAMPED METAL BOWL
21684,48.0,47.0,783.0,622.3,0.0,622.3,2039,2018,SMALL MEDINA STAMPED METAL BOWL
21686,20.0,20.0,35.0,1351.64,39.95,1311.69,1390,1390,MEDINA STAMPED METAL STOOL
21688,57.0,57.0,348.0,1101.2800000000002,0.0,1101.2800000000002,1557,1524,SILVER PLATE CANDLE BOWL SMALL
21689,26.0,26.0,95.0,369.87,0.0,369.87,2402,2389,SILVER VANILLA  FLOWER CANDLE POT
21690,9.0,7.0,24.0,90.0,0.0,90.0,3078,3064,SILVER  CANDLEPOT JARDIN
21692,8.0,7.0,17.0,63.75,0.0,63.75,3206,3191,SILVER LATTICE VANILLA CANDLE POT
21693,52.0,50.0,373.0,1143.3100000000002,0.0,1143.3100000000002,1513,1492,SMALL HAMMERED SILVER CANDLEPOT
21694,24.0,24.0,307.0,840.33,0.0,840.33,1774,1756,SMALL REGAL  SILVER CANDLEPOT
21695,42.0,41.0,290.0,875.3800000000001,0.0,875.3800000000001,1747,1728,SMALL SILVER FLOWER CANDLE POT
21696,34.0,33.0,230.0,690.1000000000001,35.400000000000006,654.7000000000002,1948,1977,SMALL SILVER TRELLIS CANDLEPOT
21698,45.0,45.0,296.0,164.17,0.0,164.17,2816,2806,MOCK LOBSTER FRIDGE MAGNET
21700,200.0,198.0,1726.0,2334.94,30.599999999999998,2304.34,947,939,BIG DOUGHNUT FRIDGE MAGNETS
21703,298.0,294.0,9390.0,3528.89,36.54,3492.35,697,692,BAG 125g SWIRLY MARBLES
21704,249.0,248.0,5144.0,4039.2799999999997,3.8599999999999994,4035.4199999999996,615,604,BAG 250g SWIRLY MARBLES
21705,143.0,141.0,1459.0,1462.1699999999998,31.599999999999994,1430.57,1322,1315,BAG 500g SWIRLY MARBLES
21706,121.0,120.0,347.0,1621.76,0.0,1621.76,1232,1218,FOLDING UMBRELLA RED/WHITE POLKADOT
21707,74.0,74.0,160.0,763.6600000000001,0.0,763.6600000000001,1854,1829,FOLDING UMBRELLA BLACKBLUE POLKADOT
21708,65.0,64.0,191.0,868.0600000000001,4.95,863.11,1755,1739,FOLDING UMBRELLA CREAM POLKADOT
21709,59.0,59.0,133.0,607.23,0.0,607.23,2060,2041,FOLDING UMBRELLA CHOCOLATE POLKADOT
21710,45.0,45.0,107.0,501.98,0.0,501.98,2210,2194,FOLDING UMBRELLA PINKWHITE POLKADOT
21711,36.0,36.0,104.0,513.02,0.0,513.02,2191,2176,FOLDING UMBRELLA WHITE/RED POLKADOT
21713,162.0,157.0,795.0,1836.64,32.35,1804.2900000000002,1136,1128,CITRONELLA CANDLE FLOWERPOT
21714,228.0,225.0,1657.0,3018.15,25.0,2993.15,787,776,CITRONELLA CANDLE GARDEN POT
21715,232.0,231.0,1330.0,3507.17,0.0,3507.17,701,687,GIRLS VINTAGE TIN SEASIDE BUCKET
21716,246.0,244.0,1441.0,3913.72,20.4,3893.3199999999997,632,625,BOYS VINTAGE TIN SEASIDE BUCKET
21717,41.0,41.0,408.0,946.93,0.0,946.93,1679,1662,EASTER TIN BUCKET
21718,231.0,229.0,1494.0,2114.64,1.25,2113.39,1023,1004,RED METAL BEACH SPADE
21719,59.0,58.0,345.0,307.44,0.0,307.44,2510,2498,LOVELY BONBON STICKER SHEET
21720,8.0,8.0,57.0,48.449999999999996,0.0,48.449999999999996,3313,3292,CAKE SHOP  STICKER SHEET
21721,35.0,33.0,195.0,179.45999999999998,0.0,179.45999999999998,2776,2763,CANDY SHOP  STICKER SHEET
21722,36.0,36.0,98.0,95.52999999999999,0.85,94.67999999999999,3054,3049,SWEET PUDDING STICKER SHEET
21723,61.0,59.0,401.0,353.47999999999996,0.0,353.47999999999996,2432,2416,ALPHABET HEARTS STICKER SHEET
21724,81.0,81.0,408.0,355.83,0.0,355.83,2428,2411,PANDA AND BUNNIES STICKER SHEET
21725,50.0,50.0,301.0,277.24,0.0,277.24,2554,2547,SWEETIES  STICKERS
21726,42.0,42.0,237.0,204.69,0.0,204.69,2709,2700,MULTI HEARTS  STICKERS
21730,132.0,131.0,518.0,2519.38,68.60000000000001,2450.78,900,900,GLASS STAR FROSTED T-LIGHT HOLDER
21731,862.0,849.0,14009.0,23932.98,281.29999999999995,23651.68,58,55,RED TOADSTOOL LED NIGHT LIGHT
21733,760.0,741.0,7882.0,23228.74,152.95000000000002,23075.79,63,59,RED HANGING HEART T-LIGHT HOLDER
21735,83.0,83.0,212.0,2577.45,382.95,2194.5,890,974,TWO DOOR CURIO CABINET
21736,6.0,5.0,80.0,137.22000000000003,1.17,136.05000000000004,2907,2893,GOLD SCROLL GLASS T-LIGHT HOLDER
21738,25.0,21.0,48.0,150.48000000000002,0.0,150.48000000000002,2860,2849,COSY SLIPPER SHOES SMALL  RED
21739,113.0,111.0,256.0,708.98,0.0,708.98,1927,1909,COSY SLIPPER SHOES SMALL GREEN
21741,40.0,40.0,147.0,480.1700000000001,0.0,480.1700000000001,2243,2227,COSY SLIPPER SHOES LARGE GREEN
21742,94.0,91.0,195.0,1173.53,0.0,1173.53,1487,1465,LARGE ROUND WICKER PLATTER
21743,50.0,49.0,300.0,890.6,26.55,864.0500000000001,1731,1738,STAR PORTABLE TABLE LIGHT
21744,131.0,127.0,531.0,1563.5500000000002,0.0,1563.5500000000002,1269,1246,SNOWFLAKE PORTABLE TABLE LIGHT
21745,218.0,214.0,938.0,3486.98,15.0,3471.98,704,693,GAOLERS KEYS DECORATIVE GARDEN
21746,228.0,226.0,3075.0,3766.93,18.75,3748.18,657,647,SMALL RED RETROSPOT WINDMILL
21747,54.0,54.0,485.0,645.61,15.0,630.61,2000,2003,SMALL SKULL WINDMILL
21749,140.0,140.0,1963.0,3877.09,16.8,3860.29,639,632,LARGE RED RETROSPOT WINDMILL
21750,25.0,24.0,91.0,209.61,0.0,209.61,2703,2695,LARGE SKULL WINDMILL
21754,796.0,777.0,2780.0,17049.920000000002,118.60000000000001,16931.320000000003,113,108,HOME BUILDING BLOCK WORD
21755,654.0,629.0,2034.0,12572.710000000001,23.8,12548.910000000002,166,160,LOVE BUILDING BLOCK WORD
21756,284.0,270.0,823.0,5089.56,11.9,5077.660000000001,496,481,BATH BUILDING BLOCK WORD
21757,3.0,3.0,6.0,29.700000000000003,0.0,29.700000000000003,3463,3448,LIGHTHOUSE PRINTED METAL SIGN
21758,32.0,32.0,50.0,427.46000000000004,0.0,427.46000000000004,2318,2307,VINTAGE SHELLS PRINT
21761,10.0,10.0,10.0,299.5,0.0,299.5,2520,2513,WOOD AND GLASS MEDICINE CABINET
21763,4.0,4.0,6.0,169.75,0.0,169.75,2803,2787,VINTAGE WOODEN BAR STOOL
21769,2.0,2.0,11.0,607.6500000000001,0.0,607.6500000000001,2059,2040,VINTAGE POST OFFICE CABINET
21770,391.0,388.0,1641.0,7938.780000000001,29.700000000000003,7909.080000000001,300,291,OPEN CLOSED METAL SIGN
21773,164.0,163.0,1170.0,1154.17,0.0,1154.17,1503,1480,DECORATIVE ROSE BATHROOM BOTTLE
21774,187.0,186.0,1095.0,1152.4,1.25,1151.15,1505,1483,DECORATIVE CATS BATHROOM BOTTLE
21775,139.0,139.0,515.0,716.86,3.75,713.11,1919,1900,DECORATIVE FLORE BATHROOM BOTTLE
21777,6.0,6.0,12.0,95.4,39.75,55.650000000000006,3056,3245,RECIPE BOX WITH METAL HEART
21781,102.0,101.0,169.0,2676.75,283.15,2393.6,866,914,MA CAMPAGNE CUTLERY BOX
21784,44.0,44.0,57.0,633.0699999999999,19.9,613.17,2019,2031,SHOE SHINE BOX
21785,6.0,5.0,412.0,269.61,0.0,269.61,2576,2566,RAIN PONCHO
21786,234.0,226.0,1940.0,918.25,9.24,909.01,1705,1693,POLKADOT RAIN HAT
21787,249.0,243.0,8878.0,7163.65,420.0,6743.65,337,362,RAIN PONCHO RETROSPOT
21788,88.0,85.0,1297.0,1032.6399999999999,18.5,1014.1399999999999,1605,1599,KIDS RAIN MAC BLUE
21789,96.0,92.0,928.0,806.1999999999999,17.0,789.1999999999999,1802,1793,KIDS RAIN MAC PINK
21790,940.0,926.0,14528.0,12515.96,72.24999999999999,12443.71,169,164,VINTAGE SNAP CARDS
21791,613.0,607.0,7889.0,10535.65,45.0,10490.65,210,202,VINTAGE HEADS AND TAILS CARD GAME
21792,76.0,76.0,344.0,1497.72,57.95,1439.77,1302,1311,CLASSIC FRENCH STYLE BASKET GREEN
21793,75.0,74.0,304.0,1296.6100000000001,0.0,1296.6100000000001,1421,1400,CLASSIC FRENCH STYLE BASKET BROWN
21794,106.0,106.0,522.0,2213.42,11.850000000000001,2201.57,982,971,CLASSIC FRENCH STYLE BASKET NATURAL
21801,125.0,125.0,1251.0,530.26,15.12,515.14,2170,2175,CHRISTMAS TREE DECORATION WITH BELL
21802,183.0,180.0,2125.0,920.4,0.42,919.98,1702,1688,CHRISTMAS TREE HEART DECORATION
21803,200.0,198.0,2390.0,1031.56,0.0,1031.56,1608,1582,CHRISTMAS TREE STAR DECORATION
21804,66.0,65.0,225.0,830.03,0.0,830.03,1784,1764,WHITE CHRISTMAS GARLAND STARS TREES
21807,35.0,30.0,439.0,189.42,0.0,189.42,2751,2735,WHITE CHRISTMAS STAR DECORATION
21808,49.0,48.0,181.0,641.58,0.0,641.58,2007,1990,"CHRISTMAS GARLAND STARS,TREES"
21809,123.0,117.0,1966.0,1119.56,0.0,1119.56,1535,1509,CHRISTMAS HANGING TREE WITH BELL
21810,268.0,252.0,5945.0,3022.79,73.75,2949.04,784,785,CHRISTMAS HANGING STAR WITH BELL
21811,257.0,245.0,4854.0,2687.4,18.72,2668.6800000000003,861,848,HANGING HEART WITH BELL
21812,101.0,100.0,394.0,1751.22,69.30000000000001,1681.92,1168,1182,GARLAND WITH HEARTS AND BELLS
21813,113.0,112.0,549.0,2280.4700000000003,34.650000000000006,2245.82,964,956,GARLAND WITH STARS AND BELLS
21814,18.0,15.0,78.0,117.57,0.0,117.57,2974,2964,HEART T-LIGHT HOLDER
21815,31.0,29.0,159.0,271.68,0.0,271.68,2568,2561,STAR  T-LIGHT HOLDER
21816,9.0,7.0,34.0,49.3,0.0,49.3,3308,3287,CHRISTMAS TREE T-LIGHT HOLDER
21817,65.0,58.0,912.0,414.63,0.0,414.63,2339,2328,GLITTER CHRISTMAS TREE
21818,180.0,163.0,2740.0,1322.5,0.0,1322.5,1407,1381,GLITTER HEART DECORATION
21819,135.0,124.0,2473.0,1067.82,0.0,1067.82,1575,1549,GLITTER CHRISTMAS STAR
21820,95.0,90.0,332.0,1379.72,112.5,1267.22,1376,1417,GLITTER HEART GARLAND WITH BELLS
21821,63.0,62.0,251.0,1037.05,45.0,992.05,1600,1625,GLITTER STAR GARLAND WITH BELLS
21822,106.0,97.0,740.0,759.44,4.6899999999999995,754.75,1864,1844,GLITTER CHRISTMAS TREE WITH BELLS
21823,105.0,97.0,1373.0,854.74,0.0,854.74,1761,1744,PAINTED METAL HEART WITH HOLLY BELL
21824,121.0,117.0,1917.0,1102.81,34.8,1068.01,1556,1547,PAINTED METAL STAR WITH HOLLY BELLS
21826,38.0,35.0,126.0,186.43,5.0,181.43,2758,2754,EIGHT PIECE DINOSAUR SET
21827,3.0,3.0,6.0,7.5,0.0,7.5,3758,3749,EIGHT PIECE CREEPY CRAWLIE SET
21828,87.0,84.0,333.0,439.54,0.0,439.54,2302,2289,EIGHT PIECE SNAKE  SET
21829,181.0,177.0,6873.0,1483.4199999999998,22.68,1460.7399999999998,1313,1297,DINOSAUR KEYRINGS ASSORTED
21830,103.0,99.0,2669.0,1127.23,20.16,1107.07,1529,1518,ASSORTED CREEPY CRAWLIES
21832,205.0,198.0,960.0,1799.9999999999998,41.25,1758.7499999999998,1149,1141,CHOCOLATE CALCULATOR
21833,168.0,168.0,2726.0,4594.43,50.7,4543.7300000000005,554,549,CAMOUFLAGE LED TORCH
21836,3.0,3.0,5.0,26.490000000000002,0.0,26.490000000000002,3497,3480,GINGHAM OVEN GLOVE RED HEART
21839,1.0,1.0,1.0,5.45,0.0,5.45,3799,3788,MUMMY MOUSE RED GINGHAM RIBBON
21841,23.0,21.0,74.0,314.5,0.0,314.5,2501,2490,BABY MOUSE RED GINGHAM DRESS
21843,542.0,539.0,2013.0,21365.25,2480.4999999999995,18884.75,84,90,RED RETROSPOT CAKE STAND
21844,158.0,156.0,1848.0,5170.64,58.6,5112.04,485,479,RED RETROSPOT MUG
21845,83.0,82.0,1907.0,1721.0900000000001,75.64,1645.45,1178,1201,DAIRY MAID STRIPE MUG
21846,103.0,103.0,424.0,1206.97,59.400000000000006,1147.57,1468,1486,PINK DIAMANTE PEN IN GIFT BOX
21847,33.0,33.0,76.0,178.89,0.0,178.89,2780,2765,GREEN  DIAMANTE PEN IN GIFT BOX
21849,69.0,66.0,175.0,558.83,0.0,558.83,2128,2112,SILVER DIAMANTE PEN IN GIFT BOX
21850,55.0,54.0,130.0,493.08,153.0,340.08,2225,2442,BLUE  DIAMANTE PEN IN GIFT BOX
21851,63.0,63.0,141.0,454.99,0.0,454.99,2272,2259,LILAC DIAMANTE PEN IN GIFT BOX
21864,187.0,184.0,829.0,2043.79,42.0,2001.79,1049,1045,UNION JACK FLAG PASSPORT COVER
21865,110.0,106.0,274.0,625.23,0.0,625.23,2034,2015,PINK UNION JACK  PASSPORT COVER
21866,197.0,193.0,750.0,1296.13,0.0,1296.13,1423,1402,UNION JACK FLAG LUGGAGE TAG
21867,134.0,121.0,353.0,486.5,0.0,486.5,2232,2218,PINK UNION JACK  LUGGAGE TAG
21868,306.0,302.0,2479.0,3262.25,99.41,3162.84,749,753,POTTING SHED TEA MUG
21870,167.0,163.0,1415.0,1861.46,32.5,1828.96,1125,1116,I CAN ONLY PLEASE ONE PERSON MUG
21871,362.0,357.0,5454.0,6681.21,740.9399999999999,5940.27,382,416,SAVE THE PLANET MUG
21872,147.0,142.0,1296.0,1459.98,17.72,1442.26,1325,1310,GLAMOROUS  MUG
21873,119.0,116.0,1621.0,1838.05,100.07000000000001,1737.98,1134,1150,IF YOU CAN'T STAND THE HEAT MUG
21874,297.0,295.0,2981.0,4149.929999999999,27.709999999999997,4122.219999999999,599,593,GIN AND TONIC MUG
21875,149.0,148.0,2055.0,2429.38,35.0,2394.38,914,913,KINGS CHOICE MUG
21876,336.0,333.0,3796.0,4834.51,58.9,4775.610000000001,525,522,POTTERING MUG
21877,355.0,349.0,5418.0,6942.33,1134.3200000000002,5808.01,357,428,HOME SWEET HOME MUG
21878,229.0,224.0,2524.0,2173.0499999999997,11.049999999999999,2161.9999999999995,997,981,PACK OF 6 SANDCASTLE FLAGS ASSORTED
21879,96.0,94.0,1178.0,386.77000000000004,0.0,386.77000000000004,2379,2364,HEARTS GIFT TAPE
21880,241.0,240.0,1903.0,858.7800000000001,7.800000000000001,850.9800000000001,1759,1747,RED RETROSPOT TAPE
21881,79.0,79.0,1102.0,383.11,0.0,383.11,2381,2366,CUTE CATS TAPE
21882,73.0,70.0,706.0,252.47000000000003,0.0,252.47000000000003,2613,2600,SKULLS TAPE
21883,133.0,133.0,1653.0,725.4200000000001,0.19,725.23,1909,1888,STARS GIFT TAPE
21884,93.0,93.0,1166.0,413.76,0.0,413.76,2342,2330,CAKES AND BOWS GIFT  TAPE
21888,380.0,378.0,1690.0,6667.04,56.25,6610.79,385,373,BINGO SET
21889,604.0,587.0,6402.0,8862.29,32.5,8829.79,269,260,WOODEN BOX OF DOMINOES
21890,238.0,231.0,1152.0,3689.46,18.4,3671.06,669,658,S/6 WOODEN SKITTLES IN COTTON BAG
21891,444.0,425.0,8145.0,10526.0,59.31999999999999,10466.68,211,204,TRADITIONAL WOODEN SKIPPING ROPE
21892,422.0,412.0,3196.0,4322.16,16.25,4305.91,583,574,TRADITIONAL WOODEN CATCH CUP GAME
21894,134.0,130.0,597.0,908.33,0.0,908.33,1710,1694,POTTING SHED SEED ENVELOPES
21895,2.0,2.0,2.0,12.72,0.0,12.72,3671,3660,POTTING SHED SOW 'N' GROW SET
21896,113.0,110.0,983.0,2279.09,9.75,2269.34,965,949,POTTING SHED TWINE
21897,3.0,3.0,405.0,1268.1899999999998,0.0,1268.1899999999998,1438,1416,POTTING SHED CANDLE CITRONELLA
21898,25.0,25.0,493.0,1541.11,0.0,1541.11,1281,1254,POTTING SHED ROSE CANDLE
21899,284.0,278.0,2684.0,1761.22,27.950000000000003,1733.27,1162,1153,GARAGE KEY FOB
21900,377.0,372.0,3234.0,2201.07,3.25,2197.82,988,972,"KEY FOB , SHED"
21901,318.0,308.0,1832.0,1280.49,5.8500000000000005,1274.64,1429,1413,"KEY FOB , BACK DOOR"
21902,216.0,210.0,1975.0,1270.8200000000002,5.8500000000000005,1264.9700000000003,1437,1418,"KEY FOB , FRONT  DOOR"
21903,182.0,180.0,1162.0,2494.3300000000004,27.300000000000004,2467.03,908,897,MAN FLU METAL SIGN
21904,25.0,23.0,51.0,107.10000000000001,0.0,107.10000000000001,3010,2999,HOUSE WRECKING METAL SIGN
21905,161.0,160.0,761.0,823.71,0.0,823.71,1792,1769,MORE BUTTER METAL SIGN
21906,174.0,173.0,581.0,4470.8099999999995,114.75,4356.0599999999995,569,566,PHARMACIE FIRST AID TIN
21907,370.0,367.0,2373.0,5031.38,27.300000000000004,5004.08,504,489,I'M ON HOLIDAY METAL SIGN
21908,475.0,468.0,3773.0,7756.420000000001,54.60000000000001,7701.820000000001,309,300,CHOCOLATE THIS WAY METAL SIGN
21910,8.0,8.0,36.0,59.39999999999999,0.0,59.39999999999999,3236,3220,WAY OUT METAL SIGN
21911,29.0,29.0,114.0,203.20999999999998,19.799999999999997,183.40999999999997,2713,2751,GARDEN METAL SIGN
21912,399.0,396.0,1790.0,7062.7,0.0,7062.7,346,327,VINTAGE SNAKES & LADDERS
21913,148.0,148.0,398.0,1565.83,11.25,1554.58,1266,1249,VINTAGE SEASIDE JIGSAW PUZZLES
21914,613.0,603.0,7879.0,10343.56,45.0,10298.56,217,208,BLUE HARMONICA IN BOX
21915,667.0,661.0,21933.0,26331.58,83.75,26247.83,44,40,RED  HARMONICA IN BOX
21916,366.0,359.0,4600.0,1973.9099999999999,10.08,1963.83,1084,1060,SET 12 RETRO WHITE CHALK STICKS
21917,228.0,225.0,4156.0,1704.03,5.46,1698.57,1189,1173,SET 12 KIDS  WHITE CHALK STICKS
21918,373.0,369.0,7200.0,2950.67,6.72,2943.9500000000003,798,787,SET 12 KIDS COLOUR  CHALK STICKS
21922,210.0,208.0,899.0,6952.31,0.0,6952.31,356,340,UNION STRIPE WITH FRINGE  HAMMOCK
21925,66.0,65.0,403.0,503.75,7.5,496.25,2207,2202,UNION STRIPE CUSHION COVER
21926,60.0,60.0,414.0,509.9,17.5,492.4,2195,2210,RED/CREAM STRIPE CUSHION COVER
21927,100.0,99.0,623.0,771.15,48.75,722.4,1843,1892,BLUE/CREAM STRIPE CUSHION COVER
21928,813.0,806.0,10473.0,21154.55,484.53000000000003,20670.02,86,84,JUMBO BAG SCANDINAVIAN BLUE PAISLEY
21929,873.0,865.0,11007.0,23181.14,387.07000000000005,22794.07,64,62,JUMBO BAG PINK VINTAGE PAISLEY
21930,717.0,705.0,6450.0,14031.16,6.24,14024.92,143,133,JUMBO STORAGE BAG SKULLS
21931,1197.0,1184.0,13654.0,30770.12,602.33,30167.789999999997,29,28,JUMBO STORAGE BAG SUKI
21932,454.0,446.0,2724.0,5001.98,55.349999999999994,4946.629999999999,508,500,SCANDINAVIAN PAISLEY PICNIC BAG
21933,421.0,410.0,2676.0,4964.03,34.449999999999996,4929.58,511,505,PINK VINTAGE PAISLEY PICNIC BAG
21934,412.0,411.0,2421.0,4480.28,16.5,4463.78,566,558,SKULL SHOULDER BAG
21935,531.0,530.0,3393.0,6298.61,1.65,6296.96,409,396,SUKI  SHOULDER BAG
21936,534.0,531.0,3987.0,11671.09,157.10000000000002,11513.99,185,178,RED RETROSPOT PICNIC BAG
21937,253.0,251.0,1708.0,4901.8,47.2,4854.6,516,510,STRAWBERRY   PICNIC BAG
21942,103.0,103.0,287.0,313.01,10.2,302.81,2504,2508,SKULLS DESIGN FLANNEL
21943,50.0,50.0,119.0,134.48999999999998,0.0,134.48999999999998,2912,2899,CAKES AND RABBITS DESIGN FLANNEL
21944,101.0,100.0,337.0,310.19,0.0,310.19,2507,2495,KITTENS DESIGN FLANNEL
21945,106.0,105.0,358.0,373.34,0.0,373.34,2399,2385,STRAWBERRIES  DESIGN FLANNEL
21946,25.0,25.0,86.0,75.35,0.0,75.35,3136,3122,PARTY TIME DESIGN FLANNEL
21947,159.0,152.0,813.0,1142.15,0.0,1142.15,1514,1494,SET OF 6 HEART CHOPSTICKS
21948,156.0,153.0,641.0,979.48,0.0,979.48,1651,1631,SET OF 6 CAKE CHOPSTICKS
21949,145.0,144.0,801.0,1054.44,0.0,1054.44,1588,1563,SET OF 6 STRAWBERRY CHOPSTICKS
21955,210.0,206.0,1230.0,7597.02,0.0,7597.02,318,308,DOORMAT UNION JACK GUNS AND ROSES
21967,239.0,232.0,5275.0,1583.4099999999999,0.0,1583.4099999999999,1253,1234,PACK OF 12 SKULL TISSUES
21972,65.0,65.0,335.0,499.08,2.9,496.18,2217,2203,SET OF 36 DINOSAUR PAPER DOILIES
21973,30.0,30.0,159.0,230.54999999999998,1.45,229.1,2659,2647,SET OF 36 MUSHROOM PAPER DOILIES
21974,360.0,360.0,2219.0,3545.6,88.44999999999999,3457.15,695,695,SET OF 36 PAISLEY FLOWER DOILIES
21975,638.0,601.0,12340.0,6117.910000000001,36.06,6081.85,413,405,PACK OF 60 DINOSAUR CAKE CASES
21976,406.0,393.0,5230.0,2886.9500000000003,15.950000000000001,2871.0000000000005,812,802,PACK OF 60 MUSHROOM CAKE CASES
21977,890.0,869.0,24854.0,12245.02,55.55000000000001,12189.470000000001,175,167,PACK OF 60 PINK PAISLEY CAKE CASES
21980,300.0,297.0,6687.0,2121.7599999999998,38.279999999999994,2083.4799999999996,1021,1016,PACK OF 12 RED RETROSPOT TISSUES
21981,276.0,271.0,5482.0,1655.36,2.73,1652.6299999999999,1212,1195,PACK OF 12 WOODLAND TISSUES
21982,371.0,359.0,7612.0,2304.14,0.39,2303.75,956,940,PACK OF 12 SUKI TISSUES
21983,155.0,155.0,2301.0,777.67,6.959999999999999,770.7099999999999,1834,1820,PACK OF 12 BLUE PAISLEY TISSUES
21984,217.0,212.0,3473.0,1116.9499999999998,17.4,1099.5499999999997,1539,1525,PACK OF 12 PINK PAISLEY TISSUES
21985,434.0,427.0,8803.0,2737.6299999999997,0.0,2737.6299999999997,847,828,PACK OF 12 HEARTS DESIGN TISSUES
21986,191.0,189.0,4067.0,1197.73,0.0,1197.73,1474,1452,PACK OF 12 PINK POLKADOT TISSUES
21987,176.0,171.0,2113.0,1346.65,8.450000000000001,1338.2,1394,1370,PACK OF 6 SKULL PAPER CUPS
21988,195.0,193.0,2321.0,1862.75,0.0,1862.75,1124,1102,PACK OF 6 SKULL PAPER PLATES
21989,342.0,335.0,2412.0,2235.65,0.0,2235.65,975,961,PACK OF 20 SKULL PAPER NAPKINS
21990,375.0,366.0,1679.0,2880.45,15.0,2865.45,814,803,MODERN FLORAL STATIONERY SET
21991,212.0,211.0,635.0,1080.82,15.0,1065.82,1565,1552,BOHEMIAN COLLAGE STATIONERY SET
21992,453.0,436.0,1913.0,3529.12,0.0,3529.12,696,684,VINTAGE PAISLEY STATIONERY SET
21993,432.0,425.0,1943.0,3363.34,15.0,3348.34,733,724,FLORAL FOLK STATIONERY SET
22016,1.0,1.0,1.0,83.33,0.0,83.33,3101,3087,Dotcomgiftshop Gift Voucher £100.00
22021,73.0,71.0,365.0,610.4499999999999,0.0,610.4499999999999,2053,2036,BLUE FELT EASTER EGG BASKET
22023,148.0,146.0,1218.0,543.76,5.04,538.72,2155,2144,EMPIRE BIRTHDAY CARD
22024,215.0,213.0,2430.0,1033.81,5.04,1028.77,1602,1584,RAINY LADIES BIRTHDAY CARD
22025,132.0,130.0,1847.0,766.09,5.04,761.0500000000001,1851,1833,RING OF ROSES BIRTHDAY CARD
22026,161.0,160.0,1656.0,717.12,5.04,712.08,1918,1902,BANQUET BIRTHDAY  CARD
22027,366.0,362.0,4392.0,1883.79,61.919999999999995,1821.87,1116,1121,TEA PARTY BIRTHDAY CARD
22028,264.0,262.0,3054.0,1309.18,5.04,1304.14,1414,1396,PENNY FARTHING BIRTHDAY CARD
22029,530.0,527.0,8185.0,3397.65,5.04,3392.61,729,715,SPACEBOY BIRTHDAY CARD
22030,277.0,274.0,5551.0,2247.97,0.0,2247.97,971,955,SWALLOWS GREETING CARD
22031,80.0,80.0,504.0,225.59,5.04,220.55,2669,2664,BOTANICAL LAVENDER BIRTHDAY CARD
22032,60.0,60.0,427.0,181.98,0.0,181.98,2769,2753,BOTANICAL LILY GREETING CARD
22033,22.0,22.0,337.0,141.95,0.0,141.95,2888,2876,BOTANICAL ROSE GREETING CARD
22034,4.0,4.0,10.0,5.02,5.04,-0.020000000000000462,3806,3902,ROBIN CHRISTMAS CARD
22035,138.0,137.0,1464.0,622.36,0.0,622.36,2038,2017,VINTAGE CARAVAN GREETING CARD
22037,359.0,354.0,3977.0,1715.48,0.0,1715.48,1183,1164,ROBOT BIRTHDAY CARD
22038,19.0,19.0,475.0,199.5,0.0,199.5,2723,2710,BOTANICAL LAVENDER GIFT WRAP
22039,7.0,7.0,250.0,105.0,10.5,94.5,3019,3050,BOTANICAL LILY GIFT WRAP
22040,28.0,28.0,725.0,304.5,0.0,304.5,2513,2502,BOTANICAL ROSE GIFT WRAP
22041,365.0,361.0,4374.0,11354.56,93.75,11260.81,193,186,"RECORD FRAME 7"" SINGLE SIZE"
22042,40.0,39.0,411.0,173.37,5.04,168.33,2793,2790,CHRISTMAS CARD SINGING ANGEL
22043,64.0,64.0,1238.0,304.5,0.0,304.5,2513,2502,CHRISTMAS CARD SCREEN PRINT
22044,36.0,36.0,816.0,196.44,0.0,196.44,2731,2718,CHRISTMAS CARD STACK OF PRESENTS
22045,209.0,208.0,6552.0,2683.84,31.5,2652.34,864,852,SPACEBOY GIFT WRAP
22046,75.0,75.0,2250.0,929.0,14.28,914.72,1694,1690,TEA PARTY  WRAPPING PAPER
22047,108.0,106.0,3425.0,1394.5,10.5,1384.0,1359,1340,EMPIRE GIFT WRAP
22048,32.0,32.0,975.0,393.5,10.5,383.0,2368,2367,BIRTHDAY BANQUET GIFT WRAP
22049,34.0,33.0,1075.0,296.25,10.5,285.75,2525,2533,WRAP CHRISTMAS SCREEN PRINT
22050,40.0,40.0,1225.0,498.5,10.5,488.0,2218,2216,PINK PAISLEY ROSE GIFT WRAP
22051,40.0,39.0,1000.0,420.0,0.0,420.0,2328,2318,BLUE SCANDINAVIAN PAISLEY WRAP
22052,27.0,27.0,650.0,273.0,21.0,252.0,2563,2602,VINTAGE CARAVAN GIFT WRAP
22053,28.0,28.0,4244.0,3606.4199999999996,1.25,3605.1699999999996,683,669,EMPIRE DESIGN ROSETTE
22055,226.0,220.0,1377.0,2086.49,37.74999999999999,2048.74,1038,1027,MINI CAKE STAND  HANGING STRAWBERY
22057,61.0,61.0,584.0,667.92,71.52,596.4,1978,2054,CERAMIC PLATE STRAWBERRY DESIGN
22059,184.0,173.0,1790.0,2094.24,35.760000000000005,2058.4799999999996,1032,1025,CERAMIC STRAWBERRY DESIGN MUG
22060,37.0,34.0,233.0,1118.95,87.2,1031.75,1537,1580,LARGE CAKE STAND HANGING HEARTS
22061,147.0,146.0,583.0,4228.01,149.04999999999998,4078.96,590,598,LARGE CAKE STAND  HANGING STRAWBERY
22062,82.0,73.0,588.0,682.01,4.9799999999999995,677.03,1960,1950,CERAMIC BOWL WITH LOVE HEART DESIGN
22063,128.0,120.0,590.0,1388.1000000000001,17.700000000000003,1370.4,1368,1351,CERAMIC BOWL WITH STRAWBERRY DESIGN
22064,250.0,241.0,1734.0,2556.2,57.599999999999994,2498.6,894,892,PINK DOUGHNUT TRINKET POT
22065,256.0,241.0,6751.0,3470.83,22.02,3448.81,707,696,CHRISTMAS PUDDING TRINKET POT
22066,144.0,135.0,2255.0,1051.05,1.9500000000000002,1049.1,1592,1567,LOVE HEART TRINKET POT
22067,73.0,70.0,412.0,645.2199999999999,9.1,636.1199999999999,2001,1996,CHOC TRUFFLE GOLD TRINKET POT
22068,147.0,143.0,531.0,863.38,21.449999999999996,841.93,1756,1752,BLACK PIRATE TREASURE CHEST
22069,148.0,146.0,416.0,996.8,0.0,996.8,1638,1621,BROWN  PIRATE TREASURE CHEST
22070,118.0,116.0,949.0,2358.15,336.54,2021.6100000000001,941,1039,SMALL RED RETROSPOT MUG IN BOX
22071,89.0,86.0,730.0,1388.05,180.5,1207.55,1369,1447,SMALL WHITE RETROSPOT MUG IN BOX
22072,171.0,162.0,854.0,2831.17,71.25,2759.92,824,818,RED RETROSPOT TEA CUP AND SAUCER
22073,73.0,69.0,336.0,1343.64,45.0,1298.64,1396,1399,RED RETROSPOT STORAGE JAR
22074,201.0,199.0,1403.0,1241.32,19.799999999999997,1221.52,1448,1434,6 RIBBONS SHIMMERING PINKS
22075,205.0,200.0,1800.0,2503.3399999999997,19.799999999999997,2483.5399999999995,905,896,6 RIBBONS ELEGANT CHRISTMAS
22076,227.0,225.0,1260.0,1669.5299999999997,0.0,1669.5299999999997,1203,1189,6 RIBBONS EMPIRE
22077,980.0,955.0,9183.0,17205.37,56.099999999999994,17149.27,111,107,6 RIBBONS RUSTIC CHARM
22078,201.0,192.0,1381.0,2948.41,0.0,2948.41,799,786,RIBBON REEL LACE DESIGN
22079,331.0,323.0,1911.0,3348.39,49.5,3298.89,737,731,RIBBON REEL HEARTS DESIGN
22080,160.0,155.0,1221.0,2028.23,16.5,2011.73,1053,1042,RIBBON REEL POLKADOTS
22081,140.0,138.0,654.0,1193.0,16.5,1176.5,1475,1462,RIBBON REEL FLORA + FAUNA
22082,427.0,409.0,2713.0,4716.33,33.0,4683.33,541,536,RIBBON REEL STRIPES DESIGN
22083,614.0,610.0,4658.0,14159.54,165.20000000000002,13994.34,140,135,PAPER CHAIN KIT RETROSPOT
22084,446.0,436.0,5189.0,15122.970000000001,120.95,15002.02,131,127,PAPER CHAIN KIT EMPIRE
22085,98.0,97.0,548.0,1566.99,0.0,1566.99,1265,1244,PAPER CHAIN KIT SKULLS
22086,1200.0,1160.0,19355.0,64952.29,1160.35,63791.94,8,6,PAPER CHAIN KIT 50'S CHRISTMAS
22087,334.0,326.0,4089.0,11893.230000000001,223.8,11669.430000000002,182,175,PAPER BUNTING WHITE LACE
22088,240.0,238.0,1893.0,5661.05,149.2,5511.85,450,449,PAPER BUNTING COLOURED LACE
22089,275.0,272.0,1424.0,4460.38,0.0,4460.38,572,560,PAPER BUNTING VINTAGE PAISLEY
22090,804.0,798.0,7564.0,22790.960000000003,196.40000000000003,22594.56,70,65,PAPER BUNTING RETROSPOT
22091,172.0,167.0,1991.0,1033.22,8.75,1024.47,1604,1588,EMPIRE TISSUE BOX
22092,93.0,91.0,672.0,322.18,0.0,322.18,2478,2466,BLUE PAISLEY TISSUE BOX
22093,167.0,160.0,1835.0,824.08,15.0,809.08,1790,1778,MOTORING TISSUE BOX
22094,209.0,200.0,2172.0,1138.2,39.97,1098.23,1520,1526,RED RETROSPOT TISSUE BOX
22095,155.0,143.0,1650.0,1610.41,11.06,1599.3500000000001,1239,1228,LADS ONLY TISSUE BOX
22096,126.0,117.0,1373.0,586.82,2.34,584.48,2083,2069,PINK PAISLEY SQUARE TISSUE BOX
22097,165.0,145.0,1610.0,739.57,3.9000000000000004,735.6700000000001,1889,1868,SWALLOW SQUARE TISSUE BOX
22098,180.0,172.0,1994.0,1003.19,30.11,973.08,1631,1636,BOUDOIR SQUARE TISSUE BOX
22099,164.0,153.0,1446.0,804.65,11.25,793.4,1804,1789,CARAVAN SQUARE TISSUE BOX
22100,61.0,59.0,757.0,356.46000000000004,0.0,356.46000000000004,2423,2407,SKULLS SQUARE TISSUE BOX
22101,69.0,69.0,1438.0,2053.17,126.36,1926.8100000000002,1046,1072,MIRROR MOSAIC VOTIVE HOLDER
22102,31.0,31.0,1622.0,831.84,280.8,551.04,1782,2127,MIRROR MOSAIC T-LIGHT HOLDER
22103,28.0,26.0,1260.0,928.04,201.66000000000003,726.3799999999999,1695,1886,MIRROR MOSAIC T-LIGHT HOLDER ROUND
22104,59.0,59.0,288.0,343.71,0.0,343.71,2449,2435,MIRROR MOSAIC CANDLE PLATE
22105,33.0,33.0,574.0,847.82,228.0,619.82,1766,2022,MIRROR MOSAIC GOBLET CANDLE HOLDER
22106,47.0,47.0,349.0,898.38,156.75,741.63,1719,1862,MIRROR MOSAIC HURRICANE LAMP
22107,184.0,179.0,594.0,2158.06,76.25,2081.81,1004,1017,PIZZA PLATE IN BOX
22108,63.0,63.0,152.0,415.09000000000003,0.0,415.09000000000003,2338,2326,PING! MICROWAVE PLATE
22109,301.0,296.0,1642.0,6928.65,114.39,6814.259999999999,361,353,FULL ENGLISH BREAKFAST PLATE
22110,289.0,279.0,1173.0,4914.69,5.1,4909.589999999999,515,506,BIRD HOUSE HOT WATER BOTTLE
22111,791.0,771.0,4666.0,24509.84,544.4499999999999,23965.39,53,53,SCOTTIE DOG HOT WATER BOTTLE
22112,880.0,858.0,6025.0,32866.18,548.88,32317.3,25,22,CHOCOLATE HOT WATER BOTTLE
22113,591.0,561.0,3231.0,12805.33,104.25,12701.08,161,156,GREY HEART HOT WATER BOTTLE
22114,650.0,643.0,5747.0,33002.590000000004,310.1,32692.490000000005,23,20,HOT WATER BOTTLE TEA AND SYMPATHY
22115,230.0,228.0,1549.0,2020.91,0.0,2020.91,1057,1040,METAL SIGN EMPIRE TEA
22116,148.0,148.0,575.0,620.42,10.2,610.2199999999999,2044,2037,METAL SIGN HIS DINNER IS SERVED
22117,95.0,95.0,1320.0,3896.4500000000003,0.0,3896.4500000000003,635,624,METAL SIGN HER DINNER IS SERVED
22118,91.0,89.0,232.0,901.46,0.0,901.46,1718,1700,JOY WOODEN BLOCK LETTERS
22119,113.0,106.0,351.0,1766.57,6.95,1759.62,1159,1140,PEACE WOODEN BLOCK LETTERS
22120,191.0,188.0,526.0,5276.94,119.39999999999999,5157.54,474,474,WELCOME  WOODEN BLOCK LETTERS
22121,135.0,133.0,353.0,2165.65,5.95,2159.7000000000003,1000,984,NOEL WOODEN BLOCK LETTERS
22123,124.0,122.0,509.0,1069.1699999999998,0.0,1069.1699999999998,1573,1546,PING MICROWAVE APRON
22124,77.0,76.0,150.0,309.11,0.0,309.11,2509,2497,SET OF 2 TEA TOWELS PING MICROWAVE
22125,3.0,3.0,13.0,139.86,0.0,139.86,2897,2883,UNION JACK HOT WATER BOTTLE
22127,23.0,22.0,404.0,504.88,0.0,504.88,2204,2191,PARTY CONES CARNIVAL ASSORTED
22128,76.0,76.0,1762.0,2127.53,70.0,2057.53,1016,1026,PARTY CONES CANDY ASSORTED
22129,101.0,100.0,1194.0,1231.52,0.0,1231.52,1454,1430,PARTY CONES CANDY DECORATION
22130,113.0,110.0,2277.0,2664.6299999999997,104.52999999999999,2560.0999999999995,868,877,PARTY CONE CHRISTMAS DECORATION
22131,302.0,291.0,2039.0,3952.19,1.95,3950.2400000000002,628,618,FOOD CONTAINER SET 3 LOVE HEART
22132,154.0,154.0,1038.0,939.03,10.2,928.8299999999999,1684,1680,RED LOVE HEART SHAPE CUP
22133,133.0,133.0,816.0,770.73,0.0,770.73,1845,1819,PINK LOVE HEART SHAPE CUP
22134,164.0,162.0,890.0,419.42,0.0,419.42,2330,2319,MINI LADLE LOVE HEART RED
22135,180.0,179.0,568.0,322.8,0.0,322.8,2475,2463,MINI LADLE LOVE HEART PINK
22136,87.0,84.0,379.0,680.93,1.45,679.4799999999999,1962,1945,LOVE HEART SOCK HANGER
22137,14.0,14.0,82.0,237.98000000000002,0.0,237.98000000000002,2642,2628,BATHROOM SET LOVE HEART DESIGN
22138,947.0,934.0,4948.0,24239.72,311.09999999999997,23928.620000000003,57,54,BAKING SET 9 PIECE RETROSPOT
22139,972.0,962.0,4527.0,22912.81,195.29999999999998,22717.510000000002,68,63,RETROSPOT TEA SET CERAMIC 11 PC
22141,469.0,457.0,2796.0,6474.290000000001,33.6,6440.6900000000005,391,383,CHRISTMAS CRAFT TREE TOP ANGEL
22142,389.0,377.0,3250.0,4950.54,15.95,4934.59,512,504,CHRISTMAS CRAFT WHITE FAIRY
22144,560.0,544.0,4082.0,9681.18,92.4,9588.78,242,232,CHRISTMAS CRAFT LITTLE FRIENDS
22145,1.0,1.0,30.0,63.0,0.0,63.0,3214,3199,CHRISTMAS CRAFT HEART STOCKING
22146,1.0,1.0,1.0,1.95,0.0,1.95,3885,3874,EASTER CRAFT IVY WREATH WITH CHICK
22147,498.0,481.0,6230.0,8626.939999999999,1103.65,7523.289999999999,273,310,FELTCRAFT BUTTERFLY HEARTS
22148,192.0,186.0,1939.0,3929.15,29.25,3899.9,630,623,EASTER CRAFT 4 CHICKS
22149,559.0,547.0,6078.0,12373.880000000001,1158.3,11215.580000000002,173,189,FELTCRAFT 6 FLOWER FRIENDS
22150,479.0,468.0,3030.0,5925.389999999999,21.449999999999996,5903.94,431,422,3 STRIPEY MICE FELTCRAFT
22151,340.0,332.0,15150.0,6332.29,321.96000000000004,6010.33,406,411,PLACE SETTING WHITE HEART
22152,110.0,105.0,2408.0,1053.5,1.68,1051.82,1589,1566,PLACE SETTING WHITE STAR
22153,138.0,131.0,2653.0,1134.25,29.400000000000002,1104.85,1525,1521,ANGEL DECORATION STARS ON DRESS
22154,169.0,162.0,3749.0,1638.35,2.94,1635.4099999999999,1221,1208,ANGEL DECORATION 3 BUTTONS
22155,151.0,142.0,2454.0,1134.45,20.16,1114.29,1524,1513,STAR DECORATION RUSTIC
22156,263.0,256.0,2198.0,2114.83,88.21,2026.62,1022,1036,HEART DECORATION WITH PEARLS
22157,11.0,11.0,212.0,180.2,0.0,180.2,2775,2762,ANGEL DECORATION WITH LACE PADDED
22158,315.0,303.0,3463.0,11944.880000000001,71.75,11873.130000000001,180,172,3 HEARTS HANGING DECORATION RUSTIC
22161,362.0,340.0,5088.0,1647.16,4.5600000000000005,1642.6000000000001,1217,1203,HEART DECORATION RUSTIC HANGING
22162,92.0,91.0,264.0,841.24,32.45,808.79,1770,1779,HEART GARLAND RUSTIC PADDED
22163,124.0,122.0,875.0,1042.78,19.75,1023.03,1596,1589,HEART STRING MEMO HOLDER HANGING
22164,15.0,15.0,78.0,250.22000000000003,0.0,250.22000000000003,2617,2603,STRING OF STARS CARD HOLDER
22165,147.0,146.0,415.0,3328.2,12.75,3315.45,738,729,"DIAMANTE HEART SHAPED WALL MIRROR,"
22166,87.0,87.0,207.0,1614.4,23.85,1590.5500000000002,1234,1232,WALL MIRROR RECTANGLE DIAMANTE PINK
22167,157.0,156.0,237.0,2401.0699999999997,49.75,2351.3199999999997,925,928,OVAL WALL MIRROR DIAMANTE
22168,76.0,76.0,143.0,1205.3,110.5,1094.8,1469,1527,ORGANISER WOOD ANTIQUE WHITE
22169,373.0,372.0,1198.0,10354.26,257.55,10096.710000000001,216,212,FAMILY ALBUM WHITE PICTURE FRAME
22170,265.0,265.0,1068.0,6977.6,118.65,6858.950000000001,355,346,PICTURE FRAME WOOD TRIPLE PORTRAIT
22171,386.0,382.0,1811.0,13746.11,876.35,12869.76,149,153,3 HOOK PHOTO SHELF ANTIQUE WHITE
22173,500.0,493.0,2446.0,7773.7,279.77,7493.93,307,313,METAL 4 HOOK HANGER FRENCH CHATEAU
22174,331.0,321.0,3239.0,6013.429999999999,0.0,6013.429999999999,423,410,PHOTO CUBE
22175,173.0,171.0,879.0,2600.13,5.9,2594.23,882,869,PINK OWL SOFT TOY
22176,118.0,115.0,513.0,1539.8300000000002,5.9,1533.93,1282,1258,BLUE OWL SOFT TOY
22178,1047.0,1037.0,24304.0,33187.97,638.4,32549.57,22,21,VICTORIAN GLASS HANGING T-LIGHT
22179,293.0,289.0,967.0,7232.95,178.95,7054.0,331,328,SET 10 NIGHT OWL LIGHTS
22180,156.0,155.0,334.0,3561.3399999999997,194.64999999999995,3366.6899999999996,693,721,RETROSPOT LAMP
22181,57.0,57.0,591.0,500.90999999999997,22.95,477.96,2216,2229,SNOWSTORM PHOTO FRAME FRIDGE MAGNET
22182,124.0,122.0,374.0,1430.48,14.850000000000001,1415.63,1337,1320,CAKE STAND VICTORIAN FILIGREE SMALL
22183,129.0,129.0,322.0,1916.01,8.95,1907.06,1101,1080,CAKE STAND VICTORIAN FILIGREE MED
22184,35.0,35.0,56.0,471.86,17.0,454.86,2251,2260,CAKE STAND VICTORIAN FILIGREE LARGE
22185,166.0,162.0,1510.0,2291.4399999999996,0.0,2291.4399999999996,962,947,SLATE TILE NATURAL HANGING
22186,150.0,149.0,848.0,1997.48,132.14999999999998,1865.33,1073,1100,RED STAR CARD HOLDER
22187,194.0,192.0,1266.0,3245.68,14.7,3230.98,750,740,GREEN CHRISTMAS TREE CARD HOLDER
22188,190.0,189.0,4871.0,12487.17,3.95,12483.22,170,163,BLACK HEART CARD HOLDER
22189,531.0,524.0,8291.0,23463.47,31.6,23431.870000000003,62,56,CREAM HEART CARD HOLDER
22190,117.0,116.0,676.0,1057.71,0.0,1057.71,1586,1562,LOCAL CAFE MUG
22191,425.0,415.0,1452.0,11971.15,2653.7000000000003,9317.449999999999,179,243,IVORY DINER WALL CLOCK
22192,365.0,365.0,954.0,8189.29,168.3,8020.99,290,285,BLUE DINER WALL CLOCK
22193,463.0,460.0,1403.0,11882.57,192.95000000000002,11689.619999999999,183,174,RED DINER WALL CLOCK
22194,44.0,44.0,66.0,625.6899999999999,17.0,608.6899999999999,2033,2038,BLACK DINER WALL CLOCK
22195,381.0,373.0,1979.0,3725.6099999999997,1.65,3723.9599999999996,660,650,LARGE HEART MEASURING SPOONS
22196,485.0,472.0,2853.0,2759.2599999999998,24.13,2735.1299999999997,838,830,SMALL HEART MEASURING SPOONS
22197,1426.0,1392.0,56921.0,51354.02,366.55,50987.469999999994,12,10,POPCORN HOLDER
22198,86.0,86.0,1025.0,1870.9099999999999,69.35,1801.56,1119,1131,LARGE POPCORN HOLDER
22199,168.0,167.0,468.0,1927.84,34.0,1893.84,1098,1086,FRYING PAN RED RETROSPOT
22200,141.0,140.0,398.0,1809.48,15.0,1794.48,1143,1133,FRYING PAN PINK POLKADOT
22201,87.0,87.0,193.0,716.8,8.5,708.3,1920,1910,FRYING PAN BLUE POLKADOT
22202,37.0,37.0,64.0,319.35,3.75,315.6,2486,2485,MILK PAN PINK POLKADOT
22203,145.0,145.0,403.0,1483.13,7.5,1475.63,1314,1294,MILK PAN RED RETROSPOT
22204,80.0,79.0,197.0,669.54,18.75,650.79,1977,1981,MILK PAN BLUE POLKADOT
22206,5.0,5.0,5.0,4.17,0.0,4.17,3832,3819,"MUG , DOTCOMGIFTSHOP.COM"
22207,209.0,208.0,1334.0,5837.84,282.25,5555.59,436,446,FRYING PAN UNION FLAG
22208,291.0,280.0,1515.0,1576.4699999999998,11.61,1564.86,1260,1245,WOOD STAMP SET THANK YOU
22209,178.0,173.0,950.0,968.3699999999999,9.959999999999999,958.4099999999999,1659,1650,WOOD STAMP SET HAPPY BIRTHDAY
22210,195.0,187.0,1019.0,959.6999999999999,0.0,959.6999999999999,1668,1647,WOOD STAMP SET BEST WISHES
22211,202.0,196.0,1009.0,1124.04,69.6,1054.44,1530,1563,WOOD STAMP SET FLOWERS
22212,410.0,399.0,1615.0,3713.54,50.400000000000006,3663.14,666,660,FOUR HOOK  WHITE LOVEBIRDS
22214,56.0,56.0,193.0,416.59999999999997,0.0,416.59999999999997,2336,2324,CANDLE PLATE LACE WHITE
22215,101.0,101.0,343.0,2471.39,17.0,2454.39,909,899,CAKE STAND WHITE TWO TIER LACE
22216,68.0,68.0,588.0,512.93,0.0,512.93,2192,2177,T-LIGHT HOLDER WHITE LACE
22217,83.0,82.0,840.0,832.51,50.0,782.51,1781,1803,T-LIGHT HOLDER HANGING LACE
22218,1.0,1.0,1.0,4.25,0.0,4.25,3827,3815,CAKE STAND LACE WHITE
22219,557.0,544.0,4138.0,4037.9799999999996,22.099999999999998,4015.8799999999997,616,606,LOVEBIRD HANGING DECORATION WHITE
22220,87.0,86.0,232.0,1859.2,201.5,1657.7,1126,1193,CAKE STAND LOVEBIRD 2 TIER WHITE
22221,51.0,51.0,131.0,1104.54,19.9,1084.6399999999999,1555,1536,CAKE STAND LOVEBIRD 2 TIER PINK
22222,222.0,222.0,1057.0,3880.2,0.0,3880.2,637,627,CAKE PLATE LOVEBIRD WHITE
22223,79.0,78.0,441.0,1821.6100000000001,0.0,1821.6100000000001,1141,1122,CAKE PLATE LOVEBIRD PINK
22224,166.0,164.0,835.0,2767.01,11.8,2755.21,834,820,WHITE LOVEBIRD LANTERN
22227,301.0,289.0,2341.0,1708.0700000000002,1.3,1706.7700000000002,1185,1166,HANGING HEART MIRROR DECORATION
22228,148.0,147.0,1001.0,778.63,1.7,776.93,1833,1810,BUNNY WOODEN PAINTED WITH BIRD
22229,103.0,101.0,568.0,432.46,1.7,430.76,2310,2303,BUNNY WOODEN PAINTED WITH FLOWER
22230,104.0,101.0,1048.0,480.91999999999996,13.529999999999998,467.39,2240,2242,JIGSAW TREE WITH WATERING CAN
22231,149.0,144.0,1000.0,1029.76,95.05,934.71,1609,1673,JIGSAW TREE WITH BIRDHOUSE
22232,83.0,83.0,690.0,604.4599999999999,54.71999999999999,549.7399999999999,2063,2131,JIGSAW TOADSTOOLS 3 PIECE
22233,109.0,105.0,597.0,607.7299999999999,33.59,574.1399999999999,2058,2084,JIGSAW RABBIT AND BIRDHOUSE
22236,88.0,88.0,308.0,3624.5999999999995,508.94999999999993,3115.6499999999996,680,757,CAKE STAND 3 TIER MAGIC GARDEN
22241,244.0,239.0,1978.0,2641.93,4.8100000000000005,2637.12,875,855,GARLAND WOODEN HAPPY EASTER
22242,34.0,34.0,640.0,994.3799999999999,56.099999999999994,938.2799999999999,1642,1668,5 HOOK HANGER MAGIC TOADSTOOL
22243,134.0,131.0,3099.0,4753.29,18.15,4735.14,534,529,5 HOOK HANGER RED MAGIC TOADSTOOL
22244,162.0,159.0,1705.0,3280.1099999999997,31.199999999999996,3248.91,744,739,3 HOOK HANGER MAGIC GARDEN
22245,100.0,98.0,1263.0,1070.85,4.25,1066.6,1571,1551,"HOOK, 1 HANGER ,MAGIC GARDEN"
22246,90.0,90.0,431.0,962.77,23.4,939.37,1666,1667,MAGIC GARDEN FELT GARLAND
22247,118.0,113.0,670.0,593.14,0.0,593.14,2077,2060,BUNNY DECORATION MAGIC GARDEN
22248,112.0,109.0,594.0,525.9399999999999,17.0,508.93999999999994,2179,2184,DECORATION  PINK CHICK MAGIC GARDEN
22249,156.0,145.0,944.0,826.46,3.4,823.0600000000001,1787,1770,DECORATION WHITE CHICK MAGIC GARDEN
22250,149.0,147.0,821.0,732.65,3.4,729.25,1896,1881,DECORATION  BUTTERFLY  MAGIC GARDEN
22251,140.0,137.0,714.0,891.99,20.0,871.99,1730,1732,BIRDHOUSE DECORATION MAGIC GARDEN
22252,71.0,67.0,650.0,770.32,7.5,762.82,1847,1831,BIRDCAGE DECORATION TEALIGHT HOLDER
22254,61.0,61.0,657.0,836.8000000000001,0.0,836.8000000000001,1777,1759,FELT TOADSTOOL LARGE
22255,77.0,77.0,629.0,602.63,0.0,602.63,2065,2046,FELT TOADSTOOL  SMALL
22256,56.0,50.0,291.0,394.15,0.0,394.15,2366,2355,FELT FARM ANIMAL CHICKEN
22257,44.0,42.0,373.0,280.42,0.0,280.42,2551,2544,FELT FARM ANIMAL SHEEP
22258,77.0,77.0,912.0,743.89,8.75,735.14,1884,1869,FELT FARM ANIMAL RABBIT
22259,45.0,44.0,481.0,332.84,0.0,332.84,2462,2450,FELT FARM ANIMAL HEN
22260,107.0,104.0,552.0,577.4399999999999,3.4,574.04,2097,2086,FELT EGG COSY BLUE RABBIT
22261,116.0,107.0,585.0,549.81,3.4,546.41,2149,2139,FELT EGG COSY WHITE RABBIT
22262,144.0,137.0,1027.0,953.8599999999999,4.25,949.6099999999999,1672,1657,FELT EGG COSY CHICKEN
22263,54.0,51.0,327.0,196.82,32.34,164.48,2730,2805,FELT EGG COSY LADYBIRD
22264,100.0,96.0,1563.0,738.68,0.0,738.68,1890,1865,FELT FARM ANIMAL WHITE BUNNY
22265,71.0,64.0,540.0,366.15000000000003,0.0,366.15000000000003,2407,2393,EASTER DECORATION NATURAL CHICK
22266,100.0,92.0,1888.0,596.5,0.0,596.5,2071,2053,EASTER DECORATION HANGING BUNNY
22267,85.0,83.0,836.0,673.17,0.0,673.17,1969,1953,EASTER DECORATION EGG BUNNY
22268,164.0,158.0,2011.0,804.04,8.26,795.78,1805,1786,DECORATION SITTING BUNNY
22269,127.0,125.0,933.0,622.74,0.0,622.74,2037,2016,EGG CUP NATURAL CHICKEN
22270,56.0,53.0,244.0,945.9499999999999,25.89,920.06,1682,1687,HAPPY EASTER HANGING DECORATION
22271,308.0,301.0,1706.0,5022.1,23.6,4998.5,506,491,FELTCRAFT DOLL ROSIE
22272,49.0,48.0,196.0,564.9200000000001,2.95,561.97,2118,2105,FELTCRAFT DOLL MARIA
22273,338.0,331.0,4514.0,12016.34,3512.649999999999,8503.69,178,269,FELTCRAFT DOLL MOLLY
22274,274.0,267.0,1347.0,3974.1300000000006,20.650000000000002,3953.4800000000005,627,615,FELTCRAFT DOLL EMILY
22275,1.0,1.0,69.0,527.85,0.0,527.85,2178,2161,WEEKEND BAG VINTAGE ROSE PAISLEY
22276,85.0,85.0,290.0,838.86,17.849999999999998,821.01,1776,1773,WASH BAG VINTAGE ROSE PAISLEY
22277,100.0,100.0,417.0,897.74,0.0,897.74,1721,1703,COSMETIC BAG VINTAGE ROSE PAISLEY
22278,183.0,178.0,406.0,2709.3,29.700000000000003,2679.6000000000004,853,844,OVERNIGHT BAG VINTAGE ROSE PAISLEY
22279,133.0,128.0,834.0,1007.15,1.25,1005.9,1627,1611,POCKET BAG BLUE PAISLEY RED SPOT
22280,97.0,95.0,469.0,510.84,0.0,510.84,2194,2180,POCKET BAG PINK PAISELY BROWN SPOT
22281,64.0,63.0,132.0,935.39,0.0,935.39,1686,1671,EASTER TREE YELLOW BIRDS
22282,99.0,99.0,149.0,2378.52,12.75,2365.77,934,925,12 EGG HOUSE PAINTED WOOD
22283,156.0,155.0,301.0,2742.33,31.8,2710.5299999999997,846,836,6 EGG HOUSE PAINTED WOOD
22284,136.0,131.0,954.0,1641.62,21.449999999999996,1620.1699999999998,1219,1219,HEN HOUSE DECORATION
22285,124.0,120.0,871.0,1494.8999999999999,0.0,1494.8999999999999,1303,1283,HANGING HEN ON NEST DECORATION
22286,118.0,115.0,1149.0,1065.3899999999999,0.0,1065.3899999999999,1577,1554,DECORATION WOBBLY RABBIT METAL
22287,82.0,80.0,796.0,720.16,4.68,715.48,1912,1899,DECORATION WOBBLY CHICKEN
22288,63.0,58.0,475.0,618.2,0.0,618.2,2047,2027,HANGING METAL RABBIT DECORATION
22289,37.0,34.0,152.0,198.52,0.0,198.52,2726,2714,HANGING METAL CHICKEN DECORATION
22291,127.0,120.0,1317.0,1946.62,34.8,1911.82,1094,1078,HANGING CHICK CREAM DECORATION
22292,119.0,112.0,1139.0,1608.86,0.0,1608.86,1241,1223,HANGING CHICK  YELLOW DECORATION
22293,129.0,122.0,907.0,1341.6699999999998,0.0,1341.6699999999998,1398,1367,HANGING CHICK GREEN DECORATION
22294,314.0,299.0,5534.0,6901.33,42.5,6858.83,364,347,HEART FILIGREE DOVE  SMALL
22295,260.0,250.0,2807.0,4643.669999999999,19.799999999999997,4623.869999999999,550,544,HEART FILIGREE DOVE LARGE
22296,332.0,318.0,3156.0,5274.119999999999,1.65,5272.469999999999,475,468,HEART IVORY TRELLIS LARGE
22297,389.0,378.0,4171.0,5468.66,0.0,5468.66,466,455,HEART IVORY TRELLIS SMALL
22299,80.0,80.0,1379.0,1386.97,65.0,1321.97,1371,1382,PIG KEYRING WITH LIGHT & SOUND
22300,199.0,196.0,1542.0,3444.91,33.15,3411.7599999999998,717,710,COFFEE MUG DOG + BALL DESIGN
22301,256.0,252.0,2225.0,5031.83,59.4,4972.43,503,497,COFFEE MUG CAT + BIRD DESIGN
22302,214.0,212.0,2330.0,5136.84,30.599999999999998,5106.24,491,480,COFFEE MUG PEARS  DESIGN
22303,263.0,261.0,2822.0,6353.55,171.15,6182.400000000001,404,402,COFFEE MUG APPLES DESIGN
22304,62.0,61.0,767.0,1368.18,0.0,1368.18,1381,1354,COFFEE MUG BLUE PAISLEY DESIGN
22305,51.0,51.0,693.0,1604.58,2.55,1602.03,1245,1227,COFFEE MUG PINK PAISLEY DESIGN
22306,115.0,111.0,1174.0,1428.57,28.699999999999996,1399.87,1339,1329,SILVER MUG BONE CHINA TREE OF LIFE
22307,75.0,74.0,770.0,969.64,45.900000000000006,923.74,1658,1683,GOLD MUG BONE CHINA TREE OF LIFE
22308,105.0,105.0,250.0,877.38,0.0,877.38,1745,1727,TEA COSY BLUE STRIPE
22309,123.0,121.0,370.0,1093.6,0.0,1093.6,1558,1529,TEA COSY RED  STRIPE
22310,111.0,109.0,668.0,1296.23,0.0,1296.23,1422,1401,IVORY KNITTED MUG COSY
22311,149.0,142.0,1137.0,3418.51,20.650000000000002,3397.86,724,714,OFFICE MUG WARMER BLACK+SILVER
22312,137.0,131.0,649.0,1962.2900000000002,76.70000000000002,1885.5900000000001,1088,1093,OFFICE MUG WARMER POLKADOT
22313,67.0,65.0,565.0,1564.8300000000002,637.5,927.3300000000002,1268,1681,OFFICE MUG WARMER PINK
22314,136.0,133.0,571.0,1762.0700000000002,5.9,1756.17,1161,1143,OFFICE MUG WARMER CHOC+BLUE
22315,175.0,172.0,918.0,1221.43,0.0,1221.43,1459,1435,200 RED + WHITE BENDY STRAWS
22316,56.0,55.0,661.0,743.62,1.25,742.37,1885,1859,200 BENDY SKULL STRAWS
22317,90.0,89.0,287.0,882.6200000000001,0.0,882.6200000000001,1739,1718,FIVE CATS HANGING DECORATION
22318,143.0,142.0,462.0,1541.6200000000001,20.650000000000002,1520.97,1279,1267,FIVE HEART HANGING DECORATION
22319,63.0,61.0,1346.0,587.86,3.9000000000000004,583.96,2080,2070,HAIRCLIPS FORTIES FABRIC ASSORTED
22320,73.0,73.0,189.0,1147.27,53.550000000000004,1093.72,1510,1528,BIRDS MOBILE VINTAGE DESIGN
22321,133.0,132.0,917.0,881.3299999999999,0.85,880.4799999999999,1740,1719,BIRD DECORATION RED RETROSPOT
22322,139.0,139.0,820.0,747.81,10.2,737.6099999999999,1881,1866,BIRD DECORATION GREEN POLKADOT
22323,1.0,1.0,1.0,1.95,0.0,1.95,3885,3874,PINK POLKADOT KIDS BAG
22324,75.0,74.0,286.0,688.3,0.0,688.3,1953,1931,BLUE POLKADOT KIDS BAG
22325,94.0,93.0,250.0,1151.3,64.35000000000001,1086.95,1506,1533,MOBILE VINTAGE HEARTS
22326,746.0,732.0,8560.0,24438.620000000003,120.95000000000002,24317.670000000002,55,50,ROUND SNACK BOXES SET OF4 WOODLAND
22327,298.0,287.0,1178.0,4336.7,44.25000000000001,4292.45,578,576,ROUND SNACK BOXES SET OF 4 SKULLS
22328,595.0,581.0,6847.0,19130.37,1691.4999999999998,17438.87,96,103,ROUND SNACK BOXES SET OF 4 FRUITS
22329,240.0,238.0,1604.0,2663.5399999999995,28.049999999999997,2635.4899999999993,869,856,ROUND CONTAINER SET OF 5 RETROSPOT
22331,183.0,183.0,1840.0,2975.14,3.3,2971.8399999999997,794,781,WOODLAND PARTY BAG + STICKER SET
22332,150.0,148.0,1033.0,1679.6499999999999,39.599999999999994,1640.05,1198,1205,SKULLS PARTY BAG + STICKER SET
22333,322.0,317.0,4494.0,7047.24,135.3,6911.94,348,344,RETROSPOT PARTY BAG + STICKER SET
22334,102.0,101.0,707.0,1160.7099999999998,0.0,1160.7099999999998,1496,1476,DINOSAUR PARTY BAG + STICKER SET
22335,235.0,225.0,2386.0,1672.7900000000002,0.0,1672.7900000000002,1201,1187,HEART DECORATION PAINTED ZINC
22336,83.0,79.0,2383.0,754.4100000000001,14.950000000000001,739.46,1870,1864,DOVE DECORATION PAINTED ZINC
22337,78.0,77.0,912.0,574.5400000000001,0.0,574.5400000000001,2103,2083,ANGEL DECORATION PAINTED ZINC
22338,187.0,180.0,4683.0,1234.67,12.270000000000001,1222.4,1452,1433,STAR DECORATION PAINTED ZINC
22339,88.0,83.0,2468.0,683.3100000000001,16.93,666.3800000000001,1958,1960,CHRISTMAS TREE PAINTED ZINC
22340,130.0,128.0,1411.0,792.28,17.4,774.88,1819,1814,NOEL GARLAND PAINTED ZINC
22341,78.0,78.0,453.0,827.6299999999999,0.0,827.6299999999999,1786,1766,LOVE GARLAND PAINTED ZINC
22342,128.0,128.0,997.0,1111.58,40.199999999999996,1071.3799999999999,1545,1544,HOME GARLAND PAINTED ZINC
22343,95.0,94.0,1977.0,873.9,15.299999999999999,858.6,1749,1741,PARTY PIZZA DISH RED RETROSPOT
22344,77.0,76.0,1228.0,460.38,0.0,460.38,2266,2253,PARTY PIZZA DISH PINK POLKADOT
22345,74.0,71.0,1120.0,399.62,15.299999999999999,384.32,2360,2365,PARTY PIZZA DISH BLUE POLKADOT
22346,61.0,59.0,1037.0,381.65999999999997,0.0,381.65999999999997,2384,2369,PARTY PIZZA DISH GREEN POLKADOT
22348,363.0,358.0,4086.0,3584.99,10.2,3574.79,686,675,TEA BAG PLATE RED RETROSPOT
22349,133.0,131.0,1368.0,5389.0199999999995,48.75,5340.2699999999995,470,463,DOG BOWL CHASING BALL DESIGN
22350,121.0,120.0,1410.0,3822.1199999999994,2.55,3819.5699999999993,651,634,ILLUSTRATED CAT BOWL
22351,2.0,2.0,13.0,23.089999999999996,0.0,23.089999999999996,3540,3526,DOTCOMGIFTSHOP TEA TOWEL
22352,489.0,482.0,3093.0,7873.719999999999,40.8,7832.919999999999,302,295,LUNCH BOX WITH CUTLERY RETROSPOT
22353,25.0,24.0,61.0,155.54999999999998,0.0,155.54999999999998,2845,2831,LUNCH BOX WITH CUTLERY FAIRY CAKES
22354,83.0,83.0,750.0,2860.98,3.39,2857.59,817,805,RETROSPOT PADDED SEAT CUSHION
22355,899.0,882.0,18152.0,29277.95,113.59,29164.36,33,31,CHARLOTTE BAG SUKI DESIGN
22356,758.0,742.0,9719.0,11420.289999999999,201.52999999999997,11218.759999999998,191,188,CHARLOTTE BAG PINK POLKADOT
22357,180.0,180.0,468.0,2175.04,76.5,2098.54,996,1010,KINGS CHOICE BISCUIT TIN
22358,258.0,255.0,700.0,2557.1200000000003,23.6,2533.5200000000004,893,882,KINGS CHOICE TEA CADDY
22359,82.0,81.0,184.0,608.72,8.850000000000001,599.87,2056,2049,GLASS JAR KINGS CHOICE
22360,221.0,214.0,1016.0,3210.52,284.95,2925.57,757,789,GLASS JAR ENGLISH CONFECTIONERY
22361,271.0,268.0,729.0,2598.23,35.0,2563.23,883,876,GLASS JAR DAISY FRESH COTTON WOOL
22362,133.0,133.0,408.0,1329.44,97.35000000000001,1232.0900000000001,1405,1429,GLASS JAR PEACOCK BATH SALTS
22363,84.0,81.0,481.0,1383.75,335.5,1048.25,1373,1568,GLASS JAR MARMALADE
22364,168.0,164.0,619.0,2010.17,182.45,1827.72,1067,1118,GLASS JAR DIGESTIVE BISCUITS
22365,180.0,179.0,790.0,5762.28,15.9,5746.38,441,432,DOORMAT RESPECTABLE HOUSE
22366,220.0,220.0,800.0,6034.9,194.07000000000002,5840.83,421,426,DOORMAT AIRMAIL
22367,559.0,550.0,3755.0,7520.28,70.2,7450.08,323,314,CHILDRENS APRON SPACEBOY DESIGN
22371,400.0,392.0,1091.0,5093.57,57.78,5035.79,495,487,AIRLINE BAG VINTAGE TOKYO 78
22372,148.0,147.0,279.0,1289.49,4.25,1285.24,1426,1408,AIRLINE BAG VINTAGE WORLD CHAMPION
22374,226.0,223.0,549.0,2440.27,17.0,2423.27,912,905,AIRLINE BAG VINTAGE JET SET RED
22375,170.0,167.0,349.0,1639.29,0.0,1639.29,1220,1206,AIRLINE BAG VINTAGE JET SET BROWN
22376,125.0,122.0,254.0,1141.7,0.0,1141.7,1515,1495,AIRLINE BAG VINTAGE JET SET WHITE
22377,207.0,207.0,1330.0,2171.53,18.45,2153.0800000000004,998,986,BOTTLE BAG RETROSPOT
22378,295.0,293.0,2288.0,3649.0699999999997,2.1,3646.97,676,664,WALL TIDY RETROSPOT
22379,755.0,748.0,6910.0,15636.99,122.64999999999999,15514.34,129,124,RECYCLING BAG RETROSPOT
22380,290.0,285.0,1316.0,2823.86,77.7,2746.1600000000003,825,823,TOY TIDY SPACEBOY
22381,475.0,469.0,3441.0,7437.9400000000005,56.45000000000001,7381.490000000001,324,319,TOY TIDY PINK POLKADOT
22382,1179.0,1157.0,10464.0,18092.36,242.35,17850.010000000002,103,99,LUNCH BAG SPACEBOY DESIGN
22383,1326.0,1284.0,12552.0,22542.44,223.8,22318.64,72,68,LUNCH BAG SUKI DESIGN
22384,1117.0,1090.0,10515.0,17435.19,236.20000000000002,17198.989999999998,110,105,LUNCH BAG PINK POLKADOT
22385,696.0,686.0,8671.0,17081.86,215.14,16866.72,112,110,JUMBO BAG SPACEBOY DESIGN
22386,1238.0,1218.0,21465.0,42436.24,816.58,41619.659999999996,14,12,JUMBO BAG PINK POLKADOT
22389,45.0,45.0,338.0,641.55,210.0,431.54999999999995,2008,2301,PAPERWEIGHT SAVE THE PLANET
22390,37.0,36.0,268.0,445.44,0.0,445.44,2292,2279,PAPERWEIGHT CHILDHOOD MEMORIES
22391,29.0,29.0,158.0,245.57999999999998,0.0,245.57999999999998,2627,2613,PAPERWEIGHT HOME SWEET HOME
22393,72.0,71.0,512.0,741.98,10.2,731.78,1887,1875,PAPERWEIGHT VINTAGE COLLAGE
22394,23.0,23.0,168.0,230.67999999999998,15.299999999999999,215.37999999999997,2658,2681,PAPERWEIGHT KINGS CHOICE
22395,33.0,33.0,152.0,220.04,0.0,220.04,2679,2665,PAPERWEIGHT VINTAGE PAISLEY
22396,133.0,128.0,1232.0,634.43,15.0,619.43,2016,2024,MAGNETS PACK OF 4 RETRO PHOTO
22398,253.0,248.0,2576.0,1589.51,105.0,1484.51,1249,1290,MAGNETS PACK OF 4 SWALLOWS
22399,98.0,98.0,1152.0,1347.08,30.0,1317.08,1393,1384,MAGNETS PACK OF 4 CHILDHOOD MEMORY
22400,159.0,150.0,1400.0,731.82,0.39,731.4300000000001,1897,1877,MAGNETS PACK OF 4 HOME SWEET HOME
22402,156.0,151.0,1723.0,1035.58,15.0,1020.5799999999999,1601,1592,MAGNETS PACK OF 4 VINTAGE COLLAGE
22403,126.0,125.0,1323.0,689.67,15.0,674.67,1949,1951,MAGNETS PACK OF 4 VINTAGE LABELS
22405,72.0,70.0,374.0,417.86,1.06,416.8,2334,2323,MONEY BOX POCKET MONEY DESIGN
22406,84.0,84.0,346.0,403.46,1.25,402.21,2356,2346,MONEY BOX KINGS CHOICE DESIGN
22407,25.0,24.0,95.0,100.53,0.0,100.53,3036,3025,MONEY BOX FIRST ADE DESIGN
22408,30.0,29.0,146.0,163.69,0.0,163.69,2820,2809,MONEY BOX CONFECTIONERY DESIGN
22409,57.0,57.0,228.0,299.72,1.25,298.47,2519,2515,MONEY BOX BISCUITS DESIGN
22410,58.0,58.0,237.0,247.42000000000002,0.0,247.42000000000002,2623,2609,MONEY BOX HOUSEKEEPING DESIGN
22411,1190.0,1175.0,12602.0,28634.95,622.4700000000001,28012.48,36,33,JUMBO SHOPPER VINTAGE RED PAISLEY
22412,151.0,147.0,914.0,1938.15,4.2,1933.95,1096,1070,METAL SIGN NEIGHBOURHOOD WITCH
22413,419.0,412.0,3777.0,11104.79,53.10000000000001,11051.69,200,193,METAL SIGN TAKE IT OR LEAVE IT
22414,95.0,95.0,279.0,2038.39,16.2,2022.19,1050,1038,DOORMAT NEIGHBOURHOOD WITCH
22415,13.0,13.0,19.0,151.05,0.0,151.05,2856,2844,WHITE TISSUE REAM
22416,76.0,76.0,868.0,1210.82,8.7,1202.12,1467,1449,SET OF 36 DOILIES SPACEBOY DESIGN
22417,533.0,520.0,8426.0,4566.54,25.300000000000004,4541.24,556,551,PACK OF 60 SPACEBOY CAKE CASES
22418,319.0,318.0,6564.0,5585.45,146.2,5439.25,452,457,10 COLOUR SPACEBOY PEN
22419,281.0,272.0,3347.0,1676.8799999999999,2.52,1674.36,1199,1186,LIPSTICK PEN RED
22420,129.0,126.0,1334.0,611.72,0.0,611.72,2050,2034,LIPSTICK PEN BABY PINK
22421,216.0,213.0,2598.0,1347.52,0.84,1346.68,1392,1364,LIPSTICK PEN FUSCHIA
22422,209.0,205.0,1274.0,776.75,0.0,776.75,1837,1811,TOOTHPASTE TUBE PEN
22423,2017.0,1988.0,13879.0,174484.74,9722.550000000001,164762.19,1,1,REGENCY CAKESTAND 3 TIER
22424,456.0,454.0,875.0,12383.83,342.6,12041.23,172,169,ENAMEL BREAD BIN CREAM
22425,166.0,166.0,460.0,2346.1200000000003,29.7,2316.4200000000005,946,936,ENAMEL COLANDER CREAM
22426,210.0,208.0,743.0,2858.96,45.0,2813.96,818,811,ENAMEL WASH BOWL CREAM
22427,512.0,506.0,2110.0,12671.060000000001,243.9,12427.160000000002,163,165,ENAMEL FLOWER JUG CREAM
22428,114.0,114.0,246.0,1854.76,20.85,1833.91,1127,1114,ENAMEL FIRE BUCKET CREAM
22429,387.0,376.0,1272.0,5549.68,140.25,5409.43,458,461,ENAMEL MEASURING JUG CREAM
22430,200.0,195.0,622.0,3266.09,99.0,3167.09,747,752,ENAMEL WATERING CAN CREAM
22431,338.0,334.0,2060.0,4002.6099999999997,15.6,3987.0099999999998,619,613,WATERING CAN BLUE ELEPHANT
22432,283.0,277.0,1720.0,3350.62,27.299999999999997,3323.3199999999997,736,727,WATERING CAN PINK BUNNY
22433,229.0,227.0,1394.0,2667.5,5.85,2661.65,867,850,WATERING CAN GREEN DINOSAUR
22434,128.0,124.0,798.0,1580.16,35.1,1545.0600000000002,1257,1252,BALLOON PUMP WITH 10 BALLOONS
22435,274.0,266.0,2766.0,3456.75,15.0,3441.75,708,702,SET OF 9 HEART SHAPED BALLOONS
22436,169.0,163.0,2155.0,1412.16,13.0,1399.16,1351,1331,12 COLOURED PARTY BALLOONS
22437,229.0,226.0,2830.0,2418.94,8.5,2410.44,921,908,SET OF 9 BLACK SKULL BALLOONS
22438,104.0,98.0,1022.0,1058.69,0.0,1058.69,1584,1558,BALLOON ART MAKE YOUR OWN FLOWERS
22439,204.0,197.0,1904.0,1297.1200000000001,44.2,1252.92,1420,1422,6 ROCKET BALLOONS
22440,162.0,154.0,6034.0,2385.12,4.2,2380.92,931,918,BALLOON WATER BOMB PACK OF 35
22441,225.0,219.0,1051.0,2301.31,6.300000000000001,2295.0099999999998,958,944,GROW YOUR OWN BASIL IN ENAMEL MUG
22442,78.0,78.0,296.0,1241.3,87.45000000000002,1153.85,1449,1481,GROW YOUR OWN FLOWERS SET OF 3
22443,91.0,90.0,165.0,1399.69,15.9,1383.79,1358,1341,GROW YOUR OWN HERBS SET OF 3
22444,58.0,57.0,839.0,1107.87,40.0,1067.87,1548,1548,GROW YOUR OWN PLANT IN A CAN
22445,137.0,130.0,537.0,1624.7600000000002,0.0,1624.7600000000002,1228,1215,PENCIL CASE LIFE IS BEAUTIFUL
22446,136.0,133.0,439.0,1135.18,0.0,1135.18,1522,1501,PIN CUSHION BABUSHKA PINK
22447,45.0,45.0,137.0,410.81,0.0,410.81,2349,2335,PIN CUSHION BABUSHKA BLUE
22448,45.0,45.0,201.0,656.4300000000001,0.0,656.4300000000001,1991,1974,PIN CUSHION BABUSHKA RED
22449,145.0,143.0,492.0,1587.3000000000002,20.1,1567.2000000000003,1250,1242,SILK PURSE BABUSHKA PINK
22450,60.0,58.0,195.0,661.11,3.35,657.76,1985,1972,SILK PURSE BABUSHKA BLUE
22451,52.0,51.0,223.0,779.1500000000001,0.0,779.1500000000001,1832,1807,SILK PURSE BABUSHKA RED
22452,147.0,144.0,746.0,1831.1100000000001,2.95,1828.16,1138,1117,MEASURING TAPE BABUSHKA PINK
22453,81.0,78.0,444.0,1191.69,2.95,1188.74,1476,1455,MEASURING TAPE BABUSHKA BLUE
22454,43.0,41.0,290.0,827.82,23.6,804.22,1785,1781,MEASURING TAPE BABUSHKA RED
22456,479.0,476.0,1731.0,9554.470000000001,326.8,9227.670000000002,246,246,NATURAL SLATE CHALKBOARD LARGE
22457,1263.0,1249.0,9172.0,28147.960000000003,152.6,27995.360000000004,37,34,NATURAL SLATE HEART CHALKBOARD
22458,23.0,23.0,523.0,1421.83,0.0,1421.83,1342,1318,CAST IRON HOOK GARDEN FORK
22459,25.0,25.0,386.0,1018.19,0.0,1018.19,1620,1594,CAST IRON HOOK GARDEN TROWEL
22460,213.0,211.0,2559.0,3289.75,23.75,3266.0,742,736,EMBOSSED GLASS TEALIGHT HOLDER
22461,53.0,53.0,239.0,1453.5800000000002,173.45000000000002,1280.13,1329,1409,SAVOY ART DECO CLOCK
22464,359.0,351.0,3423.0,5519.419999999999,186.89999999999998,5332.5199999999995,461,464,HANGING METAL HEART LANTERN
22465,202.0,198.0,2060.0,3153.0899999999997,42.14999999999999,3110.9399999999996,763,758,HANGING METAL STAR LANTERN
22466,212.0,209.0,3070.0,5607.74,35.849999999999994,5571.889999999999,451,443,FAIRY TALE COTTAGE NIGHT LIGHT
22467,698.0,681.0,7962.0,18890.47,337.50000000000006,18552.97,97,93,GUMBALL COAT RACK
22468,153.0,153.0,517.0,3633.17,19.45,3613.7200000000003,678,667,BABUSHKA LIGHTS STRING OF 10
22469,1226.0,1201.0,17971.0,32107.8,207.95000000000002,31899.85,27,25,HEART OF WICKER SMALL
22470,944.0,925.0,9901.0,30139.41,189.5,29949.91,32,29,HEART OF WICKER LARGE
22471,106.0,105.0,420.0,1506.97,1.95,1505.02,1296,1278,TV DINNER TRAY AIR HOSTESS
22472,109.0,107.0,322.0,1536.91,9.9,1527.01,1283,1261,TV DINNER TRAY DOLLY GIRL
22473,112.0,112.0,503.0,1623.04,0.0,1623.04,1230,1217,TV DINNER TRAY VINTAGE PAISLEY
22474,132.0,132.0,303.0,1636.27,136.0,1500.27,1223,1281,SPACEBOY TV DINNER TRAY
22475,141.0,138.0,316.0,1605.67,0.0,1605.67,1243,1225,SKULL DESIGN TV DINNER TRAY
22476,126.0,125.0,881.0,2844.16,39.6,2804.56,823,812,EMPIRE UNION JACK TV DINNER TRAY
22477,128.0,127.0,1374.0,1980.4,1.25,1979.15,1080,1053,WATERING CAN GARDEN MARKER
22478,141.0,140.0,1543.0,2218.12,0.0,2218.12,980,966,BIRDHOUSE GARDEN MARKER
22479,98.0,98.0,1139.0,1658.57,0.0,1658.57,1210,1192,DAISY GARDEN MARKER
22480,74.0,73.0,631.0,757.21,0.0,757.21,1868,1842,RED TEA TOWEL CLASSIC DESIGN
22481,131.0,128.0,827.0,748.08,0.0,748.08,1880,1854,BLACK TEA TOWEL CLASSIC DESIGN
22482,53.0,53.0,478.0,565.86,0.0,565.86,2117,2100,BLUE TEA TOWEL CLASSIC DESIGN
22483,173.0,169.0,774.0,2314.7400000000002,2.95,2311.7900000000004,953,938,RED GINGHAM TEDDY BEAR
22485,208.0,208.0,526.0,7190.349999999999,76.5,7113.849999999999,334,325,SET OF 2 WOODEN MARKET CRATES
22486,25.0,25.0,71.0,446.45,76.5,369.95,2290,2388,PLASMATRONIC LAMP
22487,430.0,429.0,785.0,7919.23,232.8,7686.429999999999,301,301,WHITE WOOD GARDEN PLANT LADDER
22488,418.0,415.0,3196.0,5575.33,57.74999999999999,5517.58,453,447,NATURAL SLATE RECTANGLE CHALKBOARD
22489,448.0,443.0,9721.0,4072.97,0.84,4072.1299999999997,610,599,PACK OF 12 TRADITIONAL CRAYONS
22491,222.0,219.0,3959.0,3193.83,10.2,3183.63,759,750,PACK OF 12 COLOURED PENCILS
22492,380.0,380.0,26633.0,16937.82,127.4,16810.42,116,112,MINI PAINT SET VINTAGE
22493,224.0,220.0,2463.0,3989.9399999999996,396.45,3593.49,623,671,PAINT YOUR OWN CANVAS SET
22494,246.0,245.0,1089.0,1573.52,50.0,1523.52,1261,1264,EMERGENCY FIRST AID TIN
22495,99.0,98.0,283.0,751.7700000000001,17.700000000000003,734.07,1874,1872,SET OF 2 ROUND TINS CAMEMBERT
22496,80.0,79.0,254.0,538.0600000000001,11.8,526.2600000000001,2159,2164,SET OF 2 ROUND TINS DUTCH CHEESE
22497,101.0,100.0,225.0,1145.15,0.0,1145.15,1511,1490,SET OF 2 TINS VINTAGE BATHROOM
22498,151.0,150.0,334.0,2121.9900000000002,0.0,2121.9900000000002,1020,1001,WOODEN REGATTA BUNTING
22499,410.0,407.0,2091.0,12792.25,23.8,12768.45,162,154,WOODEN UNION JACK BUNTING
22500,101.0,96.0,253.0,980.7,0.0,980.7,1650,1630,SET OF 2 TINS JARDIN DE PROVENCE
22501,447.0,445.0,1604.0,19322.16,873.2,18448.96,95,94,PICNIC BASKET WICKER LARGE
22502,469.0,463.0,1940.0,51426.62,385.25,51041.37,11,9,PICNIC BASKET — MIXED DESCRIPTIONS
22503,34.0,34.0,99.0,2010.12,461.84999999999997,1548.27,1068,1250,CABIN BAG VINTAGE PAISLEY
22504,68.0,68.0,247.0,4674.62,132.55,4542.07,547,550,CABIN BAG VINTAGE RETROSPOT
22505,317.0,311.0,1461.0,7104.22,24.75,7079.47,344,326,MEMO BOARD COTTAGE DESIGN
22507,459.0,459.0,2960.0,14193.35,33.95,14159.4,139,132,MEMO BOARD RETROSPOT  DESIGN
22508,300.0,296.0,1599.0,6544.63,82.5,6462.13,388,380,DOORSTOP RETROSPOT HEART
22509,88.0,86.0,211.0,2132.44,239.2,1893.24,1015,1087,SEWING BOX RETROSPOT DESIGN
22510,43.0,42.0,211.0,406.49,0.0,406.49,2353,2340,GINGHAM BABUSHKA DOORSTOP
22511,54.0,54.0,251.0,495.2,3.75,491.45,2223,2212,RETROSPOT BABUSHKA DOORSTOP
22512,38.0,37.0,123.0,273.46,0.0,273.46,2562,2556,DOORSTOP RACING CAR DESIGN
22513,68.0,67.0,153.0,543.65,0.0,543.65,2156,2141,DOORSTOP FOOTBALL DESIGN
22514,100.0,99.0,303.0,706.5500000000001,0.0,706.5500000000001,1929,1911,CHILDS GARDEN SPADE BLUE
22515,84.0,84.0,266.0,608.95,4.2,604.75,2055,2043,CHILDS GARDEN SPADE PINK
22516,65.0,62.0,207.0,496.99,0.0,496.99,2221,2199,CHILDS GARDEN RAKE BLUE
22517,73.0,69.0,206.0,462.33000000000004,0.0,462.33000000000004,2262,2249,CHILDS GARDEN RAKE PINK
22518,81.0,81.0,363.0,783.5400000000001,0.0,783.5400000000001,1828,1802,CHILDS GARDEN BRUSH BLUE
22519,88.0,88.0,411.0,906.7500000000001,0.0,906.7500000000001,1713,1695,CHILDS GARDEN BRUSH PINK
22520,115.0,113.0,719.0,622.0999999999999,0.0,622.0999999999999,2040,2020,CHILDS GARDEN TROWEL BLUE
22521,110.0,104.0,618.0,533.16,0.0,533.16,2166,2150,CHILDS GARDEN TROWEL PINK
22522,132.0,128.0,932.0,774.29,10.2,764.0899999999999,1841,1828,CHILDS GARDEN FORK BLUE
22523,136.0,135.0,865.0,751.66,10.2,741.4599999999999,1875,1863,CHILDS GARDEN FORK PINK
22524,82.0,81.0,642.0,883.1999999999999,0.0,883.1999999999999,1737,1714,CHILDRENS GARDEN GLOVES BLUE
22525,74.0,74.0,489.0,648.97,0.0,648.97,1996,1982,CHILDRENS GARDEN GLOVES PINK
22526,79.0,79.0,125.0,1720.26,76.5,1643.76,1179,1202,WHEELBARROW FOR CHILDREN
22528,1.0,1.0,1.0,3.36,0.0,3.36,3851,3838,GARDENERS KNEELING PAD
22529,71.0,70.0,853.0,349.87,0.0,349.87,2440,2425,MAGIC DRAWING SLATE GO TO THE FAIR
22530,238.0,233.0,3631.0,1517.72,10.08,1507.64,1291,1276,MAGIC DRAWING SLATE DOLLY GIRL
22531,203.0,200.0,3384.0,1413.25,0.0,1413.25,1349,1323,MAGIC DRAWING SLATE CIRCUS PARADE
22532,75.0,73.0,1072.0,366.75,0.0,366.75,2405,2392,MAGIC DRAWING SLATE LEAP FROG
22533,89.0,88.0,1787.0,646.49,10.08,636.41,1998,1995,MAGIC DRAWING SLATE BAKE A CAKE
22534,266.0,261.0,4496.0,1871.12,0.84,1870.28,1118,1097,MAGIC DRAWING SLATE SPACEBOY
22535,137.0,134.0,1766.0,671.01,20.16,650.85,1976,1980,MAGIC DRAWING SLATE BUNNIES
22536,160.0,156.0,4755.0,1805.21,47.81999999999999,1757.39,1147,1142,MAGIC DRAWING SLATE PURDEY
22537,174.0,171.0,1931.0,844.84,20.16,824.6800000000001,1767,1768,MAGIC DRAWING SLATE DINOSAUR
22538,41.0,40.0,403.0,164.84,0.0,164.84,2815,2804,MINI JIGSAW GO TO THE FAIR
22539,141.0,136.0,2921.0,1130.58,0.0,1130.58,1526,1503,MINI JIGSAW DOLLY GIRL
22540,92.0,91.0,2519.0,960.86,0.42,960.44,1667,1646,MINI JIGSAW CIRCUS PARADE
22541,36.0,35.0,504.0,202.37,0.0,202.37,2717,2704,MINI JIGSAW LEAP FROG
22543,57.0,55.0,1455.0,531.64,0.0,531.64,2167,2152,MINI JIGSAW BAKE A CAKE
22544,179.0,175.0,4521.0,1716.1799999999998,18.06,1698.12,1182,1174,MINI JIGSAW SPACEBOY
22545,76.0,75.0,1143.0,436.09,0.42,435.66999999999996,2304,2296,MINI JIGSAW BUNNIES
22546,87.0,86.0,2104.0,800.4,0.42,799.98,1809,1782,MINI JIGSAW PURDEY
22547,102.0,101.0,809.0,338.23,0.84,337.39000000000004,2455,2444,MINI JIGSAW DINOSAUR
22548,214.0,209.0,1977.0,2351.44,0.0,2351.44,945,927,HEADS AND TAILS SPORTING FUN
22549,363.0,356.0,3189.0,4799.83,0.0,4799.83,528,520,PICTURE DOMINOES
22550,217.0,217.0,1162.0,4194.89,30.0,4164.89,595,586,HOLIDAY FUN LUDO
22551,689.0,673.0,8082.0,13615.31,47.849999999999994,13567.46,151,143,PLASTERS IN TIN SPACEBOY
22553,585.0,560.0,4269.0,7176.669999999999,138.59999999999997,7038.069999999999,335,330,PLASTERS IN TIN SKULLS
22554,724.0,704.0,7813.0,13344.769999999999,47.849999999999994,13296.919999999998,156,149,PLASTERS IN TIN WOODLAND ANIMALS
22555,530.0,515.0,6023.0,9863.279999999999,34.64999999999999,9828.63,235,226,PLASTERS IN TIN STRONGMAN
22556,581.0,571.0,6118.0,10070.109999999999,108.89999999999999,9961.21,223,219,PLASTERS IN TIN CIRCUS PARADE
22557,585.0,566.0,4721.0,7777.089999999999,44.55,7732.539999999999,306,298,PLASTERS IN TIN VINTAGE PAISLEY
22558,781.0,772.0,8689.0,13346.039999999999,66.57999999999998,13279.46,155,150,CLOTHES PEGS RETROSPOT PACK 24
22559,81.0,81.0,505.0,626.53,0.0,626.53,2031,2010,SEASIDE FLYING DISC
22560,390.0,389.0,8168.0,9602.32,1.06,9601.26,243,231,TRADITIONAL MODELLING CLAY
22561,446.0,433.0,5888.0,9749.82,405.0,9344.82,239,242,WOODEN SCHOOL COLOURING SET
22562,217.0,211.0,1421.0,1773.3700000000001,0.0,1773.3700000000001,1157,1138,MONSTERS STENCIL CRAFT
22563,291.0,281.0,2831.0,3358.1800000000003,1.25,3356.9300000000003,734,722,HAPPY STENCIL CRAFT
22564,191.0,186.0,2702.0,3063.52,464.17,2599.35,775,868,ALPHABET STENCIL CRAFT
22565,150.0,148.0,934.0,873.52,0.0,873.52,1750,1729,FELTCRAFT HAIRBANDS PINK AND WHITE
22566,156.0,150.0,879.0,794.88,0.0,794.88,1814,1787,FELTCRAFT HAIRBAND PINK AND PURPLE
22567,232.0,222.0,2470.0,3282.3,32.7,3249.6000000000004,743,738,20 DOLLY PEGS RETROSPOT
22568,480.0,470.0,3380.0,12440.14,1028.8200000000002,11411.32,171,181,FELTCRAFT CUSHION OWL
22569,355.0,348.0,2765.0,10133.33,658.38,9474.95,221,234,FELTCRAFT CUSHION BUTTERFLY
22570,395.0,386.0,3092.0,11227.47,832.35,10395.119999999999,198,205,FELTCRAFT CUSHION RABBIT
22571,263.0,254.0,2441.0,2191.43,80.17,2111.2599999999998,991,1007,ROCKING HORSE RED CHRISTMAS
22572,186.0,179.0,1393.0,1255.72,0.0,1255.72,1441,1421,ROCKING HORSE GREEN CHRISTMAS
22573,223.0,221.0,2689.0,2427.25,0.0,2427.25,917,904,STAR WOODEN CHRISTMAS DECORATION
22574,225.0,222.0,2336.0,2202.14,138.24,2063.8999999999996,987,1023,HEART WOODEN CHRISTMAS DECORATION
22575,93.0,90.0,639.0,1222.07,11.7,1210.37,1458,1446,METAL MERRY CHRISTMAS WREATH
22576,178.0,173.0,1539.0,1415.31,5.1,1410.21,1346,1326,SWALLOW WOODEN CHRISTMAS DECORATION
22577,555.0,538.0,10610.0,4075.9399999999996,83.05,3992.8899999999994,609,612,WOODEN HEART CHRISTMAS SCANDINAVIAN
22578,532.0,512.0,10462.0,3877.68,112.49,3765.19,638,643,WOODEN STAR CHRISTMAS SCANDINAVIAN
22579,350.0,338.0,5170.0,1988.8899999999999,81.6,1907.29,1077,1079,WOODEN TREE CHRISTMAS SCANDINAVIAN
22580,248.0,246.0,1313.0,6860.09,314.95000000000005,6545.14,367,378,ADVENT CALENDAR GINGHAM SACK
22581,184.0,177.0,1571.0,1138.98,1.7,1137.28,1519,1499,WOOD STOCKING CHRISTMAS SCANDISPOT
22582,104.0,102.0,1061.0,2649.35,30.599999999999998,2618.75,873,861,PACK OF 6 SWEETIE GIFT BOXES
22583,113.0,111.0,574.0,1572.9499999999998,5.1,1567.85,1262,1241,PACK OF 6 HANDBAG GIFT BOXES
22584,199.0,196.0,2333.0,5954.61,38.24999999999999,5916.36,429,421,PACK OF 6 PANNETONE GIFT BOXES
22585,416.0,395.0,6232.0,7561.64,56.25,7505.39,320,311,PACK OF 6 BIRDY GIFT TAGS
22586,162.0,161.0,856.0,774.55,40.8,733.75,1839,1873,FELTCRAFT HAIRBAND PINK AND BLUE
22587,165.0,161.0,921.0,833.0699999999999,0.0,833.0699999999999,1780,1761,FELTCRAFT HAIRBAND RED AND BLUE
22588,178.0,175.0,687.0,2149.31,411.87,1737.44,1008,1151,CARD HOLDER GINGHAM HEART
22589,81.0,79.0,379.0,1212.82,0.0,1212.82,1466,1444,CARDHOLDER GINGHAM STAR
22591,86.0,86.0,413.0,1509.41,156.04999999999998,1353.3600000000001,1295,1358,CARDHOLDER GINGHAM CHRISTMAS TREE
22592,135.0,135.0,658.0,3021.12,7.5,3013.62,785,772,CARDHOLDER HOLLY WREATH METAL
22593,202.0,198.0,2265.0,2087.3399999999997,103.67999999999999,1983.6599999999996,1036,1052,CHRISTMAS GINGHAM STAR
22594,197.0,196.0,2006.0,1905.7699999999998,0.85,1904.9199999999998,1105,1082,CHRISTMAS GINGHAM TREE
22595,476.0,467.0,6801.0,5731.259999999999,103.67999999999999,5627.579999999999,443,441,GINGHAM HEART DECORATION
22596,268.0,262.0,3502.0,4142.92,30.72,4112.2,602,595,CHRISTMAS STAR WISH LIST CHALKBOARD
22597,191.0,186.0,2822.0,1247.78,28.9,1218.8799999999999,1445,1437,MUSICAL ZINC HEART DECORATION
22598,98.0,95.0,994.0,447.35999999999996,5.1,442.25999999999993,2286,2283,CHRISTMAS MUSICAL ZINC TREE
22599,124.0,123.0,1953.0,967.7599999999999,20.4,947.3599999999999,1661,1660,CHRISTMAS MUSICAL ZINC STAR
22600,197.0,193.0,1700.0,1544.9299999999998,23.799999999999997,1521.1299999999999,1277,1266,CHRISTMAS RETROSPOT STAR WOOD
22601,204.0,200.0,2482.0,2222.3799999999997,3.4,2218.9799999999996,978,965,CHRISTMAS RETROSPOT ANGEL WOOD
22602,281.0,273.0,2217.0,2025.57,34.0,1991.57,1056,1050,RETROSPOT WOODEN HEART DECORATION
22603,177.0,171.0,1389.0,1237.08,11.049999999999999,1226.03,1451,1432,CHRISTMAS RETROSPOT TREE WOOD
22604,131.0,125.0,1253.0,3044.76,0.0,3044.76,779,768,SET OF 4 NAPKIN CHARMS CUTLERY
22605,300.0,299.0,782.0,11276.21,97.0,11179.21,197,190,WOODEN CROQUET GARDEN SET
22606,145.0,142.0,315.0,4670.36,118.25,4552.11,548,548,WOODEN SKITTLES GARDEN SET
22607,362.0,358.0,1331.0,12571.369999999999,36.9,12534.47,167,161,WOODEN ROUNDERS GARDEN SET
22608,145.0,144.0,5247.0,1121.48,1.33,1120.15,1534,1508,PENS ASSORTED FUNKY JEWELED
22609,158.0,155.0,5946.0,1381.78,6.84,1374.94,1375,1348,PENS ASSORTED SPACEBALL
22610,218.0,216.0,9608.0,2578.24,0.0,2578.24,889,871,PENS ASSORTED FUNNY FACE
22611,47.0,46.0,225.0,1077.03,0.0,1077.03,1570,1542,VINTAGE UNION JACK SHOPPING BAG
22613,147.0,145.0,1538.0,1222.61,8.5,1214.11,1457,1442,PACK OF 20 SPACEBOY NAPKINS
22614,224.0,219.0,3034.0,1024.8999999999999,14.43,1010.4699999999999,1613,1604,PACK OF 12 SPACEBOY TISSUES
22615,103.0,102.0,2075.0,660.7299999999999,4.68,656.05,1987,1975,PACK OF 12 CIRCUS PARADE TISSUES
22616,528.0,512.0,26135.0,7980.92,8.16,7972.76,298,288,PACK OF 12 LONDON TISSUES
22617,467.0,464.0,2209.0,10745.050000000001,142.15,10602.900000000001,207,199,BAKING SET SPACEBOY DESIGN
22618,28.0,28.0,69.0,671.53,174.18,497.34999999999997,1975,2198,COOKING SET RETROSPOT
22619,450.0,443.0,2487.0,9921.29,15.0,9906.29,233,223,SET OF 6 SOLDIER SKITTLES
22620,495.0,483.0,4894.0,6789.46,12.9,6776.56,373,359,4 TRADITIONAL SPINNING TOPS
22621,621.0,609.0,6150.0,10056.949999999999,64.75,9992.199999999999,225,216,TRADITIONAL KNITTING NANCY
22622,267.0,267.0,1342.0,13931.31,151.34999999999997,13779.96,145,139,BOX OF VINTAGE ALPHABET BLOCKS
22623,237.0,235.0,939.0,5248.21,85.20000000000002,5163.01,476,473,BOX OF VINTAGE JIGSAW BLOCKS
22624,726.0,711.0,1901.0,16528.31,168.3,16360.010000000002,118,116,IVORY KITCHEN SCALES
22625,553.0,546.0,1627.0,14141.7,198.04999999999998,13943.650000000001,141,138,RED KITCHEN SCALES
22626,202.0,199.0,520.0,4427.36,76.5,4350.86,574,567,BLACK KITCHEN SCALES
22627,360.0,357.0,855.0,7547.39,117.21000000000001,7430.18,321,316,MINT KITCHEN SCALES
22628,192.0,190.0,966.0,4625.860000000001,103.95,4521.910000000001,552,554,PICNIC BOXES SET OF 3 RETROSPOT
22629,916.0,900.0,14260.0,25740.469999999998,92.7,25647.769999999997,47,43,SPACEBOY LUNCH BOX
22630,871.0,850.0,11793.0,21635.14,478.64999999999986,21156.489999999998,81,80,DOLLY GIRL LUNCH BOX
22631,405.0,396.0,3681.0,7207.37,64.35,7143.0199999999995,332,324,CIRCUS PARADE LUNCH BOX
22632,405.0,392.0,4474.0,8995.43,59.150000000000006,8936.28,265,258,HAND WARMER RED RETROSPOT
22633,508.0,479.0,4867.0,10057.320000000002,54.60000000000001,10002.720000000001,224,215,HAND WARMER UNION JACK
22634,227.0,222.0,766.0,7191.15,381.84999999999997,6809.299999999999,333,356,CHILDS BREAKFAST SET SPACEBOY
22635,196.0,194.0,682.0,6422.28,727.0500000000001,5695.23,398,436,CHILDS BREAKFAST SET DOLLY GIRL
22636,198.0,198.0,595.0,5009.56,239.7,4769.860000000001,507,524,CHILDS BREAKFAST SET CIRCUS PARADE
22637,333.0,329.0,2764.0,7121.38,136.20000000000002,6985.18,341,338,PIGGY BANK RETROSPOT
22638,52.0,52.0,300.0,481.88,2.55,479.33,2238,2228,SET OF 4 NAPKIN CHARMS CROWNS
22639,152.0,148.0,806.0,1937.7099999999998,0.0,1937.7099999999998,1097,1069,SET OF 4 NAPKIN CHARMS HEARTS
22640,58.0,57.0,238.0,449.39,0.0,449.39,2285,2275,SET OF 4 NAPKIN CHARMS 3 KEYS
22641,37.0,37.0,139.0,303.72999999999996,0.0,303.72999999999996,2515,2505,SET OF 4 NAPKIN CHARMS INSTRUMENT
22642,53.0,51.0,269.0,596.36,0.0,596.36,2072,2055,SET OF 4 NAPKIN CHARMS STARS
22643,50.0,48.0,240.0,445.16999999999996,0.0,445.16999999999996,2293,2280,SET OF 4 NAPKIN CHARMS LEAVES
22644,278.0,276.0,2223.0,3000.02,13.049999999999999,2986.97,789,777,CERAMIC CHERRY CAKE MONEY BANK
22645,358.0,351.0,2363.0,4721.73,24.449999999999996,4697.28,540,534,CERAMIC HEART FAIRY CAKE MONEY BANK
22646,395.0,390.0,4168.0,5695.7699999999995,41.9,5653.87,447,438,CERAMIC STRAWBERRY CAKE MONEY BANK
22647,45.0,45.0,732.0,466.18,17.4,448.78000000000003,2259,2276,CERAMIC LOVE HEART MONEY BANK
22649,207.0,200.0,798.0,4147.7300000000005,195.2,3952.5300000000007,600,616,STRAWBERRY FAIRY CAKE TEAPOT
22650,145.0,143.0,860.0,1333.75,4.35,1329.4,1403,1376,CERAMIC PIRATE CHEST MONEY BANK
22651,170.0,170.0,2166.0,1837.4699999999998,0.0,1837.4699999999998,1135,1113,GENTLEMAN SHIRT REPAIR KIT
22652,472.0,467.0,5096.0,8620.32,24.749999999999996,8595.57,274,267,TRAVEL SEWING KIT
22653,254.0,250.0,1877.0,3380.45,58.5,3321.95,731,728,BUTTON BOX
22654,331.0,328.0,1412.0,9898.95,193.35000000000002,9705.6,234,229,DELUXE SEWING KIT
22655,38.0,38.0,60.0,8125.0,1730.5,6394.5,294,392,VINTAGE RED KITCHEN CABINET
22656,20.0,20.0,26.0,3685.0,800.0,2885.0,670,798,VINTAGE BLUE KITCHEN CABINET
22659,732.0,707.0,11523.0,20818.7,546.0,20272.7,89,86,LUNCH BOX I LOVE LONDON
22660,102.0,102.0,364.0,2678.96,0.0,2678.96,865,845,DOORMAT I LOVE LONDON
22661,421.0,415.0,5214.0,4231.95,10.79,4221.16,589,582,CHARLOTTE BAG DOLLY GIRL DESIGN
22662,698.0,682.0,6724.0,11090.58,28.049999999999997,11062.53,201,191,LUNCH BAG DOLLY GIRL DESIGN
22663,452.0,450.0,3420.0,7053.28,21.45,7031.83,347,332,JUMBO BAG DOLLY GIRL DESIGN
22664,162.0,162.0,713.0,1472.85,25.2,1447.6499999999999,1318,1308,TOY TIDY DOLLY GIRL DESIGN
22665,357.0,356.0,1517.0,5195.030000000001,62.1,5132.93,481,477,RECIPE BOX BLUE SKETCHBOOK DESIGN
22666,1126.0,1111.0,8276.0,26240.600000000002,421.04999999999995,25819.550000000003,45,42,RECIPE BOX PANTRY YELLOW DESIGN
22667,477.0,464.0,2901.0,8101.150000000001,260.75,7840.400000000001,295,294,RECIPE BOX RETROSPOT
22668,348.0,345.0,2190.0,6710.42,157.0,6553.42,379,376,PINK BABY BUNTING
22669,234.0,234.0,1128.0,3559.0,127.49999999999999,3431.5,694,704,RED BABY BUNTING
22670,304.0,301.0,1883.0,2518.0,6.25,2511.75,901,888,FRENCH WC SIGN BLUE METAL
22671,145.0,144.0,963.0,1610.35,1.45,1608.8999999999999,1240,1222,FRENCH LAUNDRY SIGN BLUE METAL
22672,221.0,219.0,1476.0,2511.22,26.4,2484.8199999999997,904,895,FRENCH BATHROOM SIGN BLUE METAL
22673,134.0,131.0,794.0,1019.83,15.0,1004.83,1619,1613,FRENCH GARDEN SIGN BLUE METAL
22674,191.0,187.0,1350.0,1697.72,16.25,1681.47,1190,1183,FRENCH TOILET SIGN BLUE METAL
22675,169.0,164.0,1243.0,1558.91,33.75,1525.16,1272,1263,FRENCH KITCHEN SIGN BLUE METAL
22676,202.0,199.0,1157.0,1580.89,13.75,1567.14,1256,1243,FRENCH BLUE METAL DOOR SIGN 1
22677,189.0,188.0,1001.0,1389.07,13.75,1375.32,1367,1347,FRENCH BLUE METAL DOOR SIGN 2
22678,161.0,160.0,844.0,1152.81,13.75,1139.06,1504,1497,FRENCH BLUE METAL DOOR SIGN 3
22679,153.0,152.0,741.0,1024.28,12.5,1011.78,1614,1603,FRENCH BLUE METAL DOOR SIGN 4
22680,156.0,153.0,844.0,1160.29,37.5,1122.79,1497,1507,FRENCH BLUE METAL DOOR SIGN 5
22681,128.0,126.0,710.0,973.15,14.81,958.34,1656,1651,FRENCH BLUE METAL DOOR SIGN 6
22682,114.0,113.0,677.0,896.75,13.75,883.0,1722,1716,FRENCH BLUE METAL DOOR SIGN 7
22683,120.0,119.0,644.0,871.49,15.0,856.49,1751,1743,FRENCH BLUE METAL DOOR SIGN 8
22684,101.0,98.0,533.0,728.57,16.25,712.32,1904,1901,FRENCH BLUE METAL DOOR SIGN 9
22685,99.0,99.0,594.0,780.8,12.5,768.3,1831,1824,FRENCH BLUE METAL DOOR SIGN 0
22686,158.0,158.0,993.0,1308.38,30.0,1278.38,1416,1411,FRENCH BLUE METAL DOOR SIGN No
22687,52.0,52.0,590.0,3354.22,0.0,3354.22,735,723,DOORMAT CHRISTMAS VILLAGE
22688,32.0,32.0,705.0,3519.6600000000003,0.0,3519.6600000000003,698,686,DOORMAT PEACE ON EARTH BLUE
22689,147.0,146.0,673.0,5176.25,354.0,4822.25,483,517,DOORMAT MERRY CHRISTMAS RED
22690,288.0,285.0,1621.0,9959.6,48.3,9911.300000000001,231,222,DOORMAT HOME SWEET HOME BLUE
22691,121.0,120.0,372.0,2686.7200000000003,24.15,2662.57,862,849,DOORMAT WELCOME SUNRISE
22692,445.0,443.0,1524.0,11555.56,23.85,11531.71,187,177,DOORMAT WELCOME TO OUR HOME
22693,305.0,305.0,16244.0,17927.45,90.0,17837.45,106,100,GROW A FLYTRAP OR SUNFLOWER IN TIN
22694,415.0,405.0,1846.0,4260.12,109.2,4150.92,587,589,WICKER STAR
22695,125.0,123.0,741.0,1001.49,0.0,1001.49,1633,1616,WICKER WREATH SMALL
22696,158.0,151.0,731.0,1456.4499999999998,0.0,1456.4499999999998,1327,1301,WICKER WREATH LARGE
22697,1041.0,1013.0,7302.0,22826.3,393.05,22433.25,69,67,GREEN REGENCY TEACUP AND SAUCER
22698,793.0,765.0,5824.0,17551.760000000002,387.5,17164.260000000002,109,106,PINK REGENCY TEACUP AND SAUCER
22699,1083.0,1065.0,9877.0,29095.27,1150.3500000000001,27944.920000000002,34,35,ROSES REGENCY TEACUP AND SAUCER
22700,53.0,52.0,1198.0,2608.08,31.300000000000004,2576.7799999999997,880,874,BLACK AND WHITE DOG BOWL
22701,116.0,115.0,549.0,922.89,43.0,879.89,1700,1721,PINK DOG BOWL
22702,49.0,49.0,1363.0,2684.6499999999996,0.0,2684.6499999999996,863,843,BLACK AND WHITE CAT BOWL
22703,123.0,123.0,360.0,583.33,0.0,583.33,2089,2073,PINK CAT BOWL
22704,175.0,174.0,5278.0,2168.76,21.0,2147.76,999,990,WRAP RED APPLES
22705,78.0,77.0,1908.0,801.36,10.5,790.86,1808,1792,WRAP GREEN PEARS
22706,71.0,71.0,2057.0,847.94,10.5,837.44,1765,1758,WRAP COWBOYS
22707,49.0,49.0,1257.0,527.94,0.0,527.94,2177,2160,WRAP MONSTER FUN
22708,100.0,100.0,2800.0,1160.0,10.5,1149.5,1498,1485,WRAP DOLLY GIRL
22709,39.0,39.0,1325.0,528.5,0.0,528.5,2174,2158,WRAP WEDDING DAY
22710,104.0,104.0,4501.0,1774.42,21.0,1753.42,1156,1144,WRAP I LOVE LONDON
22711,104.0,103.0,2927.0,1213.34,21.0,1192.34,1464,1453,WRAP CIRCUS PARADE
22712,316.0,312.0,4483.0,1842.36,10.5,1831.86,1132,1115,CARD DOLLY GIRL
22713,223.0,217.0,3501.0,1462.56,3.36,1459.2,1321,1298,CARD I LOVE LONDON
22714,225.0,225.0,3487.0,1415.73,5.04,1410.69,1345,1325,CARD BIRTHDAY COWBOY
22715,130.0,130.0,1543.0,645.64,0.0,645.64,1999,1984,CARD WEDDING DAY
22716,289.0,288.0,3213.0,1365.95,0.0,1365.95,1382,1355,CARD CIRCUS PARADE
22717,131.0,131.0,1229.0,535.78,0.0,535.78,2161,2147,CARD DOG AND BALL
22718,170.0,168.0,1657.0,727.31,10.08,717.2299999999999,1907,1896,CARD CAT AND TREE
22719,110.0,109.0,620.0,895.72,11.17,884.5500000000001,1726,1713,GUMBALL MONOCHROME COAT RACK
22720,1399.0,1385.0,7493.0,38158.39,744.95,37413.44,18,15,SET OF 3 CAKE TINS PANTRY DESIGN
22721,300.0,297.0,1022.0,4678.71,0.0,4678.71,545,539,SET OF 3 CAKE TINS SKETCHBOOK
22722,858.0,834.0,5978.0,24483.66,118.00000000000001,24365.66,54,49,SET OF 6 SPICE TINS PANTRY DESIGN
22723,303.0,295.0,1169.0,4282.570000000001,7.9,4274.670000000001,585,579,SET OF 6 HERB TINS SKETCHBOOK
22725,437.0,428.0,1984.0,8168.6,187.5,7981.1,291,287,ALARM CLOCK BAKELIKE CHOCOLATE
22726,1000.0,980.0,6430.0,27196.53,157.5,27039.03,41,38,ALARM CLOCK BAKELIKE GREEN
22727,1074.0,1051.0,7815.0,30701.12,277.5,30423.62,30,27,ALARM CLOCK BAKELIKE RED
22728,793.0,783.0,5364.0,20702.15,153.75,20548.4,90,85,ALARM CLOCK BAKELIKE PINK
22729,455.0,445.0,2326.0,9080.2,115.89,8964.310000000001,261,256,ALARM CLOCK BAKELIKE ORANGE
22730,579.0,570.0,2892.0,11479.65,195.0,11284.65,189,185,ALARM CLOCK BAKELIKE IVORY
22731,144.0,143.0,1172.0,1536.24,17.5,1518.74,1284,1269,3D CHRISTMAS STAMPS STICKERS
22732,190.0,188.0,1645.0,2162.75,0.0,2162.75,1002,980,3D VINTAGE CHRISTMAS STICKERS
22733,201.0,197.0,1583.0,2095.08,0.0,2095.08,1031,1012,3D TRADITIONAL CHRISTMAS STICKERS
22734,436.0,422.0,3265.0,10621.6,86.69999999999999,10534.9,209,201,SET OF 6 RIBBONS VINTAGE CHRISTMAS
22735,141.0,136.0,746.0,1387.46,0.0,1387.46,1370,1338,RIBBON REEL SOCKS AND MITTENS
22736,230.0,223.0,1233.0,2315.25,21.45,2293.8,952,945,RIBBON REEL MAKING SNOWMEN
22737,267.0,259.0,1389.0,2695.8,66.0,2629.8,858,858,RIBBON REEL CHRISTMAS PRESENT
22738,281.0,275.0,2189.0,3856.07,190.5,3665.57,641,659,RIBBON REEL SNOWY VILLAGE
22739,326.0,318.0,1835.0,3585.02,16.5,3568.52,685,678,RIBBON REEL CHRISTMAS SOCK BAUBLE
22740,170.0,170.0,6842.0,5793.62,0.0,5793.62,440,430,POLKADOT PEN
22741,234.0,233.0,8547.0,7363.86,43.349999999999994,7320.509999999999,326,320,FUNKY DIVA PEN
22742,104.0,101.0,643.0,1333.21,5.9,1327.31,1404,1377,MAKE YOUR OWN PLAYTIME CARD KIT
22743,210.0,206.0,934.0,2420.34,17.700000000000003,2402.6400000000003,919,911,MAKE YOUR OWN FLOWERPOWER CARD KIT
22744,176.0,172.0,870.0,2091.5400000000004,23.6,2067.9400000000005,1034,1022,MAKE YOUR OWN MONSOON CARD KIT
22745,433.0,423.0,2029.0,4678.59,27.300000000000004,4651.29,546,540,POPPY'S PLAYHOUSE BEDROOM
22746,333.0,328.0,1451.0,3244.94,25.200000000000003,3219.7400000000002,751,743,POPPY'S PLAYHOUSE LIVINGROOM
22747,232.0,227.0,957.0,2087.15,12.600000000000001,2074.55,1037,1018,POPPY'S PLAYHOUSE BATHROOM
22748,447.0,436.0,2125.0,4897.63,35.7,4861.93,517,507,POPPY'S PLAYHOUSE KITCHEN
22749,469.0,449.0,2375.0,9264.91,0.0,9264.91,254,245,FELTCRAFT PRINCESS CHARLOTTE DOLL
22750,426.0,413.0,2020.0,7563.08,22.5,7540.58,319,309,FELTCRAFT PRINCESS LOLA DOLL
22751,294.0,290.0,1566.0,5812.72,7.5,5805.22,437,429,FELTCRAFT PRINCESS OLIVIA DOLL
22752,384.0,380.0,1790.0,14453.470000000001,952.0000000000001,13501.470000000001,134,145,SET 7 BABUSHKA NESTING BOXES
22753,220.0,217.0,1011.0,758.98,0.0,758.98,1866,1839,SMALL YELLOW BABUSHKA NOTEBOOK
22754,270.0,266.0,1953.0,1352.1699999999998,0.0,1352.1699999999998,1389,1361,SMALL RED BABUSHKA NOTEBOOK
22755,256.0,251.0,1690.0,1190.51,0.0,1190.51,1477,1454,SMALL PURPLE BABUSHKA NOTEBOOK
22756,123.0,123.0,599.0,656.52,0.0,656.52,1990,1973,LARGE YELLOW BABUSHKA NOTEBOOK
22757,164.0,163.0,1097.0,1168.99,1.25,1167.74,1490,1469,LARGE RED BABUSHKA NOTEBOOK
22758,181.0,178.0,1197.0,1112.75,0.0,1112.75,1544,1515,LARGE PURPLE BABUSHKA NOTEBOOK
22759,439.0,422.0,5445.0,9043.939999999999,39.599999999999994,9004.339999999998,263,255,SET OF 3 NOTEBOOKS IN PARCEL
22760,80.0,80.0,275.0,3491.8599999999997,74.7,3417.16,702,709,"TRAY, BREAKFAST IN BED"
22761,26.0,26.0,36.0,895.38,43.9,851.48,1728,1746,CHEST 7 DRAWER MA CAMPAGNE
22762,112.0,112.0,171.0,2786.0299999999997,244.89999999999998,2541.1299999999997,830,879,CUPBOARD 3 DRAWER MA CAMPAGNE
22763,109.0,108.0,207.0,2186.27,49.75,2136.52,992,995,KEY CABINET MA CAMPAGNE
22764,3.0,3.0,5.0,174.76999999999998,24.95,149.82,2787,2851,"RUSTIC WOODEN CABINET, GLASS DOORS"
22765,5.0,5.0,27.0,316.95000000000005,0.0,316.95000000000005,2493,2481,NEWSPAPER STAND
22766,517.0,504.0,3297.0,9843.59,156.35000000000002,9687.24,236,230,PHOTO FRAME CORNICE
22767,218.0,218.0,774.0,7173.549999999999,348.24999999999994,6825.299999999999,336,351,TRIPLE PHOTO FRAME CORNICE
22768,262.0,260.0,868.0,8268.539999999999,355.3,7913.239999999999,288,290,FAMILY PHOTO FRAME CORNICE
22769,8.0,8.0,11.0,366.73,225.5,141.23000000000002,2406,2878,CHALKBOARD KITCHEN ORGANISER
22770,62.0,62.0,94.0,1515.68,59.8,1455.88,1292,1302,MIRROR CORNICE
22771,454.0,441.0,6635.0,9050.44,37.5,9012.94,262,254,CLEAR DRAWER KNOB ACRYLIC EDWARDIAN
22772,262.0,254.0,3869.0,5211.7,3.75,5207.95,479,470,PINK DRAWER KNOB ACRYLIC EDWARDIAN
22773,196.0,191.0,2087.0,2754.4,0.0,2754.4,841,821,GREEN DRAWER KNOB ACRYLIC EDWARDIAN
22774,143.0,140.0,2278.0,2901.75,19.81,2881.94,809,801,RED DRAWER KNOB ACRYLIC EDWARDIAN
22775,254.0,237.0,3227.0,4621.87,35.0,4586.87,553,546,PURPLE DRAWERKNOB ACRYLIC EDWARDIAN
22776,538.0,536.0,1245.0,13088.73,863.0,12225.73,159,166,SWEETHEART CAKESTAND 3 TIER
22777,58.0,58.0,352.0,2951.53,41.65,2909.88,797,793,GLASS CLOCHE LARGE
22778,148.0,143.0,808.0,3146.82,223.11999999999998,2923.7000000000003,764,790,GLASS CLOCHE SMALL
22779,154.0,149.0,1540.0,5802.6,106.25,5696.35,439,435,WOODEN OWLS LIGHT GARLAND
22780,134.0,132.0,1346.0,5044.34,106.25,4938.09,501,502,LIGHT GARLAND BUTTERFILES PINK
22781,233.0,232.0,622.0,5198.66,352.35,4846.3099999999995,480,513,GUMBALL MAGAZINE RACK
22782,74.0,74.0,241.0,3399.95,0.0,3399.95,726,712,SET 3 WICKER STORAGE BASKETS
22783,33.0,33.0,463.0,5961.25,0.0,5961.25,428,413,SET 3 WICKER OVAL BASKETS W LIDS
22784,309.0,299.0,1281.0,6405.54,200.84999999999997,6204.69,400,401,LANTERN CREAM GAZEBO
22785,74.0,74.0,245.0,1087.57,0.0,1087.57,1561,1532,SQUARECUSHION COVER PINK UNION JACK
22786,47.0,47.0,123.0,764.63,0.0,764.63,1853,1827,CUSHION COVER PINK UNION JACK
22788,60.0,60.0,220.0,2025.96,56.8,1969.16,1055,1056,BROCANTE COAT RACK
22789,143.0,138.0,860.0,1688.22,1.95,1686.27,1194,1180,T-LIGHT HOLDER SWEETHEART HANGING
22791,351.0,345.0,8027.0,9963.880000000001,192.75000000000003,9771.130000000001,230,227,T-LIGHT GLASS FLUTED ANTIQUE
22792,208.0,206.0,2809.0,2643.33,10.2,2633.13,874,857,FLUTED ANTIQUE CANDLE HOLDER
22794,182.0,182.0,326.0,2784.9,39.75,2745.15,831,824,SWEETHEART WIRE MAGAZINE RACK
22795,372.0,368.0,1212.0,8578.0,78.45,8499.55,276,270,SWEETHEART RECIPE BOOK STAND
22796,235.0,232.0,584.0,5807.349999999999,524.05,5283.299999999999,438,467,PHOTO FRAME 3 CLASSIC HANGING
22797,91.0,91.0,163.0,2851.3599999999997,237.29999999999998,2614.0599999999995,820,862,CHEST OF DRAWERS GINGHAM HEART
22798,268.0,267.0,1799.0,5564.25,132.75,5431.5,455,459,ANTIQUE GLASS DRESSING TABLE POT
22799,90.0,89.0,208.0,1631.58,0.0,1631.58,1227,1212,SWEETHEART WIRE FRUIT BOWL
22800,204.0,203.0,871.0,3564.49,37.5,3526.99,690,685,ANTIQUE TALL SWIRLGLASS TRINKET POT
22801,226.0,220.0,1030.0,4215.14,70.89,4144.25,592,590,ANTIQUE GLASS PEDESTAL BOWL
22802,50.0,49.0,88.0,1494.69,0.0,1494.69,1304,1284,FAUX FUR CHOCOLATE THROW
22803,31.0,31.0,54.0,2038.0900000000001,0.0,2038.0900000000001,1051,1033,IVORY EMBROIDERED QUILT
22804,487.0,474.0,3142.0,8135.400000000001,455.2,7680.200000000001,293,302,CANDLEHOLDER PINK HANGING HEART
22805,198.0,195.0,1904.0,2593.53,16.25,2577.28,884,872,BLUE DRAWER KNOB ACRYLIC EDWARDIAN
22806,38.0,38.0,260.0,677.0400000000001,0.0,677.0400000000001,1965,1949,SET OF 6 T-LIGHTS WEDDING CAKE
22807,199.0,195.0,825.0,2428.1800000000003,0.0,2428.1800000000003,916,903,SET OF 6 T-LIGHTS TOADSTOOLS
22808,75.0,75.0,345.0,1038.8700000000001,53.1,985.7700000000001,1598,1627,SET OF 6 T-LIGHTS EASTER CHICKS
22809,210.0,204.0,1254.0,3822.5000000000005,83.7,3738.8000000000006,649,648,SET OF 6 T-LIGHTS SANTA
22810,169.0,165.0,952.0,3045.6800000000003,140.1,2905.5800000000004,778,794,SET OF 6 T-LIGHTS SNOWMEN
22811,109.0,108.0,881.0,2419.29,2.95,2416.34,920,907,SET OF 6 T-LIGHTS CACTI
22812,191.0,185.0,1726.0,3610.2499999999995,40.95,3569.2999999999997,682,677,PACK 3 BOXES CHRISTMAS PANNETONE
22813,218.0,218.0,2372.0,4640.78,0.0,4640.78,551,542,PACK 3 BOXES BIRD PANNETONE
22814,236.0,235.0,2141.0,893.51,0.0,893.51,1729,1707,CARD PARTY GAMES
22815,269.0,268.0,2640.0,1123.8799999999999,0.0,1123.8799999999999,1531,1506,CARD PSYCHEDELIC APPLES
22816,271.0,266.0,4023.0,1706.8799999999999,0.0,1706.8799999999999,1187,1165,CARD MOTORBIKE SANTA
22817,290.0,290.0,2639.0,1114.81,0.0,1114.81,1542,1512,CARD SUKI BIRTHDAY
22818,246.0,244.0,3657.0,1560.48,40.32,1520.16,1271,1268,CARD CHRISTMAS VILLAGE
22819,270.0,270.0,2608.0,1104.81,0.0,1104.81,1554,1522,"BIRTHDAY CARD, RETRO SPOT"
22820,78.0,77.0,940.0,575.4200000000001,1.3,574.1200000000001,2100,2085,GIFT BAG BIRTHDAY
22821,140.0,139.0,1183.0,730.47,7.800000000000001,722.6700000000001,1899,1890,GIFT BAG PSYCHEDELIC APPLES
22822,159.0,158.0,434.0,2588.7000000000003,11.9,2576.8,886,873,CREAM WALL PLANTER HEART SHAPED
22823,13.0,13.0,24.0,2745.0,0.0,2745.0,843,825,CHEST NATURAL WOOD 20 DRAWERS
22824,43.0,43.0,55.0,1938.2500000000002,35.95,1902.3000000000002,1095,1083,3 TIER SWEETHEART GARDEN SHELF
22825,28.0,28.0,73.0,584.37,13.5,570.87,2088,2089,DECORATIVE PLANT POT WITH FRIEZE
22826,41.0,41.0,58.0,6210.0,517.5,5692.5,410,437,LOVE SEAT ANTIQUE WHITE METAL
22827,26.0,26.0,35.0,5415.0,415.0,5000.0,468,490,RUSTIC  SEVENTEEN DRAWER SIDEBOARD
22828,7.0,7.0,10.0,1530.0,0.0,1530.0,1288,1260,REGENCY MIRROR WITH SHUTTERS
22829,111.0,109.0,229.0,2315.33,87.9,2227.43,951,962,SWEETHEART WIRE WALL TIDY
22830,6.0,6.0,131.0,2610.29,0.0,2610.29,879,865,UTILTY CABINET WITH HOOKS
22831,123.0,121.0,706.0,2070.9,0.0,2070.9,1040,1019,WHITE BROCANTE SOAP DISH
22832,76.0,76.0,162.0,1781.82,75.25,1706.57,1154,1167,BROCANTE SHELF WITH HOOKS
22833,5.0,5.0,76.0,2603.5299999999997,0.0,2603.5299999999997,881,866,HALL CABINET WITH 3 DRAWERS
22834,379.0,368.0,4970.0,7136.2300000000005,306.04999999999995,6830.18,338,349,HAND WARMER BABUSHKA DESIGN
22835,673.0,657.0,3474.0,18055.11,1679.6999999999998,16375.41,105,115,HOT WATER BOTTLE I AM SO POORLY
22837,187.0,178.0,1174.0,5662.58,157.65,5504.93,449,450,HOT WATER BOTTLE BABUSHKA
22838,168.0,168.0,689.0,9765.11,1671.6000000000001,8093.51,238,283,3 TIER CAKE TIN RED AND CREAM
22839,204.0,201.0,447.0,7011.57,209.29999999999998,6802.2699999999995,352,358,3 TIER CAKE TIN GREEN AND CREAM
22840,274.0,271.0,916.0,6927.64,158.0,6769.64,362,360,ROUND CAKE TIN VINTAGE RED
22841,214.0,213.0,530.0,4109.72,103.35000000000001,4006.3700000000003,604,607,ROUND CAKE TIN VINTAGE GREEN
22842,162.0,162.0,589.0,3823.21,127.45,3695.76,648,655,BISCUIT TIN VINTAGE RED
22843,127.0,126.0,451.0,2911.27,67.5,2843.77,807,807,BISCUIT TIN VINTAGE GREEN
22844,421.0,416.0,1006.0,9686.82,227.8,9459.02,241,235,VINTAGE CREAM DOG FOOD CONTAINER
22845,318.0,316.0,803.0,5403.28,88.1,5315.179999999999,469,466,VINTAGE CREAM CAT FOOD CONTAINER
22846,278.0,278.0,665.0,10676.619999999999,416.69999999999993,10259.919999999998,208,209,BREAD BIN DINER STYLE RED
22847,376.0,376.0,905.0,14389.34,711.8000000000002,13677.54,136,140,BREAD BIN DINER STYLE IVORY
22848,129.0,128.0,324.0,5225.4,176.45,5048.95,477,484,BREAD BIN DINER STYLE PINK
22849,131.0,129.0,325.0,5061.63,234.25,4827.38,500,516,BREAD BIN DINER STYLE MINT
22851,361.0,350.0,2749.0,2375.44,11.049999999999999,2364.39,936,926,SET 20 NAPKINS FAIRY CAKES DESIGN
22852,125.0,125.0,390.0,1757.8799999999999,21.25,1736.6299999999999,1164,1152,DOG BOWL VINTAGE CREAM
22853,116.0,116.0,472.0,1655.96,19.5,1636.46,1211,1207,CAT BOWL VINTAGE CREAM
22854,163.0,161.0,767.0,3708.52,14.850000000000001,3693.67,667,656,CREAM SWEETHEART EGG HOLDER
22855,239.0,237.0,2644.0,3304.23,15.0,3289.23,740,732,FINE WICKER HEART
22856,27.0,27.0,569.0,729.57,26.25,703.32,1902,1916,ASSORTED EASTER DECORATIONS  BELLS
22857,64.0,61.0,1159.0,977.7599999999999,0.0,977.7599999999999,1652,1632,ASSORTED EASTER GIFT TAGS
22858,139.0,136.0,1129.0,1865.7299999999998,16.5,1849.2299999999998,1122,1103,EASTER TIN KEEPSAKE
22859,161.0,158.0,1209.0,2012.9699999999998,52.79999999999999,1960.1699999999998,1063,1061,EASTER TIN BUNNY BOUQUET
22860,111.0,107.0,598.0,1032.62,24.75,1007.8699999999999,1606,1608,EASTER TIN CHICKS PINK DAISY
22861,50.0,50.0,305.0,522.93,0.0,522.93,2183,2166,EASTER TIN CHICKS IN GARDEN
22862,69.0,66.0,175.0,843.95,0.0,843.95,1768,1751,LOVE HEART NAPKIN BOX
22863,112.0,110.0,721.0,2076.63,38.35000000000001,2038.2800000000002,1039,1032,SOAP DISH BROCANTE
22865,676.0,654.0,8498.0,17910.030000000002,258.05,17651.980000000003,107,101,HAND WARMER OWL DESIGN
22866,580.0,548.0,6632.0,14410.62,209.10000000000002,14201.52,135,131,HAND WARMER SCOTTY DOG DESIGN
22867,568.0,554.0,6441.0,14078.69,111.30000000000001,13967.390000000001,142,136,HAND WARMER BIRD DESIGN
22868,21.0,20.0,64.0,146.6,0.0,146.6,2873,2862,NUMBER TILE COTTAGE GARDEN 0
22869,44.0,44.0,96.0,246.14,1.95,244.19,2625,2616,NUMBER TILE COTTAGE GARDEN 1
22870,41.0,39.0,94.0,242.24,0.0,242.24,2635,2621,NUMBER TILE COTTAGE GARDEN 2
22871,25.0,25.0,67.0,163.35,0.0,163.35,2821,2810,NUMBER TILE COTTAGE GARDEN 3
22872,30.0,30.0,72.0,177.46,0.0,177.46,2782,2769,NUMBER TILE COTTAGE GARDEN 4
22873,26.0,26.0,60.0,145.5,0.0,145.5,2878,2866,NUMBER TILE COTTAGE GARDEN 5
22874,22.0,21.0,65.0,150.81,0.0,150.81,2858,2846,NUMBER TILE COTTAGE GARDEN 6
22875,25.0,25.0,63.0,149.09,0.0,149.09,2867,2855,NUMBER TILE COTTAGE GARDEN 7
22876,20.0,20.0,61.0,138.81,0.0,138.81,2899,2885,NUMBER TILE COTTAGE GARDEN 8
22877,19.0,19.0,63.0,138.10999999999999,1.95,136.16,2904,2892,NUMBER TILE COTTAGE GARDEN 9
22878,33.0,33.0,75.0,204.19,2.1,202.09,2710,2705,NUMBER TILE COTTAGE GARDEN No
22879,16.0,16.0,70.0,102.46,0.0,102.46,3028,3017,NUMBER TILE VINTAGE FONT 0
22880,33.0,32.0,99.0,200.59,0.0,200.59,2719,2707,NUMBER TILE VINTAGE FONT 1
22881,34.0,34.0,102.0,197.56,0.0,197.56,2728,2716,NUMBER TILE VINTAGE FONT 2
22882,42.0,42.0,108.0,213.7,1.95,211.75,2695,2687,NUMBER TILE VINTAGE FONT 3
22883,32.0,32.0,100.0,191.48,1.95,189.53,2743,2734,NUMBER TILE VINTAGE FONT 4
22884,36.0,36.0,99.0,194.04999999999998,0.0,194.04999999999998,2737,2722,NUMBER TILE VINTAGE FONT 5
22885,28.0,28.0,96.0,172.78,1.95,170.83,2795,2786,NUMBER TILE VINTAGE FONT 6
22886,25.0,25.0,87.0,146.43,0.0,146.43,2874,2863,NUMBER TILE VINTAGE FONT 7
22887,23.0,23.0,78.0,126.78,0.0,126.78,2940,2931,NUMBER TILE VINTAGE FONT 8
22888,21.0,21.0,76.0,124.97999999999999,0.0,124.97999999999999,2946,2938,NUMBER TILE VINTAGE FONT 9
22889,35.0,33.0,173.0,272.2,0.0,272.2,2566,2559,NUMBER TILE VINTAGE FONT No
22890,171.0,165.0,391.0,3999.5699999999997,268.25,3731.3199999999997,620,649,NOVELTY BISCUITS CAKE STAND 3 TIER
22891,172.0,168.0,424.0,2125.18,127.5,1997.6799999999998,1018,1047,TEA FOR ONE POLKADOT
22892,200.0,199.0,2478.0,3029.1,115.19,2913.91,782,792,SET OF SALT AND PEPPER TOADSTOOLS
22893,143.0,142.0,1872.0,931.02,8.82,922.1999999999999,1690,1684,MINI CAKE STAND T-LIGHT HOLDER
22894,123.0,122.0,305.0,3027.3799999999997,0.0,3027.3799999999997,783,770,TABLECLOTH RED APPLES DESIGN
22895,291.0,284.0,2063.0,6349.95,17.700000000000003,6332.25,405,393,SET OF 2 TEA TOWELS APPLE AND PEARS
22896,293.0,288.0,1592.0,4063.7599999999998,45.9,4017.8599999999997,611,605,PEG BAG APPLES DESIGN
22897,213.0,211.0,1352.0,2016.0,60.9,1955.1,1060,1065,OVEN MITT APPLES DESIGN
22898,372.0,365.0,2426.0,5174.32,0.0,5174.32,484,472,CHILDRENS APRON APPLES DESIGN
22899,316.0,313.0,2070.0,4328.530000000001,10.5,4318.030000000001,581,570,CHILDREN'S APRON DOLLY GIRL
22900,553.0,533.0,4919.0,14975.93,552.5999999999999,14423.33,132,129,SET 2 TEA TOWELS I LOVE LONDON
22902,138.0,136.0,1296.0,2650.08,50.400000000000006,2599.68,872,867,TOTE BAG I LOVE LONDON
22903,59.0,59.0,193.0,550.6,0.0,550.6,2147,2129,CALENDAR FAMILY FAVOURITES
22904,278.0,271.0,1838.0,5479.06,5.9,5473.160000000001,465,454,CALENDAR PAPER CUT DESIGN
22905,112.0,110.0,582.0,1505.24,0.0,1505.24,1298,1277,CALENDAR IN SEASON DESIGN
22906,264.0,251.0,1740.0,2959.4199999999996,1.65,2957.7699999999995,796,783,12 MESSAGE CARDS WITH ENVELOPES
22907,703.0,670.0,6587.0,5681.9,44.2,5637.7,448,440,PACK OF 20 NAPKINS PANTRY DESIGN
22908,387.0,375.0,4385.0,3573.83,2.55,3571.2799999999997,688,676,PACK OF 20 NAPKINS RED APPLES
22909,633.0,610.0,8987.0,8050.53,195.19,7855.34,296,292,SET OF 20 VINTAGE CHRISTMAS NAPKINS
22910,838.0,820.0,10604.0,32873.340000000004,931.45,31941.890000000003,24,24,PAPER CHAIN KIT VINTAGE CHRISTMAS
22911,96.0,94.0,464.0,1361.0400000000002,17.700000000000003,1343.3400000000001,1385,1366,PAPER CHAIN KIT LONDON
22912,101.0,100.0,287.0,1342.39,29.700000000000003,1312.69,1397,1389,YELLOW COAT RACK PARIS FASHION
22913,112.0,112.0,352.0,1673.15,19.8,1653.3500000000001,1200,1194,RED COAT RACK PARIS FASHION
22914,156.0,154.0,468.0,2266.1600000000003,24.75,2241.4100000000003,967,957,BLUE COAT RACK PARIS FASHION
22915,185.0,184.0,3152.0,1406.42,37.8,1368.6200000000001,1353,1353,ASSORTED BOTTLE TOP  MAGNETS
22916,245.0,237.0,1908.0,1316.16,7.800000000000001,1308.3600000000001,1409,1394,HERB MARKER THYME
22917,248.0,240.0,1944.0,1344.77,7.800000000000001,1336.97,1395,1371,HERB MARKER ROSEMARY
22918,246.0,238.0,1874.0,1278.6000000000001,7.800000000000001,1270.8000000000002,1431,1415,HERB MARKER PARSLEY
22919,247.0,240.0,1757.0,1224.46,7.800000000000001,1216.66,1456,1441,HERB MARKER MINT
22920,248.0,242.0,3427.0,2155.94,841.0500000000001,1314.8899999999999,1006,1387,HERB MARKER BASIL
22921,215.0,209.0,1721.0,1184.1200000000001,7.800000000000001,1176.3200000000002,1479,1463,HERB MARKER CHIVES
22922,102.0,102.0,1587.0,1422.8999999999999,183.29999999999998,1239.6,1341,1427,FRIDGE MAGNETS US DINER ASSORTED
22923,81.0,80.0,1372.0,1140.97,134.0,1006.97,1517,1610,FRIDGE MAGNETS LES ENFANTS ASSORTED
22924,89.0,87.0,1313.0,1169.8999999999999,240.25,929.6499999999999,1489,1678,FRIDGE MAGNETS LA VIE EN ROSE
22925,184.0,182.0,450.0,2763.42,47.6,2715.82,836,832,BLUE GIANT GARDEN THERMOMETER
22926,199.0,195.0,597.0,3674.7000000000003,89.25,3585.4500000000003,672,672,IVORY GIANT GARDEN THERMOMETER
22927,148.0,148.0,430.0,2704.71,83.30000000000001,2621.41,856,860,GREEN GIANT GARDEN THERMOMETER
22928,115.0,115.0,288.0,1993.75,35.7,1958.05,1074,1062,YELLOW GIANT GARDEN THERMOMETER
22929,13.0,13.0,19.0,1199.75,195.0,1004.75,1473,1614,SCHOOL DESK AND CHAIR
22930,192.0,189.0,1109.0,2849.35,201.60000000000002,2647.75,821,853,BAKING MOULD HEART MILK CHOCOLATE
22931,132.0,129.0,815.0,1968.4,0.0,1968.4,1085,1058,BAKING MOULD HEART WHITE CHOCOLATE
22932,72.0,72.0,884.0,2000.88,262.8,1738.0800000000002,1072,1149,BAKING MOULD TOFFEE CUP CHOCOLATE
22933,123.0,122.0,940.0,2585.92,337.80000000000007,2248.12,888,953,BAKING MOULD EASTER EGG MILK CHOC
22934,78.0,78.0,589.0,1707.47,8.850000000000001,1698.6200000000001,1186,1172,BAKING MOULD EASTER EGG WHITE CHOC
22935,65.0,65.0,690.0,2066.82,198.0,1868.8200000000002,1043,1098,BAKING MOULD ROSE MILK CHOCOLATE
22936,52.0,50.0,279.0,895.97,198.0,697.97,1725,1922,BAKING MOULD ROSE WHITE CHOCOLATE
22937,166.0,160.0,974.0,2568.3399999999997,33.15,2535.1899999999996,892,881,BAKING MOULD CHOCOLATE CUPCAKES
22938,188.0,186.0,2367.0,4488.63,117.0,4371.63,565,565,CUPCAKE LACE PAPER SET 6
22939,128.0,125.0,472.0,2407.52,69.30000000000001,2338.22,924,932,APRON APPLE DELIGHT
22940,334.0,321.0,1930.0,7954.0,99.5,7854.5,299,293,FELTCRAFT CHRISTMAS FAIRY
22941,313.0,311.0,1672.0,13812.92,429.25,13383.67,148,148,CHRISTMAS LIGHTS 10 REINDEER
22942,154.0,152.0,609.0,4469.04,604.35,3864.69,570,630,CHRISTMAS LIGHTS 10 SANTAS
22943,211.0,209.0,1361.0,6785.17,165.5,6619.67,374,372,CHRISTMAS LIGHTS 10 VINTAGE BAUBLES
22944,114.0,111.0,3375.0,1843.64,5.93,1837.71,1129,1112,CHRISTMAS METAL POSTCARD WITH BELLS
22945,177.0,172.0,3003.0,3019.12,200.57999999999998,2818.54,786,810,CHRISTMAS METAL TAGS ASSORTED
22946,139.0,137.0,454.0,7047.17,237.75,6809.42,349,355,WOODEN ADVENT CALENDAR CREAM
22947,137.0,137.0,746.0,8714.24,72.92,8641.32,271,266,WOODEN ADVENT CALENDAR RED
22948,144.0,136.0,1601.0,1604.99,10.2,1594.79,1244,1231,METAL DECORATION NAUGHTY CHILDREN
22949,106.0,105.0,968.0,1434.9499999999998,20.299999999999997,1414.6499999999999,1335,1322,36 DOILIES DOLLY GIRL
22950,186.0,185.0,5210.0,7133.0,413.65,6719.35,340,364,36 DOILIES VINTAGE CHRISTMAS
22951,453.0,437.0,7518.0,4010.55,66.0,3944.55,618,620,60 CAKE CASES DOLLY GIRL DESIGN
22952,649.0,619.0,16079.0,9524.720000000001,140.4,9384.320000000002,248,238,60 CAKE CASES VINTAGE CHRISTMAS
22953,99.0,98.0,502.0,647.11,0.0,647.11,1997,1983,BIRTHDAY PARTY CORDON BARRIER TAPE
22954,41.0,40.0,202.0,247.63,1.25,246.38,2621,2610,HEN PARTY CORDON BARRIER TAPE
22955,139.0,134.0,1048.0,2070.15,0.0,2070.15,1041,1020,36 FOIL STAR CAKE CASES
22956,206.0,198.0,2055.0,3992.5800000000004,283.20000000000005,3709.38,622,651,36 FOIL HEART CAKE CASES
22957,219.0,214.0,1778.0,5023.5,71.9,4951.6,505,499,SET 3 PAPER VINTAGE CHICK PAPER EGG
22959,142.0,142.0,4901.0,2014.42,126.0,1888.42,1061,1091,WRAP CHRISTMAS VILLAGE
22960,1141.0,1132.0,8706.0,37128.88,1012.79,36116.09,19,17,JAM MAKING SET WITH JARS
22961,1169.0,1162.0,16412.0,25660.98,425.75,25235.23,48,46,JAM MAKING SET PRINTED
22962,344.0,342.0,3904.0,3294.91,72.97,3221.94,741,742,JAM JAR WITH PINK LID
22963,310.0,307.0,3291.0,2778.8399999999997,90.85999999999999,2687.9799999999996,833,842,JAM JAR WITH GREEN LID
22964,384.0,378.0,2628.0,5481.09,29.400000000000002,5451.6900000000005,464,456,3 PIECE SPACEBOY COOKIE CUTTER SET
22965,239.0,236.0,1373.0,2914.8100000000004,79.8,2835.01,806,808,3 TRADITIONAl BISCUIT CUTTERS  SET
22966,689.0,670.0,7448.0,9212.15,6.25,9205.9,255,247,GINGERBREAD MAN COOKIE CUTTER
22967,139.0,138.0,1173.0,3277.3100000000004,64.9,3212.4100000000003,746,746,SET 3 SONG BIRD PAPER EGGS ASSORTED
22968,190.0,189.0,795.0,7861.93,188.85,7673.08,303,303,ROSE COTTAGE KEEPSAKE BOX
22969,647.0,646.0,12532.0,18788.55,185.79999999999998,18602.75,98,92,HOMEMADE JAM SCENTED CANDLES
22970,325.0,317.0,4367.0,10224.75,33.6,10191.15,220,211,LONDON BUS COFFEE MUG
22971,274.0,272.0,2431.0,5849.29,37.64999999999999,5811.64,434,427,QUEENS GUARD COFFEE MUG
22972,233.0,229.0,1798.0,3072.5899999999997,56.099999999999994,3016.49,774,771,CHILDREN'S SPACEBOY MUG
22973,146.0,144.0,1261.0,2145.91,36.3,2109.6099999999997,1010,1008,CHILDREN'S CIRCUS PARADE MUG
22974,209.0,204.0,1607.0,2744.5399999999995,32.99999999999999,2711.5399999999995,844,835,CHILDRENS DOLLY GIRL MUG
22975,188.0,186.0,1204.0,1624.63,1.25,1623.38,1229,1216,SPACEBOY CHILDRENS EGG CUP
22976,147.0,143.0,1091.0,1420.26,46.25,1374.01,1344,1350,CIRCUS PARADE CHILDRENS EGG CUP
22977,137.0,135.0,951.0,1253.86,1.25,1252.61,1443,1423,DOLLY GIRL CHILDRENS EGG CUP
22978,239.0,238.0,2465.0,9568.73,272.61,9296.119999999999,245,244,PANTRY ROLLING PIN
22979,390.0,381.0,4097.0,6401.969999999999,117.55000000000001,6284.419999999999,401,398,PANTRY WASHING UP BRUSH
22980,297.0,291.0,2366.0,3914.9599999999996,124.05,3790.9099999999994,631,641,PANTRY SCRUBBING BRUSH
22981,109.0,105.0,472.0,705.5799999999999,8.7,696.8799999999999,1930,1924,PANTRY APPLE CORER
22982,213.0,212.0,1155.0,1545.02,30.0,1515.02,1276,1272,PANTRY PASTRY BRUSH
22983,444.0,443.0,5302.0,2261.6,68.76,2192.8399999999997,968,975,CARD BILLBOARD FONT
22984,165.0,163.0,2717.0,1106.17,0.0,1106.17,1551,1519,CARD GINGHAM ROSE
22985,99.0,99.0,3782.0,1500.44,0.0,1500.44,1300,1280,WRAP BILLBOARD FONTS DESIGN
22986,155.0,155.0,4105.0,1712.1,10.5,1701.6,1184,1170,WRAP GINGHAM ROSE
22987,5.0,5.0,102.0,42.84,0.0,42.84,3348,3328,WRAP SUMMER ROSE DESIGN
22988,430.0,418.0,9137.0,10938.31,132.78,10805.529999999999,204,197,SOLDIERS EGG CUP
22989,379.0,372.0,2815.0,9012.27,78.0,8934.27,264,259,SET 2 PANTRY DESIGN TEA TOWELS
22990,168.0,164.0,638.0,2942.1800000000003,553.7,2388.4800000000005,801,916,COTTON APRON PANTRY DESIGN
22991,281.0,274.0,3889.0,7608.79,1185.8999999999999,6422.89,317,389,GIRAFFE WOODEN RULER
22992,359.0,348.0,5236.0,10379.84,1193.4,9186.44,215,248,REVOLVER WOODEN RULER
22993,1102.0,1073.0,12672.0,16507.23,85.0,16422.23,119,114,SET OF 4 PANTRY JELLY MOULDS
22994,221.0,218.0,2197.0,958.2,12.6,945.6,1670,1664,TRAVEL CARD WALLET RETROSPOT
22995,270.0,266.0,2389.0,1062.0,20.580000000000002,1041.42,1581,1575,TRAVEL CARD WALLET SUKI
22996,418.0,408.0,4813.0,2099.97,10.92,2089.0499999999997,1029,1015,TRAVEL CARD WALLET VINTAGE TICKET
22997,227.0,222.0,2595.0,1115.93,32.760000000000005,1083.17,1541,1537,TRAVEL CARD WALLET UNION JACK
22998,546.0,534.0,12490.0,5314.9,74.34,5240.5599999999995,473,469,TRAVEL CARD WALLET KEEP CALM
22999,230.0,222.0,2960.0,1280.31,1.26,1279.05,1430,1410,TRAVEL CARD WALLET VINTAGE LEAF
23000,281.0,278.0,3171.0,1369.12,16.38,1352.7399999999998,1379,1360,TRAVEL CARD WALLET TRANSPORT
23002,197.0,192.0,2145.0,925.29,53.760000000000005,871.53,1698,1733,TRAVEL CARD WALLET SKULLS
23003,54.0,53.0,542.0,226.2,0.0,226.2,2667,2651,TRAVEL CARD WALLET VINTAGE ROSE
23004,227.0,221.0,2011.0,906.9399999999999,77.28,829.66,1711,1765,TRAVEL CARD WALLET PANTRY
23005,248.0,241.0,4783.0,2147.55,0.42,2147.13,1009,991,TRAVEL CARD WALLET I LOVE LONDON
23006,174.0,173.0,1764.0,765.27,32.760000000000005,732.51,1852,1874,TRAVEL CARD WALLET FLOWER MEADOW
23007,185.0,184.0,499.0,7758.699999999999,101.69999999999999,7656.999999999999,308,304,SPACEBOY BABY GIFT SET
23008,135.0,133.0,435.0,6753.509999999999,118.65,6634.86,375,370,DOLLY GIRL BABY GIFT SET
23009,103.0,103.0,263.0,4082.5199999999995,0.0,4082.5199999999995,608,597,I LOVE LONDON BABY GIFT SET
23010,112.0,111.0,316.0,4896.549999999999,50.849999999999994,4845.699999999999,518,514,CIRCUS PARADE BABY GIFT SET
23012,251.0,246.0,1074.0,4208.96,31.6,4177.36,593,585,GLASS APOTHECARY BOTTLE PERFUME
23013,225.0,223.0,925.0,3678.11,23.7,3654.4100000000003,671,662,GLASS APOTHECARY BOTTLE TONIC
23014,213.0,209.0,858.0,3427.4800000000005,35.55,3391.9300000000003,723,716,GLASS APOTHECARY BOTTLE ELIXIR
23015,20.0,18.0,41.0,346.63,57.75,288.88,2444,2528,CORDIAL GLASS JUG
23016,24.0,24.0,74.0,575.25,19.950000000000003,555.3,2101,2117,GLASS TWIST BON BON JAR
23017,22.0,22.0,67.0,826.28,12.5,813.78,1788,1775,APOTHECARY MEASURING JAR
23018,21.0,21.0,51.0,612.1600000000001,0.0,612.1600000000001,2049,2033,LARGE APOTHECARY MEASURING JAR
23019,28.0,28.0,81.0,629.0500000000001,0.0,629.0500000000001,2026,2006,SMALL APOTHECARY MEASURING JAR
23020,76.0,76.0,180.0,2191.84,73.65,2118.19,990,1002,GLASS  SONGBIRD STORAGE JAR
23021,28.0,27.0,121.0,504.97,0.0,504.97,2203,2190,GLASS BONNE JAM JAR
23022,24.0,22.0,422.0,808.16,62.400000000000006,745.76,1801,1856,SMALL BONNE JAM JAR  T-LIGHT HOLDER
23023,27.0,25.0,286.0,457.61999999999995,3.3,454.31999999999994,2269,2262,RIDGED BONNE JAM JAR T-LIGHT HOLDER
23024,11.0,11.0,255.0,667.8500000000001,4.98,662.8700000000001,1979,1965,LARGE BONNE JAM JAR  T-LIGHT HOLDER
23025,54.0,54.0,350.0,760.8000000000001,12.48,748.32,1858,1853,DRAWER KNOB VINTAGE GLASS BALL
23026,65.0,62.0,557.0,1201.04,29.12,1171.92,1471,1467,DRAWER KNOB VINTAGE GLASS STAR
23027,30.0,30.0,295.0,627.95,0.0,627.95,2028,2007,DRAWER KNOB VINTAGE GLASS HEXAGON
23028,139.0,137.0,1375.0,2387.0299999999997,11.55,2375.4799999999996,930,922,DRAWER KNOB CRACKLE GLAZE BLUE
23029,156.0,156.0,1352.0,2303.9199999999996,46.199999999999996,2257.72,957,950,DRAWER KNOB CRACKLE GLAZE GREEN
23031,157.0,155.0,1296.0,2181.9999999999995,33.0,2148.9999999999995,993,989,DRAWER KNOB CRACKLE GLAZE PINK
23032,207.0,199.0,2342.0,3876.7799999999997,75.89999999999999,3800.8799999999997,640,640,DRAWER KNOB CRACKLE GLAZE IVORY
23033,75.0,74.0,720.0,1067.6,0.0,1067.6,1576,1550,DRAWER KNOB CERAMIC RED
23034,92.0,88.0,991.0,1466.07,8.7,1457.37,1319,1300,DRAWER KNOB CERAMIC BLACK
23035,195.0,191.0,2209.0,3226.0899999999997,13.049999999999999,3213.0399999999995,754,745,DRAWER KNOB CERAMIC IVORY
23036,17.0,16.0,185.0,233.67000000000002,0.0,233.67000000000002,2649,2635,T-LIGHT HOLDER SILVER PETIT FOUR
23037,20.0,20.0,196.0,325.15999999999997,0.0,325.15999999999997,2470,2457,CANDLE HOLDER SILVER MADELINE
23038,8.0,8.0,44.0,42.919999999999995,0.0,42.919999999999995,3346,3325,T-LIGHT HOLDER SILVER SAUCER
23039,29.0,28.0,199.0,399.71,11.7,388.01,2359,2363,T-LIGHT HOLDER SILVER HEART HANDLE
23040,43.0,41.0,253.0,1394.03,0.0,1394.03,1360,1333,PAPER LANTERN 9 POINT SNOW STAR
23041,54.0,54.0,272.0,1178.48,99.60000000000001,1078.88,1480,1540,PAPER LANTERN 9 POINT SNOW STAR
23042,28.0,28.0,103.0,711.51,66.5,645.01,1921,1985,PAPER LANTERN 7 POINT SNOW STAR
23043,23.0,23.0,81.0,543.51,0.0,543.51,2157,2142,PAPER LANTERN 9 POINT HOLLY STAR L
23044,28.0,25.0,104.0,435.74000000000007,0.0,435.74000000000007,2306,2295,PAPER LANTERN 9 POINT HOLLY STAR S
23045,25.0,25.0,118.0,497.9800000000001,83.0,414.9800000000001,2220,2327,PAPER LANTERN 5 POINT STAR MOON
23046,36.0,36.0,349.0,2111.4900000000002,0.0,2111.4900000000002,1024,1006,PAPER LANTERN 9 POINT DELUXE STAR
23047,26.0,25.0,58.0,333.5,0.0,333.5,2460,2447,PAPER LANTERN 5 POINT SEQUIN STAR
23048,106.0,99.0,581.0,2384.9700000000003,136.95000000000002,2248.0200000000004,932,954,SET OF 10 LANTERNS FAIRY LIGHT STAR
23049,186.0,186.0,456.0,3896.84,24.75,3872.09,634,628,RECYCLED ACAPULCO MAT RED
23050,205.0,205.0,497.0,4286.55,8.25,4278.3,584,577,RECYCLED ACAPULCO MAT GREEN
23051,162.0,162.0,365.0,3223.49,16.5,3206.99,755,747,RECYCLED ACAPULCO MAT BLUE
23052,278.0,278.0,654.0,5949.34,8.25,5941.09,430,415,RECYCLED ACAPULCO MAT TURQUOISE
23053,165.0,164.0,365.0,3262.57,8.25,3254.32,748,737,RECYCLED ACAPULCO MAT PINK
23054,131.0,130.0,297.0,2621.43,8.25,2613.18,877,863,RECYCLED ACAPULCO MAT LAVENDER
23055,41.0,38.0,658.0,1401.43,690.72,710.71,1356,1905,IVORY CHANDELIER T-LIGHT HOLDER
23056,43.0,39.0,966.0,2916.87,1859.07,1057.8,805,1561,FLOWERS CHANDELIER T-LIGHT HOLDER
23057,48.0,45.0,776.0,1783.52,636.15,1147.37,1152,1488,BEADED CHANDELIER T-LIGHT HOLDER
23058,48.0,48.0,490.0,430.86,0.0,430.86,2312,2302,CHRISTMAS HANGING SNOWFLAKE
23060,44.0,42.0,249.0,528.1700000000001,0.0,528.1700000000001,2176,2159,HEART BEADED TRELLIS DECORATION
23061,120.0,117.0,1033.0,1355.18,3.75,1351.43,1387,1362,VINTAGE EMBOSSED HEART
23064,23.0,23.0,221.0,3717.56,1514.0500000000002,2203.5099999999998,665,970,CINDERELLA CHANDELIER
23065,100.0,99.0,274.0,3439.94,12.5,3427.44,719,706,LARGE DECO JEWELLERY STAND
23066,85.0,85.0,259.0,2137.81,8.25,2129.56,1013,998,SMALL DECO JEWELLERY STAND
23067,85.0,78.0,297.0,1249.1100000000001,0.0,1249.1100000000001,1444,1425,HANGING ENGRAVED METAL HEART
23068,139.0,136.0,813.0,1976.89,0.0,1976.89,1083,1054,ALUMINIUM STAMPED HEART
23069,33.0,32.0,90.0,568.71,0.0,568.71,2111,2094,EDWARDIAN PHOTO FRAME
23070,44.0,44.0,160.0,709.5400000000001,0.0,709.5400000000001,1925,1907,EDWARDIAN HEART PHOTO FRAME
23071,24.0,19.0,319.0,1255.1,434.0,821.0999999999999,1442,1772,MARIE ANTOINETTE TRINKET BOX GOLD
23072,30.0,30.0,334.0,1273.76,384.0,889.76,1434,1711,MARIE ANTOINETTE TRINKET BOX SILVER
23073,62.0,61.0,144.0,1719.0,12.5,1706.5,1181,1168,GEORGIAN TRINKET BOX
23074,49.0,48.0,250.0,555.59,12.48,543.11,2135,2143,EMBOSSED HEART TRINKET BOX
23075,83.0,80.0,477.0,1981.0500000000002,141.10000000000002,1839.9500000000003,1079,1111,PARLOUR CERAMIC WALL HOOK
23076,278.0,277.0,8100.0,9965.76,35.0,9930.76,229,221,ICE CREAM SUNDAE LIP GLOSS
23077,345.0,344.0,10415.0,13720.77,75.0,13645.77,150,141,DOUGHNUT LIP GLOSS
23078,257.0,257.0,6831.0,8553.34,60.0,8493.34,278,272,ICE CREAM PEN LIP GLOSS
23079,109.0,106.0,253.0,2243.35,125.3,2118.0499999999997,973,1003,TOADSTOOL BEDSIDE LIGHT
23080,264.0,257.0,1079.0,9158.87,90.75,9068.12,259,251,RED METAL BOX TOP SECRET
23081,140.0,139.0,484.0,4046.5,49.5,3997.0,614,610,GREEN METAL BOX ARMY SUPPLIES
23082,307.0,297.0,2333.0,8577.51,103.16,8474.35,277,273,SET 6 PAPER TABLE LANTERN HEARTS
23083,250.0,246.0,1933.0,7254.650000000001,214.17000000000002,7040.4800000000005,329,329,SET 6 PAPER TABLE LANTERN STARS
23084,1036.0,994.0,30788.0,66964.99,208.40000000000003,66756.59000000001,7,5,RABBIT NIGHT LIGHT
23085,87.0,78.0,381.0,3635.23,128.75,3506.48,677,688,ANTIQUE SILVER BAUBLE LAMP
23086,48.0,47.0,1228.0,1455.18,20.0,1435.18,1328,1314,ZINC  STAR T-LIGHT HOLDER
23087,69.0,69.0,868.0,1090.66,18.75,1071.91,1559,1543,ZINC  HEART T-LIGHT HOLDER
23088,79.0,79.0,795.0,1033.28,0.0,1033.28,1603,1579,ZINC HEART FLOWER T-LIGHT HOLDER
23089,229.0,225.0,2355.0,4217.73,25.65,4192.08,591,584,GLASS BON BON JAR
23090,153.0,149.0,2238.0,1870.86,7.47,1863.3899999999999,1120,1101,VINTAGE GLASS T-LIGHT HOLDER
23091,217.0,209.0,591.0,3725.07,43.75,3681.32,661,657,ZINC HERB GARDEN CONTAINER
23092,136.0,135.0,525.0,3773.5800000000004,77.75,3695.8300000000004,656,654,LARGE ANTIQUE WHITE PHOTO FRAME
23093,144.0,142.0,941.0,2244.2200000000003,7.470000000000001,2236.7500000000005,972,960,SMALL PARISIENNE HEART PHOTO FRAME
23094,79.0,79.0,152.0,1924.92,25.0,1899.92,1100,1084,LE GRAND TRAY CHIC SET
23096,148.0,146.0,1047.0,1759.7899999999997,0.0,1759.7899999999997,1163,1139,PETIT TRAY CHIC
23099,59.0,58.0,137.0,925.35,53.2,872.15,1697,1731,FRENCH CARRIAGE LANTERN
23100,266.0,257.0,2169.0,2743.13,1.25,2741.88,845,827,SILVER BELLS TABLE DECORATION
23101,219.0,213.0,2037.0,1744.61,0.0,1744.61,1170,1148,SILVER STARS TABLE DECORATION
23102,162.0,157.0,1288.0,1086.6499999999999,0.0,1086.6499999999999,1563,1535,SILVER HEARTS TABLE DECORATION
23103,383.0,365.0,4080.0,6859.359999999999,46.199999999999996,6813.159999999999,368,354,JINGLE BELL HEART DECORATION
23104,46.0,46.0,118.0,1405.42,0.0,1405.42,1354,1328,IVORY CAFE HANGING LAMP
23106,53.0,53.0,291.0,815.59,34.68,780.9100000000001,1797,1806,ZINC HEARTS PLANT POT HOLDER
23107,73.0,73.0,359.0,1009.51,0.0,1009.51,1625,1606,WHITE HEARTS WIRE PLANT POT HOLDER
23108,375.0,372.0,2221.0,13303.019999999999,317.6,12985.419999999998,157,152,SET OF 10 LED DOLLY LIGHTS
23109,277.0,268.0,2401.0,6878.37,239.04000000000002,6639.33,366,369,PACK OF SIX LED TEA LIGHTS
23110,257.0,255.0,702.0,4158.68,293.25,3865.4300000000003,597,629,PARISIENNE KEY CABINET
23111,139.0,138.0,312.0,3839.2400000000002,283.2,3556.0400000000004,646,680,PARISIENNE SEWING BOX
23112,242.0,241.0,547.0,4514.58,239.85000000000002,4274.73,564,578,PARISIENNE CURIO CABINET
23113,57.0,57.0,1154.0,5868.5,4803.059999999999,1065.4400000000014,433,1553,PANTRY CHOPPING BOARD
23114,45.0,45.0,149.0,737.95,14.850000000000001,723.1,1891,1889,VINTAGE LEAF CHOPPING BOARD
23115,47.0,45.0,155.0,785.1700000000001,0.0,785.1700000000001,1824,1800,RED APPLES CHOPPING BOARD
23116,23.0,22.0,78.0,392.34000000000003,0.0,392.34000000000003,2372,2357,VEGETABLE GARDEN CHOPPING BOARD
23117,45.0,45.0,93.0,501.23,4.95,496.28000000000003,2214,2201,POPPY FIELDS CHOPPING BOARD
23118,258.0,258.0,813.0,6102.18,180.0,5922.18,414,420,PARISIENNE JEWELLERY DRAWER
23119,152.0,151.0,2283.0,1402.32,22.32,1380.0,1355,1344,PACK OF 6 LARGE FRUIT STRAWS
23120,113.0,100.0,1716.0,695.41,30.240000000000002,665.17,1940,1961,PACK OF 6 SMALL FRUIT STRAWS
23121,120.0,111.0,2506.0,1002.54,0.0,1002.54,1632,1615,PACK OF 6 COCKTAIL PARASOL STRAWS
23122,138.0,133.0,2253.0,1727.75,2.4899999999999998,1725.26,1175,1160,PARTY CHARMS 50 PIECES
23123,96.0,95.0,936.0,760.4,4.9799999999999995,755.42,1860,1843,COCKTAIL SWORDS 50 PIECES
23124,43.0,43.0,567.0,751.38,0.0,751.38,1876,1848,18PC WOODEN CUTLERY SET DISPOSABLE
23125,38.0,38.0,459.0,574.88,0.0,574.88,2102,2082,6PC WOOD PLATE SET DISPOSABLE
23126,298.0,291.0,1114.0,5556.79,79.20000000000002,5477.59,457,453,FELTCRAFT GIRL AMELIE KIT
23127,197.0,194.0,737.0,3763.9500000000003,64.35000000000001,3699.6000000000004,658,653,FELTCRAFT GIRL NICOLE KIT
23128,142.0,139.0,453.0,2283.41,34.650000000000006,2248.7599999999998,963,952,FELTCRAFT BOY JEAN-PAUL KIT
23129,172.0,172.0,950.0,3999.5000000000005,4.15,3995.3500000000004,621,611,HEART SHAPED HOLLY WREATH
23130,184.0,184.0,962.0,3988.98,37.35,3951.63,624,617,MISTLETOE HEART WREATH GREEN
23131,117.0,115.0,943.0,3840.13,24.9,3815.23,645,637,MISTLETOE HEART WREATH CREAM
23132,155.0,152.0,1034.0,5219.1,23.0,5196.1,478,471,SMALL IVORY HEART WALL ORGANISER
23133,155.0,155.0,782.0,5525.4,8.25,5517.15,460,448,LARGE IVORY HEART WALL ORGANISER
23134,38.0,38.0,1065.0,6431.110000000001,0.0,6431.110000000001,397,387,LARGE ZINC HEART WALL ORGANISER
23135,45.0,45.0,1541.0,5416.18,0.0,5416.18,467,460,SMALL ZINC HEART WALL ORGANISER
23136,49.0,49.0,135.0,511.89,0.0,511.89,2193,2179,IVORY WIRE SWEETHEART LETTER TRAY
23137,23.0,23.0,83.0,275.62,0.0,275.62,2559,2552,ZINC WIRE SWEETHEART LETTER TRAY
23138,87.0,82.0,884.0,1238.76,17.4,1221.36,1450,1436,SINGLE WIRE HOOK IVORY HEART
23139,29.0,27.0,415.0,530.15,17.4,512.75,2172,2178,SINGLE WIRE HOOK PINK HEART
23140,52.0,52.0,182.0,766.1,49.800000000000004,716.3000000000001,1850,1898,TRIPLE WIRE HOOK IVORY HEART
23141,25.0,25.0,79.0,272.91,0.0,272.91,2565,2558,TRIPLE WIRE HOOK PINK HEART
23142,40.0,40.0,121.0,1220.8200000000002,19.55,1201.2700000000002,1460,1450,IVORY WIRE KITCHEN ORGANISER
23143,16.0,16.0,30.0,239.97,0.0,239.97,2639,2625,ZINC WIRE KITCHEN ORGANISER
23144,275.0,274.0,5089.0,4197.83,36.519999999999996,4161.3099999999995,594,588,ZINC T-LIGHT HOLDER STARS SMALL
23145,170.0,169.0,2084.0,1979.4799999999998,10.45,1969.0299999999997,1082,1057,ZINC T-LIGHT HOLDER STAR LARGE
23146,234.0,227.0,801.0,2655.13,164.1,2491.03,871,893,TRIPLE HOOK ANTIQUE IVORY ROSE
23147,266.0,261.0,1870.0,2755.1,21.75,2733.35,840,831,SINGLE ANTIQUE ROSE HOOK IVORY
23148,257.0,247.0,2144.0,1820.4599999999998,10.79,1809.6699999999998,1142,1127,MINIATURE ANTIQUE ROSE HOOK IVORY
23149,21.0,21.0,99.0,251.45000000000002,27.39,224.06,2616,2657,ANTIQUE IVORY WIRE BOWL SMALL
23150,49.0,49.0,148.0,390.75000000000006,2.49,388.26000000000005,2374,2362,IVORY SWEETHEART SOAP DISH
23151,22.0,21.0,62.0,116.82000000000001,0.0,116.82000000000001,2977,2967,ZINC SWEETHEART SOAP DISH
23152,162.0,159.0,558.0,2095.65,26.25,2069.4,1030,1021,IVORY SWEETHEART WIRE LETTER RACK
23153,90.0,90.0,263.0,1020.69,15.0,1005.69,1618,1612,ZINC SWEETHEART WIRE LETTER RACK
23154,249.0,235.0,2732.0,5907.360000000001,126.88,5780.4800000000005,432,431,SET OF 4 JAM JAR MAGNETS
23155,137.0,135.0,2233.0,1914.7299999999998,129.71,1785.0199999999998,1102,1136,KNICKERBOCKERGLORY MAGNET ASSORTED
23156,212.0,205.0,1672.0,3437.85,49.92,3387.93,720,717,SET OF 5 MINI GROCERY MAGNETS
23157,171.0,163.0,2570.0,5170.1,444.0,4726.1,486,530,SET OF 6 NATIVITY MAGNETS
23158,257.0,255.0,2635.0,5517.99,124.8,5393.19,462,462,SET OF 5 LUCKY CAT MAGNETS
23159,230.0,223.0,2321.0,4771.76,52.0,4719.76,530,531,SET OF 5 PANCAKE DAY MAGNETS
23160,77.0,76.0,1462.0,1809.48,7.5,1801.98,1143,1130,REGENCY TEA SPOON
23161,98.0,98.0,1715.0,2145.3,15.0,2130.3,1011,997,REGENCY CAKE FORK
23162,176.0,176.0,1412.0,5143.6900000000005,0.0,5143.6900000000005,490,476,REGENCY TEA STRAINER
23163,209.0,209.0,1832.0,4515.22,114.4,4400.820000000001,563,564,REGENCY SUGAR TONGS
23164,92.0,92.0,578.0,2718.65,4.95,2713.7000000000003,851,833,REGENCY CAKE SLICE
23165,286.0,280.0,3118.0,5147.66,154.5,4993.16,489,493,LARGE CERAMIC TOP STORAGE JAR
23166,250.0,247.0,78033.0,81700.92000000001,77479.64000000001,4221.279999999999,6,581,MEDIUM CERAMIC TOP STORAGE JAR
23167,238.0,231.0,5847.0,4476.009999999999,365.18999999999994,4110.82,567,596,SMALL CERAMIC TOP STORAGE JAR
23168,343.0,337.0,3292.0,4559.92,65.61,4494.31,558,555,CLASSIC CAFE SUGAR DISPENSER
23169,317.0,314.0,1558.0,6671.14,379.15000000000003,6291.990000000001,384,397,CLASSIC GLASS COOKIE JAR
23170,446.0,445.0,6869.0,11117.05,1046.3,10070.75,199,213,REGENCY TEA PLATE ROSES
23171,383.0,381.0,6247.0,10051.99,146.25,9905.74,226,224,REGENCY TEA PLATE GREEN
23172,306.0,305.0,3871.0,6360.909999999999,154.3,6206.609999999999,403,400,REGENCY TEA PLATE PINK
23173,425.0,416.0,2770.0,24918.93,436.40000000000003,24482.53,51,48,REGENCY TEAPOT ROSES
23174,325.0,322.0,3057.0,12350.73,345.2,12005.529999999999,174,170,REGENCY SUGAR BOWL GREEN
23175,332.0,329.0,3164.0,9600.15,225.5,9374.65,244,241,REGENCY MILK JUG PINK
23176,229.0,226.0,2167.0,4697.58,101.25,4596.33,543,545,ABC TREASURE BOOK BOX
23177,273.0,267.0,2535.0,5528.04,45.0,5483.04,459,452,TREASURE ISLAND BOOK BOX
23178,70.0,68.0,330.0,943.9200000000001,14.45,929.47,1683,1679,JAM CLOCK MAGNET
23179,53.0,53.0,324.0,930.48,0.0,930.48,1692,1677,CLOCK MAGNET MUM'S KITCHEN
23180,49.0,49.0,122.0,621.09,4.95,616.14,2043,2029,MUM'S KITCHEN CLOCK
23181,82.0,82.0,201.0,1733.57,33.0,1700.57,1173,1171,BULL DOG BOTTLE TOP WALL CLOCK
23182,446.0,433.0,3777.0,3718.0899999999997,11.62,3706.47,664,652,TOILET SIGN OCCUPIED OR VACANT
23183,85.0,84.0,226.0,967.17,30.0,937.17,1662,1670,MOTHER'S KITCHEN SPOON REST
23184,266.0,264.0,874.0,4764.5,64.35000000000001,4700.15,531,533,BULL DOG BOTTLE OPENER
23185,32.0,30.0,323.0,116.58999999999999,0.29,116.29999999999998,2978,2969,FRENCH STYLE STORAGE JAR JAM
23186,71.0,70.0,1982.0,819.4599999999999,9.24,810.2199999999999,1795,1777,FRENCH STYLE STORAGE JAR CAFE
23187,75.0,74.0,2338.0,695.06,16.49,678.5699999999999,1942,1947,FRENCH STYLE STORAGE JAR BONBONS
23188,339.0,333.0,3473.0,6451.07,23.099999999999994,6427.969999999999,394,388,VINTAGE  2 METER FOLDING RULER
23189,142.0,141.0,1249.0,3507.51,2.89,3504.6200000000003,700,689,SET OF 12 FORK CANDLES
23190,203.0,202.0,1702.0,2761.8999999999996,3.3,2758.5999999999995,837,819,BUNDLE OF 3 SCHOOL EXERCISE BOOKS
23191,293.0,281.0,2218.0,3656.9399999999996,4.949999999999999,3651.99,675,663,BUNDLE OF 3 RETRO NOTE BOOKS
23192,357.0,345.0,3533.0,6142.289999999999,4.949999999999999,6137.339999999999,411,403,BUNDLE OF 3 ALPHABET EXERCISE BOOKS
23193,181.0,175.0,1930.0,4097.28,45.0,4052.2799999999997,606,602,BUFFALO BILL TREASURE BOOK BOX
23194,221.0,214.0,1839.0,4086.37,83.25,4003.12,607,609,GYMKHANA TREASURE BOOK BOX
23196,308.0,298.0,1876.0,2848.04,18.849999999999998,2829.19,822,809,VINTAGE LEAF MAGNETIC NOTEPAD
23197,252.0,249.0,1492.0,2323.7999999999997,36.24999999999999,2287.5499999999997,950,948,SKETCHBOOK MAGNETIC SHOPPING LIST
23198,489.0,475.0,3346.0,5068.4,92.79999999999998,4975.599999999999,499,495,PANTRY MAGNETIC  SHOPPING LIST
23199,988.0,978.0,14920.0,30475.65,1309.25,29166.4,31,30,JUMBO BAG APPLES
23200,602.0,595.0,7071.0,14197.28,243.63000000000005,13953.650000000001,138,137,JUMBO BAG PEARS
23201,916.0,906.0,13379.0,27890.170000000002,1076.0199999999998,26814.15,40,39,JUMBO BAG ALPHABET
23202,889.0,879.0,10962.0,21852.81,442.46000000000004,21410.350000000002,78,78,JUMBO BAG VINTAGE LEAF
23203,1249.0,1231.0,20503.0,42067.78,1076.4,40991.38,15,13,JUMBO BAG VINTAGE DOILY
23204,586.0,583.0,7976.0,7741.94,138.34,7603.599999999999,310,306,CHARLOTTE BAG APPLES DESIGN
23205,472.0,467.0,5859.0,5728.08,140.25,5587.83,444,442,CHARLOTTE BAG VINTAGE ALPHABET
23206,1071.0,1036.0,12183.0,20911.98,97.14999999999999,20814.829999999998,88,82,LUNCH BAG APPLE DESIGN
23207,767.0,740.0,7851.0,13360.2,659.6,12700.6,154,157,LUNCH BAG ALPHABET DESIGN
23208,688.0,668.0,6342.0,10498.01,109.85,10388.16,214,206,LUNCH BAG VINTAGE LEAF DESIGN
23209,1123.0,1098.0,13189.0,21450.17,65.8,21384.37,83,79,LUNCH BAG VINTAGE DOILY
23210,207.0,192.0,2902.0,3617.78,219.76,3398.0200000000004,681,713,WHITE ROCKING HORSE HAND PAINTED
23211,164.0,160.0,2331.0,2933.07,30.0,2903.07,803,795,RED ROCKING HORSE HAND PAINTED
23212,195.0,186.0,2300.0,2865.89,75.0,2790.89,816,815,HEART WREATH DECORATION WITH BELL
23213,156.0,152.0,1683.0,2139.67,15.0,2124.67,1012,999,STAR WREATH DECORATION WITH BELL
23214,109.0,103.0,794.0,1705.44,0.0,1705.44,1188,1169,JINGLE BELL HEART ANTIQUE GOLD
23215,216.0,210.0,3567.0,7044.64,214.8,6829.84,350,350,JINGLE BELL HEART ANTIQUE SILVER
23216,45.0,44.0,525.0,630.73,0.0,630.73,2022,2002,LAUREL HEART ANTIQUE GOLD
23217,99.0,97.0,1309.0,1613.82,0.0,1613.82,1235,1220,LAUREL HEART ANTIQUE SILVER
23218,40.0,40.0,379.0,483.03,0.0,483.03,2236,2222,LAUREL STAR ANTIQUE GOLD
23219,64.0,61.0,430.0,568.6,0.0,568.6,2113,2096,LAUREL STAR ANTIQUE SILVER
23220,105.0,103.0,994.0,869.9799999999999,9.959999999999999,860.0199999999999,1753,1740,REINDEER HEART DECORATION GOLD
23221,150.0,145.0,1537.0,1363.87,48.13999999999999,1315.7299999999998,1383,1386,REINDEER HEART DECORATION SILVER
23222,77.0,75.0,799.0,718.53,19.919999999999998,698.61,1915,1921,CHRISTMAS TREE HANGING GOLD
23223,91.0,88.0,803.0,751.8499999999999,9.959999999999999,741.8899999999999,1873,1861,CHRISTMAS TREE HANGING SILVER
23224,71.0,71.0,738.0,649.02,11.62,637.4,1995,1994,CHERUB HEART DECORATION GOLD
23225,89.0,88.0,1356.0,1177.0,69.72,1107.28,1481,1517,CHERUB HEART DECORATION SILVER
23226,99.0,98.0,1247.0,1596.67,60.0,1536.67,1248,1256,FILIGREE HEART DAISY WHITE
23227,117.0,117.0,1642.0,2070.06,7.5,2062.56,1042,1024,FILIGREE HEART BUTTERFLY WHITE
23228,126.0,125.0,1492.0,1960.0,149.76,1810.24,1090,1126,FILIGREE HEART BIRD WHITE
23229,256.0,256.0,1869.0,6739.71,40.89,6698.82,376,365,VINTAGE DONKEY TAIL GAME
23230,236.0,235.0,8001.0,3228.42,31.5,3196.92,753,748,WRAP ALPHABET DESIGN
23231,260.0,260.0,7277.0,3008.34,0.0,3008.34,788,774,WRAP DOILEY DESIGN
23232,243.0,238.0,8626.0,3478.92,21.42,3457.5,705,694,WRAP VINTAGE LEAF DESIGN
23233,159.0,158.0,5175.0,2105.5,10.5,2095.0,1027,1013,WRAP POPPIES  DESIGN
23234,280.0,277.0,1725.0,5088.45,46.24,5042.21,497,485,BISCUIT TIN VINTAGE CHRISTMAS
23235,108.0,105.0,739.0,1957.69,40.46,1917.23,1091,1076,STORAGE TIN VINTAGE LEAF
23236,339.0,327.0,2509.0,7106.21,95.37,7010.84,343,336,STORAGE TIN VINTAGE DOILY
23237,178.0,177.0,1054.0,4278.54,69.35,4209.19,586,583,SET OF 4 KNICK KNACK TINS LEAF
23238,285.0,274.0,1862.0,7825.56,65.6,7759.96,305,297,SET OF 4 KNICK KNACK TINS LONDON
23239,186.0,178.0,853.0,3399.4900000000002,115.80000000000001,3283.69,727,733,SET OF 4 KNICK KNACK TINS POPPIES
23240,550.0,536.0,4186.0,17037.52,206.7,16830.82,115,111,SET OF 4 KNICK KNACK TINS DOILY
23241,374.0,363.0,2184.0,4709.07,14.56,4694.509999999999,542,535,TREASURE TIN GYMKHANA DESIGN
23242,223.0,214.0,1476.0,3037.11,56.16,2980.9500000000003,781,779,TREASURE TIN BUFFALO BILL
23243,474.0,470.0,4805.0,23514.170000000002,545.5500000000001,22968.620000000003,61,61,SET OF TEA COFFEE SUGAR TINS PANTRY
23244,112.0,112.0,936.0,1733.9799999999998,16.95,1717.0299999999997,1172,1163,ROUND STORAGE TIN VINTAGE LEAF
23245,882.0,873.0,6357.0,31177.95,421.4999999999999,30756.45,28,26,SET OF 3 REGENCY CAKE TINS
23247,315.0,309.0,2206.0,6715.93,118.54000000000002,6597.39,378,374,BISCUIT TIN 50'S CHRISTMAS
23249,82.0,81.0,854.0,1445.8999999999999,87.71,1358.1899999999998,1332,1357,VINTAGE RED ENAMEL TRIM PLATE
23250,110.0,110.0,1179.0,1531.03,141.8,1389.23,1287,1337,VINTAGE RED TRIM ENAMEL BOWL
23251,121.0,120.0,1713.0,2107.0,72.5,2034.5,1026,1034,VINTAGE RED ENAMEL TRIM MUG
23252,141.0,138.0,607.0,2276.61,123.75,2152.86,966,987,VINTAGE RED ENAMEL TRIM JUG
23253,70.0,70.0,258.0,3848.8599999999997,31.9,3816.9599999999996,642,636,16 PIECE CUTLERY SET PANTRY DESIGN
23254,307.0,299.0,1710.0,6932.16,83.0,6849.16,360,348,CHILDRENS CUTLERY DOLLY GIRL
23255,159.0,158.0,1015.0,4101.37,37.35,4064.02,605,600,CHILDRENS CUTLERY CIRCUS PARADE
23256,374.0,368.0,2115.0,8675.37,338.0,8337.37,272,279,CHILDRENS CUTLERY SPACEBOY
23263,487.0,445.0,3893.0,5184.69,58.75,5125.94,482,478,SET OF 3 WOODEN HEART DECORATIONS
23264,317.0,299.0,1966.0,2694.56,1.25,2693.31,859,840,SET OF 3 WOODEN SLEIGH DECORATIONS
23265,317.0,293.0,1784.0,2423.54,18.75,2404.79,918,910,SET OF 3 WOODEN TREE DECORATIONS
23266,342.0,319.0,2064.0,2757.57,15.0,2742.57,839,826,SET OF 3 WOODEN STOCKING DECORATION
23267,111.0,108.0,1202.0,1531.95,60.0,1471.95,1285,1295,SET OF 4 SANTA PLACE SETTINGS
23268,90.0,89.0,1448.0,2019.59,17.4,2002.1899999999998,1058,1044,SET OF 2 CERAMIC CHRISTMAS REINDEER
23269,97.0,94.0,786.0,1163.1299999999999,0.0,1163.1299999999999,1495,1474,SET OF 2 CERAMIC CHRISTMAS TREES
23270,132.0,125.0,1183.0,1659.37,8.7,1650.6699999999998,1209,1198,SET OF 2 CERAMIC PAINTED HEARTS
23271,107.0,104.0,1734.0,1499.3799999999999,0.0,1499.3799999999999,1301,1282,CHRISTMAS TABLE SILVER CANDLE SPIKE
23272,44.0,44.0,364.0,562.2199999999999,0.0,562.2199999999999,2120,2104,TREE T-LIGHT HOLDER WILLIE WINKIE
23273,113.0,112.0,969.0,1649.0499999999997,6.6,1642.4499999999998,1216,1204,HEART T-LIGHT HOLDER WILLIE WINKIE
23274,123.0,119.0,1183.0,2009.9499999999998,4.949999999999999,2004.9999999999998,1069,1043,STAR T-LIGHT HOLDER WILLIE WINKIE
23275,341.0,325.0,3749.0,4557.97,95.41,4462.56,559,559,SET OF 3 HANGING OWLS OLLIE BEAK
23280,159.0,157.0,2024.0,1614.99,1.66,1613.33,1233,1221,FOLDING BUTTERFLY MIRROR HOT PINK
23281,104.0,101.0,1280.0,1000.82,0.0,1000.82,1634,1617,FOLDING BUTTERFLY MIRROR RED
23282,137.0,135.0,812.0,757.86,0.0,757.86,1867,1841,FOLDING BUTTERFLY MIRROR IVORY
23283,233.0,233.0,994.0,7003.38,57.45,6945.93,353,341,DOORMAT VINTAGE LEAF
23284,735.0,728.0,5491.0,38166.64,1601.25,36565.39,17,16,DOORMAT KEEP CALM AND COME IN
23285,192.0,191.0,4807.0,4572.41,1.7,4570.71,555,547,PINK VINTAGE SPOT BEAKER
23286,222.0,222.0,5048.0,4747.62,41.65,4705.97,537,532,BLUE VINTAGE SPOT BEAKER
23287,202.0,198.0,1891.0,1613.59,43.349999999999994,1570.24,1236,1240,RED VINTAGE SPOT BEAKER
23288,186.0,185.0,4625.0,4444.2300000000005,15.169999999999998,4429.06,573,562,GREEN VINTAGE SPOT BEAKER
23289,192.0,191.0,1622.0,2013.7,15.0,1998.7,1062,1046,DOLLY GIRL CHILDRENS BOWL
23290,215.0,214.0,2437.0,2899.1000000000004,12.5,2886.6000000000004,810,796,SPACEBOY CHILDRENS BOWL
23291,197.0,195.0,1635.0,2060.28,12.5,2047.7800000000002,1044,1028,DOLLY GIRL CHILDRENS CUP
23292,224.0,222.0,2182.0,2704.58,26.25,2678.33,857,846,SPACEBOY CHILDRENS CUP
23293,562.0,552.0,8486.0,7001.99,26.56,6975.429999999999,354,339,SET OF 12 FAIRY CAKE BAKING CASES
23294,365.0,354.0,4420.0,3631.0499999999997,10.79,3620.2599999999998,679,666,SET OF 6 SNACK LOAF BAKING CASES
23295,455.0,444.0,6140.0,5078.429999999999,10.79,5067.639999999999,498,482,SET OF 12 MINI LOAF BAKING CASES
23296,383.0,378.0,4981.0,5988.05,33.75,5954.3,426,414,SET OF 6 TEA TIME BAKING CASES
23297,163.0,161.0,4303.0,6792.23,42.9,6749.33,372,361,SET 40 HEART SHAPE PETIT FOUR CASES
23298,1165.0,1146.0,8473.0,43182.83,482.80999999999995,42700.020000000004,13,11,SPOTTY BUNTING
23299,148.0,146.0,1015.0,3784.13,30.0,3754.13,655,645,FOOD COVER WITH BEADS SET 2
23300,773.0,758.0,6827.0,11815.689999999999,231.60000000000002,11584.089999999998,184,176,GARDENERS KNEELING PAD CUP OF TEA
23301,926.0,913.0,8825.0,16357.05,168.90000000000003,16188.15,122,118,GARDENERS KNEELING PAD KEEP CALM
23302,236.0,230.0,1544.0,2194.62,54.239999999999995,2140.38,989,994,KNEELING MAT HOUSEWORK  DESIGN
23303,6.0,6.0,65.0,126.75,0.0,126.75,2941,2932,SET 4 PICNIC CUTLERY FONDANT
23304,9.0,9.0,71.0,138.45,0.0,138.45,2902,2888,SET 4 PICNIC CUTLERY CHERRY
23305,9.0,9.0,82.0,159.9,0.0,159.9,2830,2817,SET 4 PICNIC CUTLERY BLUEBERRY
23306,279.0,277.0,2808.0,4123.38,10.149999999999999,4113.2300000000005,603,594,SET OF 36 DOILIES PANTRY DESIGN
23307,654.0,629.0,12063.0,6379.59,48.400000000000006,6331.1900000000005,402,394,SET OF 60 PANTRY DESIGN CAKE CASES
23308,394.0,382.0,6151.0,3279.21,0.0,3279.21,745,735,SET OF 60 VINTAGE LEAF CAKE CASES
23309,430.0,407.0,8332.0,4527.2,48.400000000000006,4478.8,562,556,SET OF 60 I LOVE LONDON CAKE CASES
23310,246.0,245.0,12050.0,4997.28,0.0,4997.28,509,492,BUBBLEGUM RING ASSORTED
23311,347.0,344.0,2390.0,6488.2,38.25,6449.95,390,382,VINTAGE CHRISTMAS STOCKING
23312,219.0,214.0,1424.0,5968.3,4.15,5964.150000000001,427,412,VINTAGE CHRISTMAS GIFT SACK
23313,413.0,401.0,2997.0,15833.310000000001,64.35,15768.960000000001,127,123,VINTAGE CHRISTMAS BUNTING
23314,119.0,117.0,409.0,5037.96,62.5,4975.46,502,496,VINTAGE CHRISTMAS TABLECLOTH
23315,86.0,86.0,213.0,2094.24,97.80000000000001,1996.4399999999998,1032,1048,IVORY REFECTORY CLOCK
23316,111.0,110.0,251.0,2511.59,9.95,2501.6400000000003,903,889,RED REFECTORY CLOCK
23317,83.0,82.0,174.0,1787.4099999999999,0.0,1787.4099999999999,1151,1135,BLUE REFECTORY CLOCK
23318,384.0,376.0,3811.0,9167.390000000001,368.71,8798.680000000002,257,262,BOX OF 6 MINI VINTAGE CRACKERS
23319,419.0,403.0,3739.0,9266.84,244.97,9021.87,253,253,BOX OF 6 MINI 50'S CRACKERS
23320,344.0,333.0,2668.0,7072.16,37.57,7034.59,345,331,GIANT 50'S CHRISTMAS CRACKER
23321,653.0,629.0,4737.0,8473.269999999999,64.35,8408.919999999998,283,276,SMALL WHITE HEART OF WICKER
23322,583.0,562.0,3085.0,8925.410000000002,169.84999999999997,8755.560000000001,267,264,LARGE WHITE HEART OF WICKER
23323,306.0,294.0,1473.0,3155.1800000000003,6.300000000000001,3148.88,762,755,WHITE WICKER STAR
23324,44.0,44.0,399.0,816.0400000000001,67.51,748.5300000000001,1796,1851,RUSTIC STRAWBERRY JAM POT LARGE
23325,35.0,35.0,462.0,740.9399999999999,29.699999999999996,711.2399999999999,1888,1904,RUSTIC STRAWBERRY JAM POT SMALL
23326,77.0,76.0,3443.0,2237.71,0.0,2237.71,974,958,HANGING MINI COLOURED BOTTLES
23327,42.0,41.0,1734.0,1051.14,4.720000000000001,1046.42,1591,1571,HANGING CLEAR MINI BOTTLE
23328,413.0,405.0,2845.0,13284.49,29.64,13254.85,158,151,SET 6 SCHOOL MILK BOTTLES IN CRATE
23329,261.0,233.0,1778.0,3056.3399999999997,4.949999999999999,3051.39,776,767,DECORATIVE WICKER HEART LARGE
23330,231.0,216.0,1804.0,2299.47,7.5,2291.97,959,946,DECORATIVE WICKER HEART MEDIUM
23331,114.0,109.0,1596.0,1062.28,0.0,1062.28,1580,1557,DECORATIVE WICKER HEART SMALL
23332,301.0,287.0,2076.0,3570.7599999999998,3.3,3567.4599999999996,689,679,IVORY WICKER HEART LARGE
23333,249.0,233.0,2110.0,2721.7,15.0,2706.7,850,838,IVORY WICKER HEART MEDIUM
23334,136.0,130.0,2271.0,1491.75,0.0,1491.75,1305,1285,IVORY WICKER HEART SMALL
23335,98.0,96.0,378.0,792.86,24.96,767.9,1817,1826,EGG FRYING PAN IVORY
23336,87.0,85.0,226.0,521.33,0.0,521.33,2185,2167,EGG FRYING PAN PINK
23337,69.0,69.0,180.0,388.75,0.0,388.75,2377,2359,EGG FRYING PAN MINT
23338,109.0,109.0,431.0,915.4000000000001,12.48,902.9200000000001,1706,1697,EGG FRYING PAN RED
23339,77.0,76.0,175.0,405.0,0.0,405.0,2355,2343,EGG FRYING PAN BLUE
23340,153.0,151.0,2512.0,4053.8799999999997,0.0,4053.8799999999997,612,601,VINTAGE CHRISTMAS CAKE FRILL
23341,122.0,121.0,308.0,2749.85,0.0,2749.85,842,822,PINK DINER WALL CLOCK
23342,165.0,163.0,375.0,3193.41,8.5,3184.91,760,749,MINT DINER WALL CLOCK
23343,489.0,476.0,6081.0,13978.95,505.68,13473.27,144,146,JUMBO BAG VINTAGE CHRISTMAS
23344,732.0,716.0,10306.0,23815.75,486.96000000000004,23328.79,60,57,JUMBO BAG 50'S CHRISTMAS
23345,179.0,174.0,2455.0,2891.25,8.75,2882.5,811,800,DOLLY GIRL BEAKER
23346,188.0,184.0,2632.0,3117.34,7.5,3109.84,769,759,SPACEBOY BEAKER
23347,98.0,97.0,860.0,1077.3,42.5,1034.8,1569,1578,I LOVE LONDON BEAKER
23348,173.0,168.0,750.0,1642.13,47.260000000000005,1594.8700000000001,1218,1230,CHILDRENS TOY COOKING UTENSIL SET
23349,348.0,337.0,3231.0,4355.1,30.0,4325.1,577,569,ROLL WRAP VINTAGE CHRISTMAS
23350,314.0,305.0,2721.0,3456.33,30.0,3426.33,709,707,ROLL WRAP VINTAGE SPOT
23351,361.0,354.0,3539.0,4880.65,104.88,4775.7699999999995,519,521,ROLL WRAP 50'S CHRISTMAS
23352,215.0,212.0,1803.0,2462.95,15.0,2447.95,910,901,ROLL WRAP 50'S RED CHRISTMAS
23353,335.0,327.0,4016.0,3517.5199999999995,19.919999999999998,3497.5999999999995,699,690,6 GIFT TAGS VINTAGE CHRISTMAS
23354,332.0,322.0,3743.0,3431.89,49.8,3382.0899999999997,721,719,6 GIFT TAGS 50'S CHRISTMAS
23355,805.0,782.0,5841.0,28842.550000000003,417.6,28424.950000000004,35,32,HOT WATER BOTTLE KEEP CALM
23356,500.0,476.0,2386.0,13494.970000000001,53.55,13441.420000000002,153,147,LOVE HOT WATER BOTTLE
23357,105.0,102.0,453.0,1993.6000000000001,0.0,1993.6000000000001,1075,1049,HOT WATER BOTTLE SEX BOMB
23358,90.0,89.0,595.0,2012.13,125.94,1886.19,1065,1092,HOT STUFF HOT WATER BOTTLE
23359,80.0,79.0,993.0,1872.31,0.0,1872.31,1117,1096,SET OF 12 T-LIGHTS VINTAGE DOILY
23360,119.0,114.0,1187.0,2296.15,0.0,2296.15,960,943,SET 8 CANDLES VINTAGE DOILY
23365,175.0,169.0,1859.0,1464.38,0.0,1464.38,1320,1296,SET 12 COLOUR PENCILS LOVE LONDON
23366,199.0,195.0,2253.0,1670.55,0.0,1670.55,1202,1188,SET 12 COLOURING PENCILS DOILY
23367,289.0,282.0,3285.0,2495.75,10.4,2485.35,907,894,SET 12 COLOUR PENCILS SPACEBOY
23368,239.0,232.0,2382.0,1681.5,3.9000000000000004,1677.6,1197,1184,SET 12 COLOUR PENCILS DOLLY GIRL
23369,129.0,126.0,1105.0,1581.06,0.0,1581.06,1255,1236,SET 36 COLOUR PENCILS LOVE LONDON
23370,158.0,151.0,1555.0,2157.85,1.25,2156.6,1005,985,SET 36 COLOURING PENCILS DOILY
23371,192.0,185.0,1712.0,2313.53,0.0,2313.53,954,937,SET 36 COLOUR PENCILS SPACEBOY
23372,153.0,147.0,1391.0,1752.79,20.0,1732.79,1166,1154,SET 36 COLOUR PENCILS DOLLY GIRL
23373,100.0,100.0,1608.0,1313.3899999999999,0.0,1313.3899999999999,1411,1388,VINTAGE CHRISTMAS PAPER GIFT BAG
23374,131.0,131.0,2456.0,1962.83,13.12,1949.71,1087,1067,RED SPOT PAPER GIFT BAG
23375,104.0,103.0,1352.0,1108.8899999999999,0.82,1108.07,1546,1516,50'S CHRISTMAS PAPER GIFT BAG
23376,160.0,155.0,3051.0,1389.59,9.36,1380.23,1364,1343,PACK OF 12 VINTAGE CHRISTMAS TISSUE
23377,137.0,133.0,1354.0,593.62,3.12,590.5,2075,2061,PACK OF 12 DOLLY GIRL TISSUES
23378,188.0,176.0,4003.0,1842.42,0.0,1842.42,1131,1109,PACK OF 12 50'S CHRISTMAS TISSUES
23379,77.0,76.0,1220.0,465.36,0.0,465.36,2260,2247,PACK OF 12 RED APPLE TISSUES
23380,123.0,121.0,2344.0,983.5,14.04,969.46,1648,1638,PACK OF 12 VINTAGE DOILY TISSUES
23381,83.0,80.0,1509.0,567.9499999999999,0.0,567.9499999999999,2115,2098,PACK OF 12 VINTAGE LEAF TISSUES
23382,221.0,220.0,1875.0,7356.18,63.75,7292.43,327,321,BOX OF 6 CHRISTMAS CAKE DECORATIONS
23388,157.0,154.0,825.0,3448.69,0.0,3448.69,713,697,WOODLAND MINI BACKPACK
23389,244.0,237.0,1122.0,4780.54,8.3,4772.24,529,523,SPACEBOY MINI BACKPACK
23390,170.0,163.0,751.0,3042.19,4.15,3038.04,780,769,DOLLY GIRL MINI BACKPACK
23391,89.0,87.0,390.0,1632.3200000000002,0.0,1632.3200000000002,1226,1211,I LOVE LONDON MINI BACKPACK
23392,118.0,113.0,667.0,1485.43,49.92,1435.51,1310,1313,SPACEBOY ROCKET LOLLY MAKERS
23393,236.0,229.0,807.0,3230.41,78.75,3151.66,752,754,HOME SWEET HOME CUSHION COVER
23394,155.0,150.0,438.0,1888.9,0.0,1888.9,1112,1090,POSTE FRANCE CUSHION COVER
23395,220.0,210.0,761.0,3305.83,26.25,3279.58,739,734,BELLE JARDINIERE CUSHION COVER
23396,208.0,196.0,662.0,2780.5299999999997,15.0,2765.5299999999997,832,816,LE JARDIN BOTANIQUE CUSHION COVER
23397,217.0,217.0,489.0,5097.65,59.699999999999996,5037.95,493,486,FOOT STOOL HOME SWEET HOME
23398,78.0,69.0,610.0,538.75,0.85,537.9,2158,2145,HANGING HEART BONHEUR
23399,240.0,225.0,1922.0,1752.35,0.0,1752.35,1167,1146,HOME SWEET HOME HANGING HEART
23400,108.0,107.0,461.0,2409.34,12.5,2396.84,923,912,SHELF WITH 4 HOOKS HOME SWEET HOME
23401,83.0,83.0,459.0,2354.87,18.75,2336.12,943,933,RUSTIC MIRROR WITH LACE HEART
23402,69.0,68.0,297.0,1151.03,0.0,1151.03,1507,1484,HOME SWEET HOME 3 PEG HANGER
23403,136.0,134.0,626.0,2207.86,11.25,2196.61,984,973,LETTER HOLDER HOME SWEET HOME
23404,169.0,169.0,1011.0,4561.76,143.55,4418.21,557,563,HOME SWEET HOME BLACKBOARD
23405,73.0,70.0,254.0,1321.38,4.95,1316.43,1408,1385,HOME SWEET HOME 2 DRAWER CABINET
23406,112.0,111.0,457.0,2428.9100000000003,18.75,2410.1600000000003,915,909,HOME SWEET HOME KEY HOLDER
23407,134.0,133.0,267.0,2729.33,59.699999999999996,2669.63,848,847,SET OF 2 TRAYS HOME SWEET HOME
23408,59.0,59.0,310.0,644.8000000000001,29.12,615.6800000000001,2003,2030,PHOTO FRAME LINEN AND LACE SMALL
23409,43.0,43.0,215.0,801.6800000000001,26.25,775.4300000000001,1807,1813,PHOTO FRAME LINEN AND LACE LARGE
23410,18.0,18.0,36.0,290.1,8.15,281.95000000000005,2534,2541,CURIO CABINET LINEN AND LACE
23411,57.0,56.0,227.0,1118.6100000000001,4.95,1113.66,1538,1514,TRELLIS COAT RACK
23412,77.0,76.0,358.0,2354.8,15.0,2339.8,944,931,HEART MIRROR ANTIQUE WHITE
23413,60.0,58.0,177.0,929.11,49.800000000000004,879.3100000000001,1693,1723,VINTAGE COFFEE GRINDER BOX
23414,64.0,64.0,141.0,1378.75,39.8,1338.95,1377,1368,ZINC BOX SIGN HOME
23415,47.0,47.0,328.0,412.17999999999995,8.25,403.92999999999995,2346,2345,HOME SWEET HOME HOOK
23416,25.0,25.0,132.0,184.67999999999998,0.0,184.67999999999998,2764,2747,CHAMBRE HOOK
23417,28.0,27.0,146.0,157.5,0.0,157.5,2836,2824,BATHROOM HOOK
23418,80.0,79.0,558.0,1168.08,0.0,1168.08,1491,1468,LAVENDER TOILETTE BOTTLE
23419,87.0,86.0,474.0,1045.8,2.08,1043.72,1595,1573,HOME SWEET HOME BOTTLE
23420,33.0,32.0,165.0,353.45,0.0,353.45,2433,2417,PANTRY HOOK TEA STRAINER
23421,34.0,33.0,162.0,353.36,0.0,353.36,2434,2418,PANTRY HOOK SPATULA
23422,47.0,47.0,213.0,477.89,0.0,477.89,2246,2230,PANTRY HOOK BALLOON WHISK
23423,66.0,66.0,219.0,876.9,18.75,858.15,1746,1742,PANTRY 3 HOOK ROLLING PIN HANGER
23424,136.0,135.0,466.0,2529.42,4.95,2524.4700000000003,897,885,GINGHAM RECIPE BOOK BOX
23425,56.0,56.0,275.0,621.44,17.43,604.0100000000001,2041,2045,STORAGE TIN HOME SWEET HOME
23426,210.0,206.0,1277.0,3450.21,17.34,3432.87,711,703,METAL SIGN DROP YOUR PANTS
23427,116.0,114.0,238.0,2873.08,22.9,2850.18,815,806,STOOL HOME SWEET HOME
23428,33.0,33.0,77.0,675.91,16.3,659.61,1967,1969,IVORY RETRO KITCHEN WALL CLOCK
23429,23.0,23.0,47.0,400.01,0.0,400.01,2358,2348,RED RETRO KITCHEN WALL CLOCK
23430,18.0,18.0,36.0,301.88,0.0,301.88,2516,2509,BLUE RETRO KITCHEN WALL CLOCK
23431,77.0,72.0,1454.0,1175.3799999999999,13.28,1162.1,1483,1475,NATURAL HANGING QUILTED HEARTS
23432,76.0,74.0,1278.0,1090.02,0.0,1090.02,1560,1531,PRETTY HANGING QUILTED HEARTS
23433,89.0,89.0,1258.0,1108.58,39.00999999999999,1069.57,1547,1545,HANGING QUILTED PATCHWORK APPLES
23434,201.0,199.0,2105.0,1892.07,7.9,1884.1699999999998,1110,1094,3 RAFFIA RIBBONS 50'S CHRISTMAS
23435,100.0,99.0,827.0,734.7900000000001,0.0,734.7900000000001,1895,1871,3 RAFFIA RIBBONS VINTAGE CHRISTMAS
23436,114.0,114.0,1979.0,2367.39,18.75,2348.64,939,929,VINTAGE CHRISTMAS GIFT BAG LARGE
23437,131.0,131.0,1939.0,2373.63,2.5,2371.13,938,924,50'S CHRISTMAS GIFT BAG LARGE
23438,111.0,109.0,1823.0,2227.42,0.0,2227.42,977,963,RED SPOT GIFT BAG LARGE
23439,425.0,397.0,4027.0,8941.61,0.0,8941.61,266,257,HAND WARMER RED LOVE HEART
23440,5.0,5.0,164.0,299.36,0.0,299.36,2521,2514,PAINT YOUR OWN EGGS IN CRATE
23441,3.0,3.0,22.0,9.24,0.0,9.24,3722,3713,HAND PAINTED HANGING EASTER EGG
23442,10.0,7.0,42.0,87.36,0.0,87.36,3090,3079,12 HANGING EGGS HAND PAINTED
23444,79.0,79.0,79.0,1200.0,15.0,1185.0,1472,1458,Next Day Carriage
23445,103.0,101.0,2688.0,2177.8399999999997,16.599999999999998,2161.24,995,982,ICE CREAM BUBBLES
23446,3.0,3.0,157.0,230.24999999999997,0.0,230.24999999999997,2660,2644,BLUE BUNNY EASTER EGG BASKET
23447,4.0,4.0,158.0,231.89999999999998,0.0,231.89999999999998,2654,2639,PINK BUNNY EASTER EGG BASKET
23448,3.0,3.0,25.0,41.24999999999999,0.0,41.24999999999999,3366,3349,CREAM BUNNY EASTER EGG BASKET
23449,1.0,1.0,12.0,15.0,0.0,15.0,3633,3620,SET OF 6 EASTER RAINBOW CHICKS
23451,54.0,52.0,278.0,558.12,0.0,558.12,2130,2113,SQUARE MINI PORTRAIT FRAME
23452,87.0,87.0,518.0,1021.76,1.95,1019.81,1617,1593,HEART MINI PORTRAIT FRAME
23453,51.0,47.0,324.0,631.5799999999999,0.0,631.5799999999999,2021,2001,OVAL  MINI PORTRAIT FRAME
23454,59.0,52.0,179.0,753.95,8.3,745.6500000000001,1872,1857,THREE MINI HANGING FRAMES
23455,36.0,35.0,207.0,569.4300000000001,0.0,569.4300000000001,2108,2091,SMALL PARLOUR PICTURE FRAME
23456,36.0,36.0,158.0,634.1,8.3,625.8000000000001,2017,2012,MEDIUM PARLOUR PICTURE FRAME
23457,32.0,31.0,113.0,554.83,0.0,554.83,2136,2118,LARGE PARLOUR PICTURE FRAME
23458,30.0,30.0,51.0,762.4499999999999,74.75,687.6999999999999,1856,1934,DOLLY CABINET 3 DRAWERS
23459,19.0,19.0,33.0,412.5,37.5,375.0,2344,2381,DOLLY CABINET 2 DRAWERS
23460,43.0,43.0,108.0,1007.0799999999999,49.75,957.3299999999999,1628,1653,SWEETHEART WALL TIDY
23461,107.0,94.0,857.0,3082.71,16.6,3066.11,772,765,SWEETHEART BIRD HOUSE
23462,46.0,46.0,80.0,1607.04,350.09999999999997,1256.94,1242,1420,ROCOCO WALL MIRROR WHITE
23463,8.0,8.0,13.0,139.39999999999998,0.0,139.39999999999998,2898,2884,VINTAGE ZINC WATERING CAN
23464,8.0,8.0,18.0,99.2,0.0,99.2,3041,3032,VINTAGE ZINC WATERING CAN SMALL
23465,16.0,16.0,29.0,247.63,0.0,247.63,2621,2608,TUSCAN VILLA BIRD FEEDER
23466,27.0,27.0,55.0,498.03,8.25,489.78,2219,2213,TUSCAN VILLA DOVECOTE BIRD FEEDER
23467,11.0,11.0,32.0,120.08000000000001,0.0,120.08000000000001,2960,2951,VINTAGE ZINC PLANTER
23468,11.0,11.0,19.0,156.75,0.0,156.75,2841,2829,TUSCAN VILLA BIRD TABLE
23469,72.0,72.0,332.0,1355.24,16.6,1338.64,1386,1369,CARD HOLDER LOVE BIRD SMALL
23470,84.0,84.0,232.0,1460.5,70.7,1389.8,1324,1336,CARD HOLDER LOVE BIRD LARGE
23471,28.0,27.0,66.0,626.74,0.0,626.74,2029,2009,SIX DRAWER OFFICE TIDY
23472,34.0,33.0,59.0,909.37,0.0,909.37,1709,1692,NINE DRAWER OFFICE TIDY
23473,52.0,51.0,679.0,552.85,0.0,552.85,2141,2122,WOODLAND SMALL RED FELT HEART
23474,38.0,37.0,312.0,270.96,0.0,270.96,2571,2564,WOODLAND SMALL BLUE FELT HEART
23475,31.0,31.0,286.0,242.17999999999998,0.0,242.17999999999998,2636,2622,WOODLAND SMALL PINK FELT HEART
23476,22.0,22.0,205.0,264.72,0.0,264.72,2590,2575,WOODLAND LARGE RED FELT HEART
23477,13.0,13.0,92.0,123.47,0.0,123.47,2949,2941,WOODLAND LARGE BLUE FELT HEART
23478,13.0,13.0,285.0,324.40000000000003,0.0,324.40000000000003,2471,2460,WOODLAND LARGE PINK FELT HEART
23479,45.0,44.0,114.0,880.23,0.0,880.23,1742,1720,WIRE EGG BASKET
23480,220.0,215.0,1800.0,6726.64,68.1,6658.54,377,366,MINI LIGHTS WOODLAND MUSHROOMS
23481,32.0,29.0,228.0,281.17,0.0,281.17,2550,2543,PEARLISED IVORY HEART SMALL
23482,39.0,39.0,418.0,661.02,0.0,661.02,1986,1968,PEARLISED IVORY HEART LARGE
23483,76.0,73.0,1340.0,1651.36,26.240000000000002,1625.12,1214,1214,HANGING  BUTTERFLY T-LIGHT HOLDER
23484,36.0,35.0,185.0,547.35,0.0,547.35,2151,2135,HEART TRELLIS TRIPLE T-LIGHT HOLDER
23485,83.0,83.0,262.0,5843.92,407.40000000000003,5436.52,435,458,BOTANICAL GARDENS WALL CLOCK
23486,74.0,74.0,275.0,4145.47,199.65000000000003,3945.82,601,619,ANTIQUE HEART SHELF UNIT
23487,44.0,44.0,80.0,795.5799999999999,89.55,706.03,1811,1912,SWEET HEART CAKE CARRIER
23489,165.0,159.0,913.0,2709.23,0.0,2709.23,854,837,VINTAGE BELLS GARLAND
23490,102.0,101.0,548.0,2055.27,11.25,2044.02,1045,1030,T-LIGHT HOLDER HANGING LOVE BIRD
23491,79.0,78.0,228.0,1897.76,8.25,1889.51,1107,1089,VINTAGE JINGLE BELLS HEART
23492,28.0,28.0,76.0,635.38,0.0,635.38,2014,1997,VINTAGE JINGLE BELLS WREATH
23493,430.0,415.0,3970.0,8509.68,11.399999999999999,8498.28,282,271,VINTAGE DOILY TRAVEL SEWING KIT
23494,208.0,205.0,813.0,5377.81,386.75,4991.06,471,494,VINTAGE DOILY DELUXE SEWING KIT
23495,41.0,41.0,225.0,306.66,0.0,306.66,2511,2500,SET OF 3 PANTRY WOODEN SPOONS
23496,31.0,31.0,112.0,154.52,0.0,154.52,2847,2833,PANTRY KITCHEN THERMOMETER
23497,202.0,195.0,2561.0,3660.37,17.4,3642.97,674,665,CLASSIC CHROME BICYCLE BELL
23498,106.0,99.0,1644.0,2378.4799999999996,0.0,2378.4799999999996,935,920,CLASSIC BICYCLE CLIPS
23499,115.0,110.0,1315.0,587.49,0.0,587.49,2081,2064,SET 12 VINTAGE DOILY CHALK
23500,107.0,98.0,1631.0,2044.58,0.0,2044.58,1048,1029,KEY RING BASEBALL BOOT ASSORTED
23501,116.0,112.0,1823.0,2220.37,0.0,2220.37,979,964,KEY RING BASEBALL BOOT UNION JACK
23502,95.0,94.0,714.0,896.41,0.0,896.41,1723,1704,PLAYING CARDS VINTAGE DOILY
23503,345.0,335.0,3646.0,4864.3,2.5,4861.8,521,509,PLAYING CARDS KEEP CALM & CARRY ON
23504,221.0,208.0,1934.0,2857.64,0.0,2857.64,819,804,PLAYING CARDS JUBILEE UNION JACK
23505,122.0,115.0,1207.0,1660.04,0.0,1660.04,1208,1190,PLAYING CARDS I LOVE LONDON
23506,156.0,146.0,2747.0,1139.2,0.0,1139.2,1518,1496,MINI PLAYING CARDS SPACEBOY
23507,129.0,119.0,2884.0,1156.51,0.0,1156.51,1501,1477,MINI PLAYING CARDS BUFFALO BILL
23508,132.0,120.0,2631.0,1165.13,0.84,1164.2900000000002,1493,1473,MINI PLAYING CARDS DOLLY GIRL
23509,68.0,65.0,1065.0,452.72,0.0,452.72,2278,2265,MINI PLAYING CARDS FUN FAIR
23510,126.0,120.0,2522.0,1119.22,0.0,1119.22,1536,1510,MINI PLAYING CARDS GYMKHANA
23511,101.0,98.0,573.0,1256.17,10.4,1245.77,1440,1426,EMBROIDERED RIBBON REEL EMILY
23512,58.0,57.0,501.0,977.3199999999999,0.0,977.3199999999999,1654,1633,EMBROIDERED RIBBON REEL ROSIE
23513,70.0,70.0,566.0,1114.26,12.48,1101.78,1543,1523,EMBROIDERED RIBBON REEL SUSIE
23514,74.0,74.0,478.0,977.39,12.48,964.91,1653,1643,EMBROIDERED RIBBON REEL SALLY
23515,72.0,71.0,579.0,1164.98,0.0,1164.98,1494,1472,EMBROIDERED RIBBON REEL DAISY
23516,45.0,42.0,297.0,1062.35,0.0,1062.35,1579,1556,EMBROIDERED RIBBON REEL SOPHIE
23517,63.0,63.0,334.0,996.38,0.0,996.38,1639,1622,EMBROIDERED RIBBON REEL REBECCA
23518,45.0,44.0,362.0,983.3000000000001,17.34,965.96,1649,1641,EMBROIDERED RIBBON REEL RACHEL
23519,24.0,24.0,224.0,792.31,0.0,792.31,1818,1791,EMBROIDERED RIBBON REEL CLAIRE
23520,33.0,32.0,168.0,604.3,0.0,604.3,2064,2044,EMBROIDERED RIBBON REEL RUBY
23521,44.0,44.0,413.0,793.37,0.0,793.37,1816,1790,WALL ART CAT AND BIRD
23522,32.0,32.0,354.0,727.4399999999999,0.0,727.4399999999999,1906,1885,WALL ART DOG AND BALL
23523,41.0,41.0,360.0,1173.8100000000002,22.5,1151.3100000000002,1486,1482,WALL ART TREASURE AHOY
23524,63.0,63.0,481.0,1557.63,22.5,1535.13,1273,1257,WALL ART HORSE & PONY
23525,54.0,53.0,583.0,1867.5700000000002,22.5,1845.0700000000002,1121,1105,WALL ART BUFFALO BILL
23526,144.0,143.0,1012.0,6021.4,95.2,5926.2,422,419,WALL ART DOG LICENCE
23527,49.0,48.0,421.0,1432.31,26.25,1406.06,1336,1327,WALL ART ANIMALS AND NATURE
23528,50.0,50.0,479.0,1504.49,0.0,1504.49,1299,1279,WALL ART SPACEBOY
23529,37.0,37.0,637.0,2011.9900000000002,0.0,2011.9900000000002,1066,1041,WALL ART DOLLY GIRL
23530,88.0,87.0,1062.0,4465.97,0.0,4465.97,571,557,WALL ART ONLY ONE PERSON
23531,114.0,112.0,979.0,5559.11,0.0,5559.11,456,444,WALL ART BIG LOVE
23532,31.0,31.0,210.0,901.58,0.0,901.58,1716,1699,WALL ART WORK REST AND PLAY
23533,36.0,36.0,215.0,998.64,0.0,998.64,1636,1619,WALL ART GARDEN HAVEN
23534,262.0,260.0,1388.0,8614.85,41.650000000000006,8573.2,275,268,WALL ART STOP FOR TEA
23535,220.0,215.0,1329.0,8469.99,5.95,8464.039999999999,284,274,WALL ART BICYCLE SAFETY
23536,85.0,85.0,626.0,3442.13,23.8,3418.33,718,708,WALL ART VILLAGE SHOW
23537,34.0,34.0,111.0,581.13,0.0,581.13,2093,2076,WALL ART I LOVE LONDON
23538,33.0,32.0,332.0,1334.49,0.0,1334.49,1401,1374,WALL ART VINTAGE HEART
23539,42.0,41.0,247.0,1227.95,0.0,1227.95,1455,1431,WALL ART LOVES' SECRET
23540,14.0,14.0,150.0,947.0600000000001,0.0,947.0600000000001,1678,1661,WALL ART THE MAGIC FOREST
23541,152.0,152.0,872.0,6823.91,16.5,6807.41,370,357,WALL ART CLASSIC PUDDINGS
23542,89.0,89.0,506.0,3800.16,48.7,3751.46,652,646,WALL ART 70'S ALPHABET
23543,106.0,103.0,1237.0,7019.01,0.0,7019.01,351,334,WALL ART KEEP CALM
23544,20.0,20.0,164.0,1015.78,8.25,1007.53,1621,1609,WALL ART MID CENTURY MODERN
23545,85.0,84.0,2480.0,1025.6,0.0,1025.6,1612,1587,WRAP RED VINTAGE DOILY
23546,121.0,120.0,3275.0,1375.5,0.0,1375.5,1378,1346,WRAP PAISLEY PARK
23547,62.0,62.0,1575.0,661.5,0.0,661.5,1984,1967,WRAP FLOWER SHOP
23548,43.0,43.0,1075.0,451.5,0.0,451.5,2281,2268,WRAP MAGIC FOREST
23549,52.0,52.0,1305.0,548.1,0.0,548.1,2150,2133,WRAP BIRD GARDEN
23550,64.0,64.0,1855.0,763.1,0.0,763.1,1855,1830,WRAP ALPHABET POSTER
23551,141.0,136.0,1843.0,841.01,0.0,841.01,1771,1754,PACK OF 12 PAISLEY PARK TISSUES
23552,124.0,116.0,1864.0,3883.99,0.0,3883.99,636,626,BICYCLE PUNCTURE REPAIR KIT
23553,69.0,68.0,569.0,6457.15,0.0,6457.15,392,381,LANDMARK FRAME CAMDEN TOWN
23554,59.0,57.0,424.0,4830.53,0.0,4830.53,526,515,LANDMARK FRAME OXFORD STREET
23555,54.0,50.0,424.0,4818.07,0.0,4818.07,527,518,LANDMARK FRAME NOTTING HILL
23556,56.0,53.0,439.0,4974.51,12.5,4962.01,510,498,LANDMARK FRAME COVENT GARDEN
23557,32.0,32.0,350.0,3930.27,0.0,3930.27,629,621,LANDMARK FRAME BAKER STREET
23558,55.0,52.0,418.0,4741.37,0.0,4741.37,538,527,LANDMARK FRAME LONDON BRIDGE
23559,127.0,124.0,652.0,1488.65,0.0,1488.65,1308,1287,WOODLAND BUNNIES LOLLY MAKERS
23560,27.0,26.0,173.0,502.07000000000005,0.0,502.07000000000005,2209,2193,SET OF 6 RIBBONS COUNTRY STYLE
23561,16.0,16.0,170.0,476.0,0.0,476.0,2249,2235,SET OF 6 RIBBONS PARTY
23562,45.0,43.0,253.0,730.37,0.0,730.37,1900,1878,SET OF 6 RIBBONS PERFECTLY PRETTY
23564,76.0,76.0,644.0,841.31,0.0,841.31,1769,1753,EGG CUP MILKMAID INGRID
23565,63.0,63.0,410.0,586.31,6.25,580.06,2085,2079,EGG CUP MILKMAID HELGA
23566,84.0,83.0,883.0,1159.43,5.0,1154.43,1499,1479,EGG CUP MILKMAID HEIDI
23567,38.0,37.0,211.0,291.58,1.25,290.33,2531,2524,EGG CUP HENRIETTA HEN PINK
23568,48.0,48.0,630.0,787.52,1.25,786.27,1821,1798,EGG CUP HENRIETTA HEN CREAM
23569,202.0,192.0,961.0,4752.31,9.9,4742.410000000001,535,526,TRADTIONAL ALPHABET STAMP SET
23570,293.0,276.0,2782.0,4944.37,0.0,4944.37,513,501,TRADITIONAL PICK UP STICKS GAME
23571,268.0,257.0,2859.0,6436.61,0.0,6436.61,396,385,TRADITIONAL NAUGHTS & CROSSES
23574,14.0,14.0,14.0,105.0,15.0,90.0,3019,3064,PACKING CHARGE
23575,34.0,32.0,179.0,367.34999999999997,0.0,367.34999999999997,2404,2391,SNACK TRAY PAISLEY PARK
23576,38.0,37.0,198.0,400.03999999999996,0.0,400.03999999999996,2357,2347,SNACK TRAY RED VINTAGE DOILY
23578,14.0,14.0,60.0,125.72,0.0,125.72,2944,2934,SNACK TRAY RED GINGHAM
23579,37.0,35.0,171.0,362.65,0.0,362.65,2410,2397,SNACK TRAY I LOVE LONDON
23580,26.0,25.0,117.0,236.87,0.0,236.87,2643,2631,SNACK TRAY HAPPY FOREST
23581,351.0,338.0,5035.0,11613.03,224.76000000000002,11388.27,186,182,JUMBO BAG PAISLEY PARK
23582,266.0,259.0,4815.0,10233.45,222.68,10010.77,219,214,VINTAGE DOILY JUMBO BAG RED
23583,338.0,325.0,3395.0,5513.83,16.5,5497.33,463,451,LUNCH BAG PAISLEY PARK
23597,33.0,31.0,251.0,684.97,17.700000000000003,667.27,1956,1959,PAPER BUNTING PAISLEY PARK
23598,48.0,47.0,428.0,1218.48,0.0,1218.48,1462,1438,PAPER BUNTING VINTAGE PARTY
23601,4.0,4.0,8.0,19.92,0.0,19.92,3565,3554,SET 10 CARDS SNOWY SNOWDROPS  17100
23602,1.0,1.0,1.0,2.91,0.0,2.91,3860,3847,SET 10 CARDS 3 WISE MEN 17107
23603,14.0,14.0,20.0,49.800000000000004,0.0,49.800000000000004,3302,3282,SET 10 CARD KRAFT REINDEER 17084
23604,2.0,2.0,4.0,6.64,0.0,6.64,3778,3768,SET 10 MINI SANTA & SNOWMAN  17087
23605,1.0,1.0,4.0,11.64,0.0,11.64,3693,3683,SET 10 CARDS 12 DAYS OF XMAS 17059
23607,7.0,7.0,8.0,13.28,0.0,13.28,3664,3653,SET 10 CARDS HATS & STOCKINGS 17081
23608,3.0,3.0,4.0,11.64,0.0,11.64,3693,3683,SET 10 CARDS RUDOLPHS NOSE 17097
23609,1.0,1.0,1.0,2.91,0.0,2.91,3860,3847,SET 10 CARDS SNOWY ROBIN 17099
23610,3.0,3.0,3.0,6.24,0.0,6.24,3787,3777,SET 10 CARDS CHRISTMAS ROBIN 17095
23611,16.0,16.0,40.0,99.60000000000001,0.0,99.60000000000001,3038,3028,SET 10 CARDS RED RIDING HOOD 17214
23612,2.0,2.0,5.0,8.299999999999999,0.0,8.299999999999999,3749,3740,SET 10 MINICARDS CUTE SNOWMAN 17071
23613,6.0,6.0,11.0,27.39,0.0,27.39,3487,3473,SET 10 XMAS CARDS & BADGES 17070
23614,11.0,11.0,26.0,86.58000000000001,0.0,86.58000000000001,3093,3081,SET 10 CARDS 12 DAYS WRAP  17058
23615,4.0,4.0,4.0,9.96,0.0,9.96,3711,3702,SET 10 CARDS PRINTED GRAPHIC 17219
23616,7.0,7.0,8.0,19.92,0.0,19.92,3565,3554,SET 10 CARDS JINGLE BELLS 17217
23617,1.0,1.0,2.0,5.82,0.0,5.82,3793,3783,SET 10 CARDS SWIRLY XMAS TREE 17104
23619,2.0,2.0,4.0,9.96,0.0,9.96,3711,3702,SET 10 CARDS POINSETTIA 17093
23620,7.0,7.0,10.0,24.900000000000002,0.0,24.900000000000002,3514,3496,SET 10 CARDS PERFECT POST 17090
23621,4.0,4.0,6.0,14.940000000000001,0.0,14.940000000000001,3642,3630,SET 10 CARDS DAVID'S MADONNA 17074
23623,6.0,6.0,8.0,23.28,0.0,23.28,3535,3519,SET 10 CARD CHRISTMAS WELCOME 17112
23624,4.0,4.0,4.0,9.96,0.0,9.96,3711,3702,SET 10 CARD PERFECT NATIVITY 17089
23625,4.0,4.0,9.0,44.910000000000004,0.0,44.910000000000004,3335,3314,SET 6 CARDS SPARKLY REINDEER 17262
23626,16.0,16.0,43.0,107.07000000000001,0.0,107.07000000000001,3011,3000,SET 10 CARDS DINKY TREE 17076
23627,2.0,2.0,7.0,17.43,0.0,17.43,3596,3584,SET 10 CARDS XMAS GRAPHIC  17218
23628,1.0,1.0,1.0,2.91,0.0,2.91,3860,3847,SET 10 CARDS TRIANGLE ICONS  17220
23629,10.0,10.0,24.0,59.760000000000005,0.0,59.760000000000005,3235,3217,SET 10 CARDS DRESSING UP 17077
23630,2.0,2.0,2.0,5.48,2.99,2.49,3798,3855,SET 10 CARDS HANGING BAUBLES 17080
23632,10.0,10.0,15.0,31.200000000000003,0.0,31.200000000000003,3446,3432,SET 10 CARDS CHEERFUL ROBIN 17065
23633,3.0,3.0,3.0,7.470000000000001,0.0,7.470000000000001,3764,3754,SET 10 CARDS WORLD CHILDREN 17067
23634,5.0,5.0,5.0,14.55,0.0,14.55,3648,3638,SET 10 CARDS XMAS CHOIR 17068
23635,3.0,3.0,3.0,12.48,0.0,12.48,3676,3665,SET 10 CARDS CHRISTMAS HOLLY  17259
23636,7.0,7.0,9.0,26.19,0.0,26.19,3500,3482,SET 10 CARDS WISHING TREE 17116
23637,9.0,9.0,11.0,27.39,0.0,27.39,3487,3473,SET 10 CARDS OUT OF ORDER 17216
23638,2.0,2.0,2.0,5.82,0.0,5.82,3793,3783,SET 10 CARDS ROBIN WATERPUMP  17096
23639,4.0,4.0,4.0,13.32,0.0,13.32,3663,3652,SET 10 CARDS MAGICAL TREE 17086
23640,8.0,8.0,9.0,22.410000000000004,0.0,22.410000000000004,3545,3530,SET 10 CARDS SCOTTIE DOG 17211
23643,1.0,1.0,1.0,3.33,0.0,3.33,3855,3842,SET 10 CARDS CHRISTMAS BAUBLE 16954
23644,5.0,5.0,5.0,16.65,0.0,16.65,3610,3597,SET 10 CARDS CHRISTMAS TREE 16955
23645,4.0,4.0,9.0,22.410000000000004,0.0,22.410000000000004,3545,3530,SET 10 CHRISTMAS CARDS HOHOHO 16956
23646,5.0,5.0,8.0,19.92,0.0,19.92,3565,3554,SET 10 CARDS JINGLE BELLS 16957
23649,2.0,2.0,2.0,4.98,0.0,4.98,3807,3795,SET 10 CARDS DECK THE HALLS 16960
23650,4.0,4.0,4.0,9.96,0.0,9.96,3711,3702,SET 10 CARDS FILIGREE BAUBLE 16961
23652,1.0,1.0,2.0,5.82,0.0,5.82,3793,3783,SET 10 CARD CHRISTMAS STAMPS 16963
23654,4.0,4.0,5.0,12.450000000000001,0.0,12.450000000000001,3678,3667,SET 10 CARD SNOWMAN 16965
23660,42.0,42.0,306.0,534.66,26.399999999999995,508.26,2164,2186,HENRIETTA HEN MUG
23661,34.0,33.0,219.0,393.59,32.99999999999999,360.59,2367,2402,MILK MAIDS MUG
23664,1.0,1.0,1.0,1.65,0.0,1.65,3889,3878,FLOWER SHOP DESIGN MUG
23681,134.0,132.0,1577.0,2526.69,0.0,2526.69,899,884,LUNCH BAG RED VINTAGE DOILY
23691,38.0,38.0,1175.0,481.5,0.0,481.5,2239,2224,WRAP KEEP CALM BIRTHDAY
23692,2.0,2.0,50.0,21.0,0.0,21.0,3555,3542,WRAP A PRETTY THANK YOU
23694,41.0,41.0,376.0,165.07999999999998,0.0,165.07999999999998,2814,2803,PAISLEY PARK CARD
23695,59.0,57.0,765.0,323.32,0.0,323.32,2473,2461,DOILY THANK YOU CARD
23697,36.0,35.0,456.0,194.58,0.0,194.58,2736,2721,A PRETTY THANK YOU CARD
23702,3.0,3.0,4.0,27.0,0.0,27.0,3491,3476,High Resolution Image
23843,1.0,1.0,80995.0,168469.6,168469.6,0.0,2,3898,"PAPER CRAFT , LITTLE BIRDIE"
35001G,33.0,30.0,199.0,681.59,0.0,681.59,1961,1942,HAND OPEN SHAPE GOLD
35001W,5.0,5.0,92.0,270.02000000000004,3.49,266.53000000000003,2574,2572,HAND OPEN SHAPE DECO.WHITE
35004B,112.0,111.0,577.0,2934.8100000000004,136.79999999999998,2798.01,802,814,SET OF 3 BLACK FLYING DUCKS
35004C,39.0,39.0,394.0,1888.1000000000001,170.6,1717.5000000000002,1113,1162,SET OF 3 COLOURED  FLYING DUCKS
35004G,21.0,21.0,127.0,454.65,3.9,450.75,2273,2271,SET OF 3 GOLD FLYING DUCKS
35004P,1.0,1.0,1.0,5.45,0.0,5.45,3799,3788,SET OF 3 PINK FLYING DUCKS
35095A,100.0,100.0,925.0,388.57,0.0,388.57,2378,2361,BLUE VICTORIAN FABRIC OVAL BOX
35095B,98.0,98.0,862.0,352.25,0.0,352.25,2437,2421,RED VICTORIAN FABRIC OVAL BOX
35241,44.0,44.0,103.0,530.49,0.0,530.49,2169,2155,ENAMEL BLUE RIM BISCUIT BIN
35265,12.0,12.0,17.0,52.2,0.0,52.2,3289,3269,COLOURFUL FLOWER FRUIT BOWL
35271S,2.0,2.0,19.0,3.6100000000000003,0.0,3.6100000000000003,3844,3831,GOLD PRINT PAPER BAG
35400,5.0,5.0,10.0,89.5,135.2,-45.69999999999999,3081,3918,WOODEN BOX ADVENT CALENDAR
35443,6.0,6.0,8.0,6.8,0.0,6.8,3772,3762,RASTA IN BATH W SPLIFF ASHTRAY
35471D,234.0,223.0,1862.0,984.5699999999999,2.5,982.0699999999999,1646,1629,SET OF 3 BIRD LIGHT PINK FEATHER
35591T,4.0,4.0,5.0,6.25,0.0,6.25,3784,3774,TURQUOISE CHRISTMAS TREE
35597A,1.0,1.0,1.0,1.25,0.0,1.25,3892,3881,DUSTY PINK CHRISTMAS TREE 30CM
35597B,1.0,1.0,1.0,1.25,0.0,1.25,3892,3881,BLACKCHRISTMAS TREE 30CM
35597D,2.0,2.0,46.0,17.48,0.0,17.48,3595,3583,PINK/WHITE CHRISTMAS TREE 30CM
35598A,2.0,2.0,9.0,26.550000000000004,0.0,26.550000000000004,3494,3478,DUSTY PINK CHRISTMAS TREE 60CM
35598B,25.0,25.0,558.0,460.64,0.0,460.64,2264,2251,BLACK CHRISTMAS TREE 60CM
35598C,2.0,2.0,2.0,5.9,0.0,5.9,3791,3781,WHITE CHRISTMAS TREE 60CM
35598D,42.0,42.0,684.0,493.01,0.65,492.36,2226,2211,PINK/WHITE CHRISTMAS TREE 60CM
35599B,27.0,27.0,217.0,551.13,0.0,551.13,2144,2126,BLACK CHRISTMAS TREE 120CM
35599D,34.0,34.0,201.0,553.07,0.0,553.07,2140,2121,PINK AND WHITE CHRISTMAS TREE 120CM
35607A,2.0,2.0,26.0,7.82,0.0,7.82,3754,3745,PINK FLUFFY CHRISTMAS DECORATION
35607B,7.0,7.0,96.0,18.240000000000002,0.0,18.240000000000002,3582,3568,BLACK FEATHER CHRISTMAS DECORATION
35609A,1.0,1.0,1.0,2.51,0.0,2.51,3866,3853,PINK FEATHER CHRISTMAS DECORATION
35610A,3.0,3.0,10.0,15.02,0.0,15.02,3632,3619,PINK CHRISTMAS FLOCK DROPLET
35610B,1.0,1.0,24.0,30.0,0.0,30.0,3451,3437,BLACK CHRISTMAS FLOCK DROPLET
35610C,2.0,2.0,25.0,32.51,0.0,32.51,3440,3422,WHITE CHRISTMAS FLOCK DROPLET
35637A,28.0,28.0,170.0,440.62,0.0,440.62,2300,2287,IVORY STRING CURTAIN WITH POLE
35637C,9.0,9.0,30.0,100.86,0.0,100.86,3032,3021,PINK STRING CURTAIN WITH POLE
35638A,5.0,5.0,38.0,82.1,0.0,82.1,3105,3091,PINK AND BLACK STRING CURTAIN
35638B,5.0,5.0,57.0,128.32999999999998,0.0,128.32999999999998,2934,2923,PINK/BLUE STRING CURTAIN
35645,3.0,3.0,4.0,17.0,0.0,17.0,3598,3586,VINTAGE BEAD PINK JEWEL BOX
35646,96.0,94.0,619.0,937.25,0.0,937.25,1685,1669,VINTAGE BEAD PINK EVENING BAG
35647,2.0,2.0,13.0,16.25,0.0,16.25,3616,3604,VINTAGE BEAD PINK SHADE
35648,132.0,128.0,981.0,1068.32,20.749999999999996,1047.57,1574,1570,VINTAGE BEAD PINK PURSE
35649,36.0,35.0,57.0,156.85,0.0,156.85,2840,2828,VINTAGE BEAD COSMETIC BAG
35650,1.0,1.0,1.0,4.95,0.0,4.95,3814,3802,VINTAGE BEAD PINK JEWEL STAND
35651,59.0,58.0,451.0,985.8399999999999,19.799999999999997,966.04,1645,1640,VINTAGE BEAD PINK SCARF
35653,52.0,52.0,150.0,433.19,0.0,433.19,2308,2299,VINTAGE BEAD NOTEBOOK
35809A,64.0,62.0,421.0,488.89,0.0,488.89,2230,2215,ENAMEL PINK TEA CONTAINER
35809B,3.0,3.0,8.0,9.18,0.0,9.18,3723,3714,ENAMEL BLUE RIM TEA CONTAINER
35809a,9.0,9.0,9.0,37.33,0.0,37.33,3405,3384,ENAMEL PINK TEA CONTAINER
35810A,77.0,75.0,634.0,640.92,0.0,640.92,2009,1991,ENAMEL PINK COFFEE CONTAINER
35810B,26.0,26.0,152.0,174.09,10.79,163.3,2791,2811,ENAMEL BLUE RIM COFFEE CONTAINER
35815P,5.0,5.0,162.0,63.28000000000001,0.0,63.28000000000001,3211,3196,"ACRYLIC JEWEL SNOWFLAKE, PINK"
35816P,2.0,2.0,78.0,29.64,0.0,29.64,3465,3450,"ACRYLIC JEWEL ANGEL,PINK"
35817P,2.0,2.0,18.0,19.86,0.0,19.86,3569,3558,"ACRYLIC JEWEL SNOWFLAKE,PINK"
35818B,3.0,3.0,31.0,11.780000000000001,0.0,11.780000000000001,3690,3680,"ACRYLIC JEWEL ICICLE, BLUE"
35818P,20.0,19.0,266.0,106.97,0.0,106.97,3012,3001,"ACRYLIC JEWEL ICICLE, PINK"
35819B,29.0,24.0,270.0,106.81,0.0,106.81,3013,3002,"ACRYLIC HANGING JEWEL,BLUE"
35819P,7.0,7.0,95.0,66.55,0.0,66.55,3190,3174,"ACRYLIC HANGING JEWEL,PINK"
35832,0.0,0.0,0.0,0.0,2.95,-2.95,3907,3906,Description unavailable
35833G,1.0,1.0,2.0,6.72,0.0,6.72,3774,3764,4 GOLD FLOCK CHRISTMAS BALLS
35833P,23.0,22.0,50.0,89.72,0.0,89.72,3080,3067,4 PINK FLOCK CHRISTMAS BALLS
35909A,3.0,3.0,8.0,23.6,0.0,23.6,3531,3514,RABBIT EASTER DECORATION
35909B,2.0,2.0,8.0,23.6,0.0,23.6,3531,3514,PINK FLOWERS RABBIT EASTER
35910A,4.0,4.0,20.0,39.0,0.0,39.0,3386,3366,MULTICOLOUR EASTER RABBIT
35910B,3.0,3.0,13.0,25.349999999999998,0.0,25.349999999999998,3506,3488,PINK FLOWERS RABBIT EASTER
35911A,70.0,70.0,319.0,292.07,0.0,292.07,2529,2521,MULTICOLOUR RABBIT EGG WARMER
35911B,15.0,15.0,119.0,100.76,0.0,100.76,3034,3023,PINK/FLOWER RABBIT EGG WARMER
35912B,20.0,20.0,252.0,301.26,0.0,301.26,2517,2510,WHITE/PINK CHICK DECORATION
35913B,11.0,10.0,37.0,36.33,0.0,36.33,3412,3391,WHITE/PINK CHICK EASTER DECORATION
35914,41.0,40.0,196.0,219.66,0.0,219.66,2680,2667,PINK CHICK EGG WARMER + EGG CUP
35915B,50.0,50.0,220.0,257.21999999999997,0.0,257.21999999999997,2603,2593,BLUE KNITTED HEN
35915C,60.0,60.0,315.0,316.46,0.0,316.46,2495,2483,PEACH KNITTED HEN
35916A,29.0,29.0,87.0,67.39,0.0,67.39,3184,3169,YELLOW FELT HANGING HEART W FLOWER
35916B,32.0,32.0,91.0,76.68,0.0,76.68,3128,3115,BLUE FELT HANGING HEART WITH FLOWER
35916C,20.0,20.0,106.0,107.72,0.0,107.72,3007,2996,PINK FELT HANGING HEART W FLOWER
35920,15.0,15.0,72.0,104.84,0.0,104.84,3021,3008,FOUR RABBIT EASTER DECORATIONS
35921,23.0,23.0,68.0,133.23,1.25,131.98,2916,2907,EASTER BUNNY HANGING GARLAND
35922,10.0,10.0,28.0,138.6,0.0,138.6,2901,2887,EASTER BUNNY WREATH
35923,63.0,62.0,1318.0,690.52,0.39,690.13,1947,1930,CANDY HEART HANGING DECORATION
35924,74.0,72.0,820.0,1484.3,302.51,1181.79,1311,1461,HANGING FAIRY CAKE DECORATION
35933,19.0,19.0,226.0,92.21000000000001,0.0,92.21000000000001,3068,3056,PINK STOCKING CHRISTMAS DECORATION
35953,135.0,131.0,3582.0,1634.9199999999998,30.0,1604.9199999999998,1224,1226,FOLKART STAR CHRISTMAS DECORATIONS
35954,56.0,54.0,1293.0,359.6,0.0,359.6,2417,2403,SMALL FOLKART STAR CHRISTMAS DEC
35957,41.0,41.0,688.0,361.81,18.240000000000002,343.57,2412,2436,SMALLFOLKART BAUBLE CHRISTMAS DEC
35958,3.0,3.0,12.0,10.2,0.0,10.2,3706,3697,FOLKART ZINC STAR CHRISTMAS DEC
35961,250.0,244.0,2999.0,2640.8599999999997,0.85,2640.0099999999998,876,854,FOLKART ZINC HEART CHRISTMAS DEC
35964,103.0,100.0,786.0,405.25,0.0,405.25,2354,2342,FOLKART CLIP ON STARS
35965,69.0,69.0,366.0,551.13,18.96,532.17,2144,2151,FOLKART HEART NAPKIN RINGS
35966,2.0,2.0,27.0,10.260000000000002,0.0,10.260000000000002,3705,3696,FOLKART CHRISTMAS TREE T-LIGHT HOLD
35967,67.0,67.0,485.0,252.33,0.0,252.33,2614,2601,FOLK ART METAL STAR T-LIGHT HOLDER
35968,19.0,19.0,163.0,82.1,0.0,82.1,3105,3091,FOLK ART METAL HEART T-LIGHT HOLDER
35970,470.0,456.0,5070.0,9546.53,121.17,9425.36,247,236,ZINC FOLKART SLEIGH BELLS
35971,91.0,88.0,462.0,600.93,21.25,579.68,2067,2080,ROSE FOLKART HEART DECORATIONS
35972,17.0,16.0,96.0,120.0,0.0,120.0,2961,2952,DAISY FOLKART HEART DECORATION
37327,84.0,81.0,1579.0,840.47,1.56,838.9100000000001,1772,1757,ASSTD MULTICOLOUR CIRCLES MUG
37330,1.0,1.0,6.0,2.34,0.0,2.34,3875,3863,BIG POLKADOT MUG
37333,17.0,17.0,21.0,120.99,0.0,120.99,2957,2947,"RETRO ""TEA FOR ONE"""
37340,136.0,135.0,2544.0,1695.86,1.17,1694.6899999999998,1191,1175,MULTICOLOUR SPRING FLOWER MUG
37342,110.0,109.0,1570.0,1489.01,45.68000000000001,1443.33,1307,1309,POLKADOT COFFEE CUP & SAUCER PINK
37343,13.0,13.0,72.0,123.29999999999998,0.0,123.29999999999998,2950,2942,POLKADOT MUG PINK
37351,2.0,2.0,10.0,9.06,0.0,9.06,3726,3717,ORANGE FLOWER MUG
37370,166.0,159.0,2571.0,3844.81,27.8,3817.0099999999998,644,635,RETRO COFFEE MUGS ASSORTED
37379A,1.0,1.0,6.0,7.5,0.0,7.5,3758,3749,PINK CHERRY BLOSSOM CUP & SAUCER
37413,83.0,81.0,703.0,284.49,0.0,284.49,2542,2534,ICON MUG REVOLUTIONARY
37423,3.0,3.0,78.0,33.18,0.0,33.18,3438,3419,WHITE WITH BLACK CATS PLATE
37444A,20.0,18.0,55.0,67.13000000000001,0.0,67.13000000000001,3187,3171,YELLOW BREAKFAST CUP AND SAUCER
37444B,3.0,3.0,4.0,11.8,0.0,11.8,3689,3679,BLUE BREAKFAST CUP AND SAUCER
37444C,11.0,9.0,23.0,43.050000000000004,0.0,43.050000000000004,3345,3324,PINK BREAKFAST CUP AND SAUCER
37446,194.0,183.0,1361.0,1986.24,88.85000000000001,1897.39,1078,1085,MINI CAKE STAND WITH HANGING CAKES
37447,115.0,115.0,820.0,1313.28,23.889999999999997,1289.3899999999999,1412,1405,CERAMIC CAKE DESIGN SPOTTED PLATE
37448,194.0,187.0,1456.0,2214.08,67.05,2147.0299999999997,981,992,CERAMIC CAKE DESIGN SPOTTED MUG
37449,155.0,154.0,564.0,5127.24,446.7,4680.54,492,538,CERAMIC CAKE STAND + HANGING CAKES
37450,139.0,134.0,717.0,2126.3900000000003,96.2,2030.1900000000003,1017,1035,CERAMIC CAKE BOWL + HANGING CAKES
37461,1.0,1.0,1.0,1.25,0.0,1.25,3892,3881,FUNKY MONKEY MUG
37462E,12.0,12.0,36.0,13.1,0.0,13.1,3667,3657,"PET MUG, GOLDFISH"
37464,2.0,2.0,3.0,3.75,0.0,3.75,3840,3827,ROBOT MUG IN DISPLAY BOX
37467,17.0,17.0,159.0,130.26999999999998,0.0,130.26999999999998,2927,2913,PIG MUG IN TWO COLOUR DESIGNS
37468,14.0,13.0,65.0,32.42,0.0,32.42,3441,3423,HARDMAN MUG 3 ASSORTED
37471,3.0,3.0,29.0,30.43,0.0,30.43,3449,3435,MULTICOLOUR POLKADOT PLATE
37474,1.0,1.0,1.0,9.95,0.0,9.95,3715,3706,SET/4 2 TONE EGG SHAPE MIXING BOWLS
37475,44.0,43.0,71.0,671.93,0.0,671.93,1973,1956,SET/4 COLOURFUL MIXING BOWLS
37476,27.0,26.0,37.0,399.02,0.0,399.02,2361,2349,CONDIMENT TRAY 4 BOWLS AND 4 SPOONS
37479B,21.0,21.0,131.0,78.09,0.0,78.09,3122,3109,CUBIC MUG FLOCK BLUE ON BROWN
37479P,35.0,32.0,175.0,146.91,0.0,146.91,2871,2860,CUBIC MUG FLOCK PINK ON BROWN
37482P,50.0,47.0,506.0,354.03,0.0,354.03,2430,2414,CUBIC MUG PINK POLKADOT
37487B,2.0,2.0,68.0,19.72,0.0,19.72,3573,3561,YELLOW/ORANGE FLOWER DESIGN PLATE
37488A,3.0,3.0,28.0,10.92,0.0,10.92,3701,3692,YELLOW PINK FLOWER DESIGN BIG BOWL
37489A,15.0,14.0,33.0,14.43,0.0,14.43,3652,3642,YELLOW/PINK FLOWER DESIGN BIG MUG
37489B,12.0,12.0,31.0,16.77,0.0,16.77,3609,3596,BLUE/YELLOW FLOWER DESIGN BIG MUG
37489C,8.0,8.0,23.0,13.65,0.0,13.65,3657,3646,GREEN/BLUE FLOWER DESIGN BIG MUG
37489D,17.0,16.0,40.0,17.16,0.0,17.16,3597,3585,PINK/GREEN FLOWER DESIGN BIG MUG
37491A,4.0,4.0,6.0,19.81,0.0,19.81,3570,3559,YELLOW/PINK CERAMIC CANDLE HOLDER
37491B,1.0,1.0,4.0,6.6,0.0,6.6,3779,3769,BLUE/YELLOW CERAMIC CANDLE HOLDER
37491C,1.0,1.0,8.0,13.2,0.0,13.2,3665,3655,GREEN/BLUE CERAMIC CANDLE HOLDER
37491D,2.0,2.0,4.0,9.879999999999999,0.0,9.879999999999999,3719,3710,PURPLE/BLUE CERAMIC CANDLE HOLDER
37495,92.0,92.0,440.0,1622.24,183.75,1438.49,1231,1312,FAIRY CAKE BIRTHDAY CANDLE SET
37500,113.0,113.0,380.0,2360.68,24.849999999999998,2335.83,940,934,TEA TIME TEAPOT IN GIFT BOX
37501,49.0,49.0,133.0,906.83,13.9,892.9300000000001,1712,1708,TEA TIME TEA SET IN GIFT BOX
37503,0.0,0.0,0.0,0.0,10.75,-10.75,3907,3912,Description unavailable
37509,2.0,2.0,2.0,5.1,0.0,5.1,3802,3791,NEW ENGLAND MUG W GIFT BOX
40001,56.0,56.0,821.0,675.2299999999999,12.16,663.0699999999999,1968,1964,WHITE BAMBOO RIBS LAMPSHADE
40003,15.0,15.0,155.0,179.23,0.0,179.23,2778,2764,WHITE BAMBOO RIBS LAMPSHADE
40005B,4.0,4.0,12.0,10.2,0.0,10.2,3706,3697,BLUE ORGANDY ROUND LAMPSHADE W BEA
40016,97.0,97.0,5556.0,2136.34,0.0,2136.34,1014,996,CHINESE DRAGON PAPER LANTERNS
40046A,6.0,6.0,50.0,62.5,0.0,62.5,3216,3200,RED DAISY PAPER LAMPSHADE
44089A,4.0,4.0,15.0,6.3,0.0,6.3,3783,3773,PINK GAUZE BUTTERFLY LAMPSHADE
44089C,6.0,6.0,24.0,10.08,0.0,10.08,3709,3700,LILAC GAUZE BUTTERFLY LAMPSHADE
44091A,3.0,3.0,9.0,3.78,0.0,3.78,3838,3825,BLUE CRUSOE CHECK LAMPSHADE
44092B,5.0,5.0,14.0,11.899999999999999,0.0,11.899999999999999,3687,3677,BLUE WHITE PLASTIC RINGS LAMPSHADE
44092C,10.0,8.0,22.0,18.7,0.0,18.7,3579,3566,PURPLE/COPPER HANGING LAMPSHADE
44228,2.0,2.0,36.0,30.599999999999998,0.0,30.599999999999998,3447,3433,CANNABIS LEAF BEAD CURTAIN
44234,37.0,33.0,698.0,155.82,0.42,155.4,2843,2832,ASSORTED CIRCULAR MOBILE
44235,16.0,13.0,539.0,200.45999999999998,0.0,200.45999999999998,2720,2708,ASSORTED COLOURED CIRCLE MOBILE
44236,7.0,6.0,52.0,56.52,0.0,56.52,3254,3240,PINK/PURPLE CIRCLE CURTAIN
44242A,1.0,1.0,12.0,9.48,0.0,9.48,3721,3712,LILAC FEATHERS CURTAIN
44242B,3.0,3.0,52.0,50.28,0.0,50.28,3298,3277,PINK FEATHERS CURTAIN
44265,1.0,1.0,2.0,8.5,0.0,8.5,3738,3729,M/COLOUR POM-POM CURTAIN
45013,2.0,2.0,3.0,8.850000000000001,0.0,8.850000000000001,3728,3719,FOLDING SHOE TIDY
46000M,138.0,137.0,1021.0,1582.55,1.55,1581.0,1254,1237,POLYESTER FILLER PAD 45x45cm
46000P,6.0,6.0,18.0,76.5,0.0,76.5,3129,3116,POLYESTER FILLER PAD 65CMx65CM
46000R,38.0,38.0,103.0,149.35,0.0,149.35,2865,2853,POLYESTER FILLER PAD 45x30cm
46000S,185.0,185.0,1556.0,2256.2,63.8,2192.3999999999996,969,976,POLYESTER FILLER PAD 40x40cm
46000U,26.0,26.0,107.0,133.75,0.0,133.75,2914,2901,POLYESTER FILLER PAD 30CMx30CM
46115B,2.0,2.0,12.0,2.2800000000000002,0.0,2.2800000000000002,3876,3864,GREEN POP ART MAO CUSHION COVER
46118,46.0,46.0,232.0,317.16999999999996,0.0,317.16999999999996,2492,2480,FUNKY MONKEY CUSHION COVER
46126A,8.0,8.0,52.0,69.84,0.0,69.84,3170,3154,ELVIS WALLHANGING / CURTAIN
46138B,12.0,12.0,43.0,43.15,11.05,32.099999999999994,3344,3425,BLUE CHENILLE SHAGGY CUSHION COVER
46775D,39.0,39.0,60.0,720.93,0.0,720.93,1911,1894,SUNSET COLOUR CHUNKY KNITTED THROW
46776A,70.0,70.0,155.0,651.95,0.0,651.95,1993,1978,WOVEN BUBBLE GUM CUSHION COVER
46776B,88.0,88.0,161.0,679.67,0.0,679.67,1963,1944,WOVEN BERRIES CUSHION COVER
46776C,59.0,59.0,117.0,492.79,0.0,492.79,2227,2208,WOVEN FROST CUSHION COVER
46776D,37.0,37.0,89.0,378.29,0.0,378.29,2388,2374,WOVEN SUNSET CUSHION COVER
46776E,38.0,38.0,67.0,288.43,0.0,288.43,2538,2530,WOVEN CANDY CUSHION COVER
46776F,89.0,89.0,210.0,883.12,0.0,883.12,1738,1715,WOVEN ROSE GARDEN CUSHION COVER
46776a,1.0,1.0,5.0,20.65,0.0,20.65,3560,3547,WOVEN BUBBLE GUM CUSHION COVER
46776b,1.0,1.0,1.0,4.13,0.0,4.13,3833,3820,WOVEN BERRIES CUSHION COVER
46776e,1.0,1.0,1.0,4.13,0.0,4.13,3833,3820,WOVEN CANDY CUSHION COVER
46776f,1.0,1.0,7.0,28.91,0.0,28.91,3476,3461,WOVEN ROSE GARDEN CUSHION COVER
47013A,4.0,4.0,14.0,3.0399999999999996,0.0,3.0399999999999996,3859,3846,WINE BOTTLE DRESSING LT.BLUE
47013C,12.0,12.0,52.0,12.969999999999999,1.44,11.53,3669,3688,WINE BOTTLE DRESSING DARK BLUE
47016,1.0,1.0,2.0,4.2,0.0,4.2,3830,3817,LIGHT DECORATION BATTERY OPERATED
47021G,27.0,27.0,582.0,309.29999999999995,0.0,309.29999999999995,2508,2496,SET/6 BEAD COASTERS GAUZE BAG GOLD
47310M,122.0,121.0,410.0,570.4499999999999,0.0,570.4499999999999,2107,2090,SMALL POP BOX FUNKY MONKEY
47341A,5.0,5.0,27.0,38.75,0.0,38.75,3387,3367,FUSCHIA TABLE RUN FLOWER
47341B,11.0,11.0,45.0,56.25,0.0,56.25,3256,3241,BLUE TABLE RUN FLOWER
47343A,14.0,14.0,159.0,145.17,0.0,145.17,2880,2867,FUSCHIA FLOWER PURSE WITH BEADS
47344B,6.0,6.0,44.0,43.66,0.0,43.66,3339,3319,BLUE FLOWER DES PURSE
47348A,15.0,15.0,97.0,50.31,0.0,50.31,3297,3276,FUSCHIA VOILE POINTY SHOE DEC
47351B,9.0,9.0,86.0,234.5,122.39999999999999,112.10000000000001,2647,2981,BLUE  VOILE LAMPSHADE
47367B,43.0,43.0,112.0,376.27000000000004,0.0,376.27000000000004,2392,2378,PAIR PADDED HANGERS PINK CHECK
47369A,20.0,20.0,33.0,93.19,0.0,93.19,3065,3053,PINK GREEN EMBROIDERY COSMETIC BAG
47369B,22.0,22.0,35.0,97.13,0.0,97.13,3047,3038,BLUE GREEN EMBROIDERY COSMETIC BAG
47420,19.0,13.0,202.0,38.38,0.0,38.38,3391,3370,ASSORTED COLOUR SUCTION CUP HOOK
47421,64.0,55.0,999.0,395.09999999999997,0.0,395.09999999999997,2365,2354,ASSORTED COLOUR LIZARD SUCTION HOOK
47422,58.0,45.0,653.0,261.3,0.42,260.88,2597,2585,ASSORTED MONKEY SUCTION CUP HOOK
47469,19.0,12.0,473.0,241.20999999999998,15.600000000000001,225.60999999999999,2638,2653,ASSORTED SHAPES PHOTO CLIP SILVER
47471,41.0,39.0,292.0,191.18,0.0,191.18,2744,2727,RAINBOW PEGS PHOTO CLIP STRING
47480,88.0,86.0,748.0,1277.4699999999998,0.0,1277.4699999999998,1433,1412,HANGING PHOTO CLIP ROPE LADDER
47481,24.0,23.0,226.0,172.64,0.0,172.64,2796,2778,50CM METAL STRING WITH  7 CLIPS
47503A,170.0,163.0,2758.0,1264.2,25.08,1239.1200000000001,1439,1428,ASS FLORAL PRINT MULTI SCREWDRIVER
47503H,41.0,37.0,101.0,112.81,0.0,112.81,2990,2978,ASS FLORAL PRINT SPIRIT LEVEL
47503J,2.0,2.0,3.0,23.85,0.0,23.85,3528,3510,SET/3 FLORAL GARDEN TOOLS IN BAG
47504H,118.0,118.0,978.0,964.38,5.0,959.38,1664,1648,ENGLISH ROSE SPIRIT LEVEL
47504K,217.0,212.0,2019.0,2049.45,9.48,2039.9699999999998,1047,1031,ENGLISH ROSE GARDEN SECATEURS
47518F,28.0,28.0,827.0,113.64,0.0,113.64,2986,2975,ICON PLACEMAT POP ART ELVIS
47518f,5.0,5.0,5.0,20.73,0.0,20.73,3559,3546,ICON PLACEMAT POP ART ELVIS
47556B,2.0,2.0,2600.0,6045.0,0.0,6045.0,419,408,TEA TIME TEA TOWELS
47559B,292.0,287.0,2080.0,2588.65,37.5,2551.15,887,878,TEA TIME OVEN GLOVE
47559b,28.0,28.0,103.0,342.65,0.0,342.65,2451,2438,TEA TIME OVEN GLOVE
47563A,106.0,105.0,286.0,552.76,5.0,547.76,2142,2134,RETRO LONGBOARD IRONING BOARD COVER
47566,1706.0,1685.0,18295.0,99504.33,1201.3500000000001,98302.98,4,2,PARTY BUNTING
47566B,369.0,365.0,2382.0,11290.12,3692.9499999999994,7597.170000000002,196,307,TEA TIME PARTY BUNTING
47566b,102.0,102.0,199.0,1651.1499999999999,0.0,1651.1499999999999,1215,1197,TEA TIME PARTY BUNTING
47567B,141.0,133.0,609.0,3456.15,46.300000000000004,3409.85,710,711,TEA TIME KITCHEN APRON
47570B,31.0,31.0,185.0,1727.23,0.0,1727.23,1176,1158,TEA TIME TABLE CLOTH
47570b,2.0,2.0,2.0,42.019999999999996,0.0,42.019999999999996,3354,3335,TEA TIME TABLE CLOTH
47574A,116.0,114.0,549.0,665.95,1.5,664.45,1980,1962,ENGLISH ROSE SCENTED HANGING FLOWER
47574B,2.0,2.0,4.0,17.0,0.0,17.0,3598,3586,ENGLISH ROSE SCENTED HANGING HEART
47578A,49.0,45.0,219.0,202.53,0.0,202.53,2715,2703,ENGLISH ROSE SMALL SCENTED FLOWER
47579,1.0,1.0,1.0,2.1,0.0,2.1,3878,3866,TEA TIME BREAKFAST BASKET
47580,112.0,110.0,390.0,1121.82,30.599999999999998,1091.22,1533,1530,TEA TIME DES TEA COSY
47585A,83.0,83.0,264.0,1129.44,0.0,1129.44,1528,1504,PINK FAIRY CAKE CUSHION COVER
47586A,8.0,8.0,21.0,53.55,0.0,53.55,3274,3259,PINK FAIRY CAKE CUSHION COVER
47589,3.0,3.0,13.0,70.85000000000001,0.0,70.85000000000001,3161,3146,CONGRATULATIONS BUNTING
47590A,391.0,390.0,1992.0,10502.650000000001,114.80000000000001,10387.850000000002,213,207,BLUE HAPPY BIRTHDAY BUNTING
47590B,397.0,393.0,2327.0,12071.92,124.1,11947.82,177,171,PINK HAPPY BIRTHDAY BUNTING
47590b,9.0,9.0,12.0,129.48,0.0,129.48,2930,2918,PINK HAPPY BIRTHDAY BUNTING
47591B,56.0,56.0,209.0,344.78999999999996,0.0,344.78999999999996,2446,2433,SCOTTIES CHILDRENS APRON
47591D,443.0,439.0,3211.0,6060.25,3.9,6056.35,418,406,PINK FAIRY CAKE CHILDRENS APRON
47591b,1.0,1.0,1.0,4.13,0.0,4.13,3833,3820,SCOTTIES CHILDRENS APRON
47591d,56.0,56.0,134.0,672.24,0.0,672.24,1971,1954,PINK FAIRY CAKE CHILDRENS APRON
47593A,13.0,12.0,33.0,14.37,0.0,14.37,3653,3643,CAROUSEL PONIES BABY BIB
47593B,247.0,245.0,1987.0,946.13,0.0,946.13,1681,1663,SCOTTIE DOGS BABY BIB
47593b,1.0,1.0,6.0,4.9799999999999995,0.0,4.9799999999999995,3809,3797,SCOTTIE DOGS BABY BIB
47594A,50.0,50.0,108.0,199.84,17.55,182.29,2722,2752,CAROUSEL DESIGN WASHBAG
47594B,56.0,56.0,170.0,314.54999999999995,7.8,306.74999999999994,2499,2499,SCOTTIES DESIGN WASHBAG
47599A,167.0,165.0,2456.0,4649.5,12.600000000000001,4636.9,549,543,PINK PARTY BAGS
47599B,118.0,118.0,1480.0,2822.32,109.2,2713.1200000000003,827,834,BLUE PARTY BAGS
48111,236.0,233.0,1175.0,7732.929999999999,15.9,7717.03,311,299,DOORMAT 3 SMILEY CATS
48116,202.0,201.0,1492.0,9088.63,24.15,9064.48,260,252,DOORMAT MULTICOLOUR STRIPE
48129,206.0,205.0,904.0,6009.84,159.15,5850.6900000000005,425,425,DOORMAT TOPIARY
48138,620.0,616.0,3762.0,25609.6,97.5,25512.1,49,45,DOORMAT UNION FLAG
48173C,191.0,188.0,1802.0,10025.11,40.95,9984.16,227,217,DOORMAT BLACK FLOCK
48173c,7.0,7.0,15.0,252.95000000000002,0.0,252.95000000000002,2611,2599,DOORMAT BLACK FLOCK
48184,409.0,407.0,2038.0,14324.0,47.7,14276.3,137,130,DOORMAT ENGLISH ROSE
48185,368.0,365.0,3617.0,23888.81,4554.9,19333.910000000003,59,89,DOORMAT FAIRY CAKE
48187,606.0,600.0,3830.0,24292.84,31.8,24261.04,56,52,DOORMAT NEW ENGLAND
48188,288.0,287.0,2065.0,12114.97,40.05,12074.92,176,168,DOORMAT WELCOME PUPPIES
48189,17.0,17.0,27.0,451.10999999999996,0.0,451.10999999999996,2282,2270,DOORMAT FRIENDSHIP
48194,596.0,592.0,3419.0,22138.57,23.85,22114.72,76,71,DOORMAT HEARTS
51008,22.0,22.0,519.0,1690.5500000000002,6.9,1683.65,1192,1181,AFGHAN SLIPPER SOCK PAIR
51014A,243.0,239.0,3890.0,2018.78,61.199999999999996,1957.58,1059,1063,"FEATHER PEN,HOT PINK"
51014C,177.0,174.0,2711.0,1415.09,80.34,1334.75,1347,1372,"FEATHER PEN,COAL BLACK"
51014L,151.0,149.0,2071.0,1079.34,65.88,1013.4599999999999,1568,1600,"FEATHER PEN,LIGHT PINK"
51014c,1.0,1.0,1.0,0.83,0.0,0.83,3904,3894,"FEATHER PEN,COAL BLACK"
51020A,18.0,18.0,325.0,116.32999999999998,0.58,115.74999999999999,2980,2971,SUMMER FUN DESIGN SHOWER CAP
51020B,15.0,15.0,197.0,70.57,0.29,70.27999999999999,3163,3147,STRIPY DESIGN SHOWER CAP
62018,61.0,61.0,4415.0,5716.85,0.0,5716.85,445,434,SOMBRERO
62043B,5.0,5.0,17.0,14.11,0.83,13.28,3655,3653,BLUE CHECK BAG W HANDLE 34X20CM
62074B,4.0,4.0,16.0,6.72,0.0,6.72,3774,3764,ELEPHANT CLIP W SUCTION CUP
62086A,14.0,14.0,88.0,171.6,0.0,171.6,2800,2782,PINK RETRO BIG FLOWER BAG
62094B,8.0,8.0,19.0,63.209999999999994,0.0,63.209999999999994,3212,3197,TURQ ICE CREAM BUM BAG
62096A,8.0,8.0,106.0,132.5,0.0,132.5,2919,2904,PINK/YELLOW FLOWERS HANDBAG
62096B,1.0,1.0,2.0,2.5,0.0,2.5,3867,3854,PURPLE/TURQ FLOWERS HANDBAG
62097B,3.0,3.0,9.0,7.469999999999999,0.0,7.469999999999999,3765,3755,BLUE STRIPES SHOULDER BAG
70006,123.0,120.0,2703.0,1865.6299999999999,0.0,1865.6299999999999,1123,1099,LOVE HEART POCKET WARMER
70007,112.0,107.0,845.0,962.9599999999999,19.799999999999997,943.16,1665,1666,HI TEC ALPINE HAND WARMER
71038,49.0,47.0,239.0,1244.95,27.25,1217.7,1446,1440,WHITE HANGING BEADS CANDLE HOLDER
71050,6.0,6.0,33.0,11.549999999999999,0.0,11.549999999999999,3696,3686,SMALL SINGLE FLAME CANDLE HOLDER
71053,346.0,333.0,1950.0,8441.82,139.77,8302.05,285,280,WHITE METAL LANTERN
71101E,23.0,22.0,348.0,280.2,0.0,280.2,2552,2545,STANDING FAIRY POLE SUPPORT
71143,37.0,37.0,178.0,196.35999999999999,0.0,196.35999999999999,2732,2719,SILVER BOOK MARK WITH BEADS
71215,2.0,2.0,11.0,4.62,0.0,4.62,3823,3811,METAL BASE FOR CANDLES
71270,53.0,49.0,239.0,338.73,0.0,338.73,2454,2443,PHOTO CLIP LINE
71279,40.0,38.0,176.0,561.32,14.75,546.57,2124,2137,PINK GLASS CANDLEHOLDER
71403,34.0,33.0,77.0,286.91,0.0,286.91,2540,2531,"PINK/WHITE ""KEEP CLEAN"" BULLET BIN"
71406C,21.0,21.0,138.0,57.96,0.0,57.96,3245,3231,BLACK ORANGE SQUEEZER
71459,441.0,440.0,13605.0,10858.89,105.88,10753.01,206,198,HANGING JAM JAR T-LIGHT HOLDER
71477,321.0,316.0,6750.0,20658.56,3443.6199999999994,17214.940000000002,91,104,COLOUR GLASS. STAR T-LIGHT HOLDER
71495A,8.0,8.0,103.0,40.379999999999995,0.0,40.379999999999995,3375,3356,CD WALL TIDY BLUE OFFICE
71495B,8.0,8.0,163.0,61.05,0.0,61.05,3226,3210,CD WALL TIDY RED FLOWERS
71496A,12.0,12.0,127.0,80.96000000000001,0.0,80.96000000000001,3111,3098,A4 WALL TIDY BLUE OFFICE
71496B,4.0,4.0,13.0,7.37,0.0,7.37,3768,3758,A4 WALL TIDY RED FLOWERS
71510,8.0,8.0,52.0,36.519999999999996,0.0,36.519999999999996,3411,3390,SQUARE METAL CANDLEHOLDER BASE
72024U,3.0,3.0,72.0,15.120000000000001,0.0,15.120000000000001,3629,3616,LILAC VOTIVE CANDLE
72051S,14.0,13.0,131.0,89.94999999999999,0.0,89.94999999999999,3079,3066,BAG OF SILVER STONES
72122,63.0,61.0,325.0,336.73999999999995,0.0,336.73999999999995,2457,2445,COFFEE SCENT PILLAR CANDLE
72127,31.0,30.0,169.0,210.61,0.0,210.61,2697,2689,COLUMBIAN CANDLE ROUND
72128,36.0,36.0,193.0,152.04999999999998,0.0,152.04999999999998,2854,2840,COLUMBIAN CANDLE ROUND
72130,28.0,27.0,219.0,133.34,0.0,133.34,2915,2902,COLUMBIAN CANDLE ROUND
72131,19.0,18.0,137.0,238.34999999999997,0.0,238.34999999999997,2641,2627,COLUMBIAN CANDLE RECTANGLE
72132,12.0,12.0,28.0,54.599999999999994,0.0,54.599999999999994,3263,3249,COLUMBIAN CUBE CANDLE
72133,17.0,16.0,45.0,63.51,0.0,63.51,3209,3194,COLUMBIAN CANDLE RECTANGLE
72134,11.0,11.0,105.0,58.62,0.0,58.62,3241,3226,COLUMBIAN  CUBE CANDLE
72140E,8.0,8.0,31.0,26.349999999999998,0.85,25.499999999999996,3498,3486,BEST DAD CANDLE LETTERS
72225C,17.0,17.0,624.0,165.6,0.0,165.6,2813,2801,LAVENDER SCENT CAKE CANDLE
72232,66.0,65.0,3317.0,630.23,0.0,630.23,2023,2004,FENG SHUI PILLAR CANDLE
72349B,118.0,114.0,731.0,1490.89,0.0,1490.89,1306,1286,SET/6 PURPLE BUTTERFLY T-LIGHTS
72349b,82.0,82.0,159.0,658.51,0.0,658.51,1989,1971,SET/6 PURPLE BUTTERFLY T-LIGHTS
72351A,159.0,153.0,1278.0,2528.15,0.0,2528.15,898,883,SET/6 TURQUOISE BUTTERFLY T-LIGHTS
72351B,189.0,186.0,2098.0,4012.05,6.300000000000001,4005.75,617,608,SET/6 PINK  BUTTERFLY T-LIGHTS
72351a,12.0,12.0,15.0,62.269999999999996,0.0,62.269999999999996,3218,3202,SET/6 TURQUOISE BUTTERFLY T-LIGHTS
72369A,6.0,5.0,30.0,39.92,0.0,39.92,3380,3361,PINK CLEAR GLASS CANDLE PLATE
72586,84.0,83.0,693.0,318.66999999999996,15.12,303.54999999999995,2488,2506,SET OF 6 HALLOWEEN GHOST T-LIGHTS
72598,95.0,93.0,607.0,605.89,0.0,605.89,2061,2042,SET/12 TAPER CANDLES
72709,7.0,7.0,44.0,37.4,0.0,37.4,3404,3383,IVORY SCULPTED RND CANDLE
72741,295.0,292.0,5978.0,8225.0,36.25,8188.75,289,282,GRAND CHOCOLATECANDLE
72760B,154.0,153.0,410.0,4155.34,14.6,4140.74,598,591,VINTAGE CREAM 3 BASKET CAKE STAND
72780,20.0,20.0,137.0,116.44999999999999,0.0,116.44999999999999,2979,2968,BLACK SILOUETTE CANDLE PLATE
72783,2.0,2.0,16.0,33.6,0.0,33.6,3436,3416,BLACK SIL'T SQU CANDLE PLATE
72798C,3.0,3.0,7.0,11.549999999999999,0.0,11.549999999999999,3696,3686,SET/4 GARDEN ROSE DINNER CANDLE
72799C,19.0,19.0,81.0,129.47,0.0,129.47,2931,2919,PINK PILLAR CANDLE SILVER FLOCK
72799E,78.0,76.0,452.0,919.94,17.700000000000003,902.24,1704,1698,IVORY PILLAR CANDLE SILVER FLOCK
72799F,31.0,30.0,145.0,424.08000000000004,0.0,424.08000000000004,2322,2311,IVORY PILLAR CANDLE GOLD FLOCK
72800B,41.0,38.0,144.0,290.8,0.0,290.8,2532,2523,4 PURPLE FLOCK DINNER CANDLES
72800C,37.0,35.0,132.0,264.82,0.0,264.82,2589,2574,4 PINK DINNER CANDLE SILVER FLOCK
72800D,32.0,31.0,88.0,229.22,0.0,229.22,2663,2646,4 BLUE DINNER CANDLES SILVER FLOCK
72800E,142.0,136.0,541.0,1213.29,0.0,1213.29,1465,1443,4 IVORY DINNER CANDLES SILVER FLOCK
72801C,19.0,19.0,145.0,180.65,0.0,180.65,2772,2759,4 ROSE PINK DINNER CANDLES
72801D,18.0,18.0,75.0,113.21,0.0,113.21,2988,2977,4 SKY BLUE DINNER CANDLES
72801G,14.0,13.0,57.0,72.46,0.0,72.46,3154,3137,4 BURGUNDY WINE DINNER CANDLES
72801c,25.0,25.0,39.0,95.94,0.0,95.94,3053,3042,4 ROSE PINK DINNER CANDLES
72801d,44.0,44.0,75.0,184.7,0.0,184.7,2763,2746,4 SKY BLUE DINNER CANDLES
72802A,65.0,63.0,324.0,1334.16,16.12,1318.0400000000002,1402,1383,ROSE SCENT CANDLE IN JEWELLED BOX
72802B,82.0,82.0,1028.0,1993.48,662.24,1331.24,1076,1375,OCEAN SCENT CANDLE IN JEWELLED BOX
72802C,108.0,105.0,1396.0,2692.44,579.81,2112.63,860,1005,VANILLA SCENT CANDLE JEWELLED BOX
72802a,2.0,2.0,7.0,58.029999999999994,0.0,58.029999999999994,3244,3230,ROSE SCENT CANDLE IN JEWELLED BOX
72802c,1.0,1.0,1.0,8.29,0.0,8.29,3750,3741,VANILLA SCENT CANDLE JEWELLED BOX
72803A,42.0,41.0,531.0,730.97,8.5,722.47,1898,1891,ROSE SCENT CANDLE JEWELLED DRAWER
72803b,1.0,1.0,1.0,8.47,0.0,8.47,3741,3732,OCEAN SCENT CANDLE JEWELLED DRAWER
72807A,109.0,107.0,394.0,1849.82,38.25,1811.57,1128,1125,SET/3 ROSE CANDLE IN JEWELLED BOX
72807B,114.0,110.0,397.0,1830.71,12.75,1817.96,1139,1123,SET/3 OCEAN SCENT CANDLE JEWEL BOX
72807C,157.0,157.0,721.0,3145.05,516.7,2628.3500000000004,765,859,SET/3 VANILLA SCENTED CANDLE IN BOX
72807a,5.0,5.0,8.0,66.32,0.0,66.32,3193,3177,SET/3 ROSE CANDLE IN JEWELLED BOX
72807b,4.0,4.0,4.0,33.16,0.0,33.16,3439,3420,SET/3 OCEAN SCENT CANDLE JEWEL BOX
72807c,5.0,5.0,5.0,41.449999999999996,0.0,41.449999999999996,3359,3341,SET/3 VANILLA SCENTED CANDLE IN BOX
72811,8.0,8.0,53.0,78.92999999999999,0.0,78.92999999999999,3119,3105,SMALL ZINC/GLASS CANDLEHOLDER
72812,11.0,11.0,34.0,116.06,0.0,116.06,2981,2970,LARGE ZINC GLASS CANDLEHOLDER
72815,2.0,2.0,3.0,15.97,15.0,0.9700000000000006,3621,3889,3 WICK CHRISTMAS BRIAR CANDLE
72816,70.0,69.0,893.0,1006.27,30.0,976.27,1629,1635,SET/3 CHRISTMAS DECOUPAGE CANDLES
72817,163.0,161.0,1212.0,1232.27,30.0,1202.27,1453,1448,SET OF 2 CHRISTMAS DECOUPAGE CANDLE
72818,78.0,76.0,1845.0,821.98,25.919999999999998,796.0600000000001,1793,1785,CHRISTMAS DECOUPAGE CANDLE
72819,43.0,43.0,225.0,509.07,0.0,509.07,2197,2183,CUPID DESIGN SCENTED CANDLES
72821,4.0,4.0,11.0,18.15,0.0,18.15,3583,3569,CUPID SCENTED CANDLE IN GLASS
75011,12.0,12.0,172.0,138.76,0.0,138.76,2900,2886,BLUE DAISY MOBILE
75013B,7.0,6.0,25.0,41.24999999999999,0.0,41.24999999999999,3366,3349,"STRING OF 8 BUTTERFLIES,PINK"
75049L,211.0,205.0,7114.0,6827.98,204.20000000000002,6623.78,369,371,LARGE CIRCULAR MIRROR MOBILE
75131,15.0,15.0,490.0,529.21,0.0,529.21,2173,2157,METAL TUBE CHIME ON BAMBOO
75172,8.0,8.0,93.0,85.31,0.0,85.31,3096,3083,PAINTED SEA SHELL METAL WINDCHIME
75178,13.0,13.0,459.0,218.87,0.0,218.87,2682,2670,ASSTD COL BUTTERFLY/CRYSTAL W/CHIME
77079,1.0,1.0,1.0,2.12,0.0,2.12,3877,3865,DOLPHIN WINDMILL
77101A,23.0,22.0,388.0,428.19,0.0,428.19,2316,2305,UNION FLAG WINDSOCK
78033,8.0,8.0,38.0,185.3,17.85,167.45000000000002,2762,2796,FLAG OF ST GEORGE CHAIR
78034B,7.0,6.0,8.0,15.6,0.0,15.6,3624,3611,BLUE NETTING STORAGE HANGER
78124,19.0,18.0,199.0,257.75,0.0,257.75,2601,2590,MAGAZINE RACK GEBRA ASSORTED
79000,127.0,125.0,4186.0,3377.74,6.050000000000001,3371.6899999999996,732,720,MOROCCAN TEA GLASS
79026B,9.0,9.0,25.0,10.61,0.0,10.61,3702,3693,"S/4 ICON COASTER,ELVIS LIVES"
79030D,48.0,47.0,587.0,352.57,0.39,352.18,2436,2422,TUMBLER BAROQUE
79030G,68.0,67.0,1409.0,735.8299999999999,0.0,735.8299999999999,1893,1867,TUMBLER NEW ENGLAND
79051A,44.0,41.0,831.0,293.31,0.0,293.31,2527,2519,SMOKEY GREY COLOUR D.O.F. GLASS
79062D,4.0,4.0,52.0,19.4,0.0,19.4,3575,3563,"RETRO TIN ASHTRAY,REVOLUTIONARY"
79063C,14.0,14.0,235.0,43.65,0.0,43.65,3340,3320,"RETRO PILL BOX KEY CHAIN,THE KING"
79063D,12.0,11.0,190.0,35.33,0.0,35.33,3419,3399,"RETRO PILL BOX , REVOLUTIONARY"
79066K,146.0,146.0,783.0,689.34,10.2,679.14,1951,1946,RETRO MOD TRAY
79066k,10.0,10.0,17.0,27.77,0.0,27.77,3486,3471,RETRO MOD TRAY
79067,38.0,38.0,172.0,719.69,0.0,719.69,1914,1895,CORONA MEXICAN TRAY
79071B,11.0,11.0,20.0,59.0,0.0,59.0,3237,3222,ENGLISH ROSE METAL WASTE BIN
79144B,54.0,53.0,181.0,103.64999999999999,0.0,103.64999999999999,3026,3014,PAINTED LIGHTBULB STAR+ MOON
79144C,52.0,51.0,153.0,98.53999999999999,0.0,98.53999999999999,3044,3035,PAINTED LIGHTBULB RAINBOW DESIGN
79149B,8.0,8.0,18.0,7.56,0.0,7.56,3757,3748,SILICON STAR BULB  BLUE
79151B,2.0,2.0,11.0,4.62,0.0,4.62,3823,3811,"SILICON CUBE 25W, BLUE"
79157B,2.0,2.0,4.0,3.4,0.0,3.4,3849,3836,UBO-LIGHT TRIOBASE BLUE
79157V,3.0,3.0,5.0,4.25,0.0,4.25,3827,3815,UBO-LIGHT TRIOBASE PURPLE
79160,55.0,49.0,447.0,802.13,16.8,785.33,1806,1799,HEART SHAPE WIRELESS DOORBELL
79161A,2.0,2.0,2.0,5.9,0.0,5.9,3791,3781,ST GEORGE SET OF 10 PARTY LIGHTS
79163,35.0,35.0,1529.0,626.55,5.16,621.39,2030,2021,BLACK CHAMPAGNE GLASS
79164,21.0,19.0,1672.0,699.96,4.949999999999999,695.01,1934,1927,BLACK WINE GLASS
79190A,63.0,63.0,384.0,179.35999999999999,1.26,178.1,2777,2768,RETRO PLASTIC 70'S TRAY
79190B,57.0,57.0,707.0,288.36,6.72,281.64,2539,2542,RETRO PLASTIC POLKA TRAY
79190D,47.0,47.0,265.0,126.97999999999999,0.0,126.97999999999999,2939,2930,RETRO PLASTIC DAISY TRAY
79191B,30.0,30.0,159.0,138.29999999999998,10.2,128.1,2903,2926,RETRO PLASTIC POLKA TRAY
79191C,65.0,65.0,1105.0,812.53,134.29999999999998,678.23,1800,1948,RETRO PLASTIC ELEPHANT TRAY
79191D,16.0,16.0,35.0,37.61,10.2,27.41,3403,3472,RETRO PLASTIC DAISY TRAY
79192A,2.0,2.0,3.0,3.75,0.0,3.75,3840,3827,RETRO PLASTIC 70'S TRAY
79302M,63.0,62.0,370.0,1037.54,0.0,1037.54,1599,1576,"ART LIGHTS,FUNK MONKEY"
79320,0.0,0.0,0.0,0.0,4.95,-4.95,3907,3908,Description unavailable
79321,670.0,661.0,10306.0,54117.76,349.7,53768.060000000005,10,8,CHILLI LIGHTS
79323B,1.0,1.0,8.0,54.0,54.0,0.0,3268,3898,BLACK CHERRY LIGHTS
79323P,1.0,1.0,4.0,27.0,54.0,-27.0,3491,3916,PINK CHERRY LIGHTS
79323W,0.0,0.0,0.0,0.0,54.0,-54.0,3907,3920,Description unavailable
79329,2.0,2.0,12.0,12.18,0.0,12.18,3680,3670,PINK FLOCK GLASS CANDLEHOLDER
79331,3.0,3.0,26.0,17.5,0.0,17.5,3593,3581,PINK FLOCK GLASS CANDLEHOLDER
79336,3.0,3.0,36.0,13.680000000000003,0.0,13.680000000000003,3656,3645,LIGHT PINK FLOCK GLASS CANDLEHOLDER
79337,10.0,10.0,644.0,259.96,2.2800000000000002,257.68,2599,2591,BLUE FLOCK GLASS CANDLEHOLDER
79403,15.0,15.0,95.0,85.52,0.0,85.52,3095,3082,FROSTED WHITE BASE
79406,8.0,8.0,144.0,34.12,0.0,34.12,3429,3409,FROSTED WHITE BASE
81950B,10.0,8.0,117.0,33.93,0.0,33.93,3430,3410,FLOWER BLUE CLOCK WITH SUCKER
81950V,7.0,6.0,21.0,8.889999999999999,0.0,8.889999999999999,3727,3718,FLOWER PURPLE CLOCK WITH SUCKER
81952B,9.0,9.0,200.0,38.0,0.0,38.0,3397,3376,ROUND BLUE CLOCK WITH SUCKER
81952V,27.0,24.0,367.0,69.73,0.0,69.73,3171,3155,ROUND PURPLE CLOCK WITH SUCKER
81953B,5.0,3.0,11.0,2.09,0.0,2.09,3883,3871,ROUND BLUE CLOCK WITH SUCKER
81953P,3.0,3.0,28.0,5.32,0.0,5.32,3801,3790,ROUND ARTICULATED PINK CLOCK W/SUCK
82001S,128.0,127.0,1582.0,5750.21,25.53,5724.68,442,433,VINYL RECORD FRAME SILVER
82001s,27.0,27.0,122.0,910.12,0.0,910.12,1708,1691,SILVER RECORD COVER FRAME
82011A,12.0,12.0,18.0,67.5,0.0,67.5,3182,3167,"BATHROOM SCALES, TROPICAL BEACH"
82011B,21.0,21.0,43.0,146.85,0.0,146.85,2872,2861,BATHROOM SCALES RUBBER DUCKS
82011C,20.0,20.0,51.0,172.05,0.0,172.05,2798,2780,BATHROOM SCALES FOOTPRINTS IN SAND
82095,30.0,30.0,68.0,356.11,0.0,356.11,2424,2408,HEART BUTTONS JEWELLERY BOX
82482,1111.0,1100.0,9006.0,23113.260000000002,581.5500000000001,22531.710000000003,65,66,WOODEN PICTURE FRAME WHITE FINISH
82483,555.0,543.0,2403.0,15240.07,1240.7,13999.369999999999,130,134,WOOD 2 DRAWER CABINET WHITE FINISH
82484,687.0,685.0,6020.0,36030.22,170.95,35859.270000000004,21,18,WOOD BLACK BOARD ANT WHITE FINISH
82486,616.0,605.0,2150.0,18467.22,585.9,17881.32,100,98,WOOD S/3 CABINET ANT WHITE FINISH
82494L,921.0,910.0,6749.0,19640.79,910.9500000000002,18729.84,94,91,WOODEN FRAME ANTIQUE WHITE
82494l,61.0,61.0,264.0,2211.6,0.0,2211.6,983,968,WOODEN FRAME ANTIQUE WHITE
82551,353.0,351.0,2918.0,4542.889999999999,5.2,4537.69,560,552,LAUNDRY 15C METAL SIGN
82552,371.0,364.0,3016.0,4680.63,0.0,4680.63,544,537,WASHROOM METAL SIGN
82567,293.0,291.0,713.0,1412.27,0.0,1412.27,1350,1324,"AIRLINE LOUNGE,METAL SIGN"
82578,309.0,305.0,2060.0,1218.95,6.6000000000000005,1212.3500000000001,1461,1445,KITCHEN METAL SIGN
82580,636.0,631.0,5883.0,3474.31,127.0,3347.31,706,725,BATHROOM METAL SIGN
82581,406.0,405.0,3883.0,2155.8900000000003,11.16,2144.7300000000005,1007,993,TOILET METAL SIGN
82582,441.0,437.0,4367.0,8862.990000000002,39.900000000000006,8823.090000000002,268,261,AREA PATROLLED METAL SIGN
82583,633.0,609.0,7306.0,17047.06,133.46,16913.600000000002,114,109,HOT BATHS METAL SIGN
82599,143.0,141.0,508.0,1217.73,0.0,1217.73,1463,1439,FANNY'S REST STOPMETAL SIGN
82600,550.0,545.0,6014.0,12835.28,73.30000000000001,12761.980000000001,160,155,NO SINGING METAL SIGN
82605,3.0,3.0,14.0,29.400000000000002,0.0,29.400000000000002,3470,3455,OLD DOC RUSSEL METAL SIGN
82613A,19.0,18.0,72.0,93.63,0.0,93.63,3064,3052,"METAL SIGN,CUPCAKE SINGLE HOOK"
82613B,112.0,111.0,584.0,501.49,8.4,493.09000000000003,2211,2207,"METAL SIGN,CUPCAKE SINGLE HOOK"
82613C,97.0,96.0,538.0,444.63,8.4,436.23,2294,2293,"METAL SIGN,CUPCAKE SINGLE HOOK"
82613D,112.0,111.0,697.0,535.49,8.4,527.09,2162,2163,METAL SIGN CUPCAKE SINGLE HOOK
82613a,1.0,1.0,1.0,2.46,0.0,2.46,3870,3858,"METAL SIGN,CUPCAKE SINGLE HOOK"
82613b,4.0,4.0,4.0,9.94,0.0,9.94,3717,3708,"METAL SIGN,CUPCAKE SINGLE HOOK"
82613c,4.0,4.0,5.0,12.399999999999999,0.0,12.399999999999999,3679,3668,"METAL SIGN,CUPCAKE SINGLE HOOK"
82615,1.0,1.0,36.0,91.8,0.0,91.8,3070,3058,PINK MARSHMALLOW SCARF KNITTING KIT
82616B,76.0,73.0,344.0,505.69,11.25,494.44,2201,2206,FRAPPUCINO SCARF KNITTING KIT
82616C,85.0,85.0,324.0,501.44,3.75,497.69,2212,2197,MIDNIGHT GLAMOUR SCARF KNITTING KIT
84006,106.0,105.0,919.0,849.55,0.85,848.6999999999999,1764,1749,MAGIC TREE -PAPER FLOWERS
84012,116.0,115.0,1265.0,1283.99,102.0,1181.99,1428,1460,MAGIC SHEEP WOOL GROWING FROM PAPER
84016,2.0,2.0,27.0,12.16,0.0,12.16,3682,3672,FLAG OF ST GEORGE CAR FLAG
84029E,443.0,429.0,4765.0,22144.98,256.45,21888.53,75,72,RED WOOLLY HOTTIE WHITE HEART.
84029G,469.0,459.0,3323.0,16164.04,58.0,16106.04,124,119,KNITTED UNION FLAG HOT WATER BOTTLE
84030E,344.0,334.0,1506.0,6452.94,12.75,6440.19,393,384,ENGLISH ROSE HOT WATER BOTTLE
84030e,44.0,41.0,108.0,877.76,0.0,877.76,1744,1726,ENGLISH ROSE HOT WATER BOTTLE
84031A,166.0,165.0,431.0,1961.16,39.0,1922.16,1089,1075,CHARLIE+LOLA RED HOT WATER BOTTLE
84031B,146.0,143.0,304.0,1440.3700000000001,40.949999999999996,1399.42,1333,1330,CHARLIE LOLA BLUE HOT WATER BOTTLE
84031a,1.0,1.0,1.0,16.63,0.0,16.63,3611,3598,CHARLIE+LOLA RED HOT WATER BOTTLE
84031b,1.0,1.0,1.0,16.63,0.0,16.63,3611,3598,CHARLIE LOLA BLUE HOT WATER BOTTLE
84032A,316.0,313.0,1005.0,3390.88,82.60000000000001,3308.28,730,730,CHARLIE+LOLA PINK HOT WATER BOTTLE
84032B,258.0,255.0,939.0,2430.44,133.50000000000003,2296.94,913,942,CHARLIE + LOLA RED HOT WATER BOTTLE
84033,7.0,7.0,23.0,37.95,0.0,37.95,3398,3377,FLAG OF ST GEORGE
84050,262.0,256.0,3234.0,4761.78,22.699999999999996,4739.08,532,528,PINK HEART SHAPE EGG FRYING PAN
84051,27.0,25.0,282.0,216.06,0.0,216.06,2690,2679,ASS COLOUR GLOWING TIARAS
84077,537.0,535.0,55047.0,13841.849999999999,253.92,13587.929999999998,146,142,WORLD WAR 2 GLIDERS ASSTD DESIGNS
84078A,155.0,155.0,415.0,16363.300000000001,1248.25,15115.050000000001,121,126,SET/4 WHITE RETRO STORAGE CUBES
84086B,8.0,7.0,16.0,47.2,2.95,44.25,3324,3317,YELLOW/BLUE RETRO RADIO
84086C,55.0,53.0,222.0,634.07,0.0,634.07,2018,1999,PINK/PURPLE RETRO RADIO
84192,28.0,25.0,115.0,143.75,0.0,143.75,2885,2872,ASSORTED COLOUR METAL CAT
84199,33.0,31.0,139.0,29.19,0.0,29.19,3474,3459,GLOW IN DARK DOLPHINS
84201B,2.0,2.0,13.0,2.47,0.0,2.47,3869,3857,HAPPY BIRTHDAY CARD STRIPEY TEDDY
84201C,1.0,1.0,5.0,0.95,0.0,0.95,3900,3890,HAPPY BIRTHDAY CARD TEDDY/CAKE
84206A,3.0,3.0,24.0,4.5600000000000005,0.0,4.5600000000000005,3825,3813,3 BLACK CATS W HEARTS BLANK CARD
84206B,1.0,1.0,5.0,0.95,0.0,0.95,3900,3890,CAT WITH SUNGLASSES BLANK CARD
84206C,2.0,2.0,8.0,1.52,0.0,1.52,3891,3880,CHAMPAGNE TRAY BLANK CARD
84212,111.0,111.0,10315.0,4934.87,0.0,4934.87,514,503,"ASSORTED FLOWER COLOUR ""LEIS"""
84218,41.0,41.0,123.0,223.10999999999999,0.0,223.10999999999999,2673,2659,BOX/12 CHICK & EGG IN BASKET
84226,10.0,10.0,51.0,36.21,0.0,36.21,3415,3394,HEN HOUSE W FAMILY IN BARN & NEST
84227,1.0,1.0,1.0,0.42,0.0,0.42,3905,3896,HEN HOUSE W CHICK IN NEST
84228,27.0,27.0,297.0,124.08999999999999,0.42,123.66999999999999,2947,2939,HEN HOUSE W CHICK STANDING
84231,21.0,20.0,108.0,72.63,0.0,72.63,3152,3135,EASTER BUNNY WITH BASKET ON BACK
84247E,51.0,48.0,143.0,392.94000000000005,67.85000000000001,325.09000000000003,2370,2458,PACK OF 12 CHRISTMAS FUN CARDS
84247G,32.0,32.0,357.0,158.63,0.0,158.63,2833,2820,"DECOUPAGE,GREETING CARD,"
84247K,10.0,9.0,23.0,67.85000000000001,32.45,35.400000000000006,3178,3398,"FOLK ART GREETING CARD,pack/12"
84247L,19.0,19.0,128.0,62.06,0.0,62.06,3220,3203,FAWN AND MUSHROOM GREETING CARD
84247N,18.0,18.0,22.0,64.9,0.0,64.9,3199,3184,PACK/12 BLUE FOLKART CARDS
84249A,27.0,27.0,174.0,80.46,0.0,80.46,3113,3101,"GREETING CARD,SQUARE, DOUGHNUTS"
84251B,53.0,53.0,245.0,70.78,2.2800000000000002,68.5,3162,3161,"GREETING CARD, STICKY GORDON"
84251C,40.0,40.0,127.0,53.88,0.0,53.88,3270,3254,"GREETING CARD, TWO SISTERS."
84251G,53.0,53.0,270.0,74.7,0.0,74.7,3139,3126,"GREETING CARD, OVERCROWDED POOL."
84270,4.0,4.0,17.0,3.5700000000000003,0.0,3.5700000000000003,3846,3833,ASSTD DESIGN BUBBLE GUM RING
84279B,72.0,69.0,195.0,785.95,26.25,759.7,1823,1838,CHERRY BLOSSOM DECORATIVE FLASK
84279P,130.0,126.0,380.0,1576.96,60.0,1516.96,1259,1271,CHERRY BLOSSOM  DECORATIVE FLASK
84306,9.0,9.0,10.0,88.22,0.0,88.22,3085,3073,S/3 PINK SQUARE PLANTERS ROSES
84313B,39.0,39.0,127.0,518.61,0.0,518.61,2188,2170,BLUE TV TRAY TABLE
84313C,43.0,43.0,504.0,1165.9099999999999,0.0,1165.9099999999999,1492,1471,ORANGE TV TRAY TABLE
84341B,41.0,40.0,645.0,282.38,0.0,282.38,2548,2539,SMALL PINK MAGIC CHRISTMAS TREE
84347,471.0,449.0,9476.0,26463.829999999998,321.6,26142.23,43,41,ROTATING SILVER ANGELS T-LIGHT HLDR
84352,23.0,23.0,34.0,577.35,67.8,509.55,2098,2181,SILVER CHRISTMAS TREE BAUBLE STAND
84356,82.0,82.0,424.0,2124.15,0.0,2124.15,1019,1000,POMPOM CURTAIN
84358,13.0,13.0,33.0,312.7,0.0,312.7,2505,2493,FLOOR LAMP SHADE WOOD BASE
84360,20.0,20.0,78.0,434.12,0.0,434.12,2307,2298,TABLE LAMP WHITE SHADE WOOD BASE
84375,530.0,517.0,4321.0,9404.150000000001,27.300000000000004,9376.850000000002,250,239,SET OF 20 KIDS COOKIE CUTTERS
84378,696.0,685.0,6350.0,8540.9,90.0,8450.9,280,275,SET OF 3 HEART COOKIE CUTTERS
84380,699.0,688.0,5805.0,8161.46,98.75,8062.71,292,284,SET OF 3 BUTTERFLY COOKIE CUTTERS
84387A,1.0,1.0,11.0,21.45,0.0,21.45,3549,3536,BIRD ON BRANCH CANVAS SCREEN
84388,6.0,6.0,24.0,13.14,0.0,13.14,3666,3656,WISE MAN STAR SHAPE EGG PAN
84402B,3.0,3.0,61.0,48.19,0.0,48.19,3318,3297,PURPLE DRESS JEWELLERY STAND
84406B,287.0,284.0,2016.0,7657.320000000001,162.5,7494.820000000001,314,312,CREAM CUPID HEARTS COAT HANGER
84415A,2.0,2.0,12.0,15.0,0.0,15.0,3633,3620,PINK FLOCK SUEDE CUSHION COVER
84415B,3.0,3.0,8.0,20.0,0.0,20.0,3564,3553,BLUE FLOCK CUSHION COVER
84422,15.0,15.0,566.0,244.17,18.72,225.45,2631,2654,PINK/BLUE DISC/MIRROR STRING
84429A,22.0,21.0,55.0,185.45000000000002,0.0,185.45000000000002,2760,2745,MEDIUM PINK BUDDHA HEAD
84452,16.0,16.0,74.0,62.9,3.4,59.5,3215,3218,METAL RABBIT LADDER EASTER
84457,28.0,26.0,127.0,113.41,0.0,113.41,2987,2976,SET/3 RABBITS FLOWER SKIPPPING ROPE
84459A,95.0,91.0,717.0,1059.67,89.4,970.2700000000001,1583,1637,PINK METAL CHICKEN HEART
84459B,92.0,91.0,721.0,1079.67,0.0,1079.67,1567,1539,YELLOW METAL CHICKEN HEART
84461,14.0,14.0,41.0,104.55,15.299999999999999,89.25,3023,3068,12 PINK HEN+CHICKS IN BASKET
84462,6.0,6.0,12.0,15.0,0.0,15.0,3633,3620,3 PINK HEN+CHICKS IN BASKET
84465,7.0,7.0,10.0,29.5,0.0,29.5,3469,3454,15 PINK FLUFFY CHICKS IN BOX
84466,10.0,10.0,46.0,57.5,0.0,57.5,3248,3234,TOP SECRET PEN SET
84497,7.0,7.0,13.0,48.75,0.0,48.75,3311,3290,BUTTONS AND STRIPES NOTEBOOK
84499,2.0,2.0,7.0,5.949999999999999,0.0,5.949999999999999,3790,3780,BLACK FLOWER CANDLE PLATE
84507B,22.0,22.0,39.0,118.72999999999999,0.0,118.72999999999999,2971,2961,STRIPES DESIGN MONKEY DOLL
84507C,29.0,28.0,66.0,175.73,17.849999999999998,157.88,2785,2823,BLUE CIRCLES DESIGN MONKEY DOLL
84508A,36.0,36.0,1631.0,3448.05,2.55,3445.5,714,700,CAMOUFLAGE DESIGN TEDDY
84508B,31.0,30.0,57.0,145.35,15.299999999999999,130.04999999999998,2879,2915,STRIPES DESIGN TEDDY
84508C,26.0,25.0,57.0,157.5,0.0,157.5,2836,2824,BLUE CIRCLES DESIGN TEDDY
84509A,230.0,230.0,896.0,3417.28,33.75,3383.53,725,718,SET OF 4 ENGLISH ROSE PLACEMATS
84509B,80.0,79.0,217.0,806.04,0.0,806.04,1803,1780,SET OF 4 FAIRY CAKE PLACEMATS
84509C,52.0,51.0,131.0,502.69,0.0,502.69,2208,2192,SET OF 4 POLKADOT PLACEMATS
84509E,23.0,23.0,91.0,183.45,0.0,183.45,2767,2750,SET OF 4 CAROUSEL PLACEMATS
84509G,66.0,66.0,517.0,950.49,0.0,950.49,1675,1655,SET OF 4 FAIRY CAKE PLACEMATS
84509a,68.0,68.0,104.0,775.84,0.0,775.84,1838,1812,SET OF 4 ENGLISH ROSE PLACEMATS
84509b,4.0,4.0,5.0,37.3,0.0,37.3,3406,3385,SET OF 4 FAIRY CAKE PLACEMATS
84509c,27.0,27.0,43.0,322.22,0.0,322.22,2477,2465,SET OF 4 POLKADOT PLACEMATS
84509g,2.0,2.0,2.0,14.92,0.0,14.92,3643,3631,SET OF 4 FAIRY CAKE PLACEMATS
84510A,246.0,239.0,1201.0,1636.57,1.25,1635.32,1222,1209,SET OF 4 ENGLISH ROSE COASTERS
84510C,56.0,54.0,134.0,213.82999999999998,0.0,213.82999999999998,2694,2685,SET OF 4 POLKADOT COASTERS
84510E,16.0,16.0,34.0,48.29,0.0,48.29,3316,3295,SET OF 4 GREEN CAROUSEL COASTERS
84510a,40.0,40.0,53.0,130.48,0.0,130.48,2926,2912,SET OF 4 ENGLISH ROSE COASTERS
84510c,23.0,23.0,40.0,98.7,0.0,98.7,3042,3033,SET OF 4 POLKADOT COASTERS
84510e,1.0,1.0,1.0,2.46,0.0,2.46,3870,3858,SET OF 4 GREEN CAROUSEL COASTERS
84519A,88.0,88.0,512.0,905.55,0.0,905.55,1714,1696,TOMATO CHARLIE+LOLA COASTER SET
84519B,128.0,126.0,472.0,774.55,0.0,774.55,1839,1815,CARROT CHARLIE+LOLA COASTER SET
84520B,81.0,80.0,554.0,508.36999999999995,0.0,508.36999999999995,2198,2185,PACK 20 ENGLISH ROSE PAPER NAPKINS
84522,12.0,12.0,20.0,36.76,0.0,36.76,3408,3387,PINK PARTY SUNGLASSES
84527,8.0,8.0,52.0,95.1,0.0,95.1,3061,3047,FLAMES SUNGLASSES PINK LENSES
84531A,30.0,29.0,147.0,76.69,0.0,76.69,3127,3114,PINK KNITTED EGG COSY
84531B,29.0,28.0,156.0,87.56,0.0,87.56,3088,3077,BLUE KNITTED EGG COSY
84534B,10.0,10.0,53.0,50.72,0.0,50.72,3294,3274,FAIRY CAKE NOTEBOOK A5 SIZE
84534b,2.0,2.0,2.0,3.32,0.0,3.32,3856,3843,FAIRY CAKE NOTEBOOK A5 SIZE
84535A,21.0,21.0,399.0,186.56,0.0,186.56,2757,2742,ENGLISH ROSE NOTEBOOK A6 SIZE
84535B,156.0,155.0,1332.0,850.2,61.75,788.45,1763,1796,FAIRY CAKES NOTEBOOK A6 SIZE
84536A,345.0,341.0,3138.0,1409.8999999999999,13.44,1396.4599999999998,1352,1332,ENGLISH ROSE NOTEBOOK A7 SIZE
84536B,179.0,178.0,2102.0,888.14,20.16,867.98,1735,1737,FAIRY CAKES NOTEBOOK A7 SIZE
84536a,4.0,4.0,14.0,11.060000000000002,0.0,11.060000000000002,3700,3691,ENGLISH ROSE NOTEBOOK A7 SIZE
84536b,1.0,1.0,5.0,4.050000000000001,0.0,4.050000000000001,3836,3823,FAIRY CAKES NOTEBOOK A7 SIZE
84539,2.0,2.0,26.0,42.9,0.0,42.9,3347,3326,KNITTED RABBIT DOLL
84548,5.0,4.0,22.0,36.3,0.0,36.3,3413,3392,CROCHET BEAR RED/BLUE  KEYRING
84549,7.0,7.0,38.0,69.38,0.0,69.38,3173,3157,CROCHET WHITE RABBIT KEYRING
84550,1.0,1.0,1.0,1.65,0.0,1.65,3889,3878,CROCHET LILAC/RED BEAR KEYRING
84551,2.0,2.0,13.0,21.449999999999996,0.0,21.449999999999996,3550,3537,CROCHET DOG KEYRING
84558A,85.0,81.0,336.0,996.2600000000001,0.0,996.2600000000001,1640,1623,3D DOG PICTURE PLAYING CARDS
84558a,5.0,5.0,5.0,29.310000000000002,0.0,29.310000000000002,3471,3456,3D DOG PICTURE PLAYING CARDS
84559A,94.0,94.0,397.0,375.60999999999996,0.0,375.60999999999996,2395,2380,3D SHEET OF DOG STICKERS
84559B,56.0,55.0,237.0,217.29,3.4,213.89,2689,2684,3D SHEET OF CAT STICKERS
84559a,22.0,22.0,29.0,48.379999999999995,0.0,48.379999999999995,3315,3294,3D SHEET OF DOG STICKERS
84559b,20.0,20.0,23.0,38.33,0.0,38.33,3392,3371,3D SHEET OF CAT STICKERS
84562A,3.0,3.0,3.0,23.85,0.0,23.85,3528,3510,PINK/WHITE RIBBED MELAMINE JUG
84563A,35.0,35.0,96.0,369.84000000000003,0.0,369.84000000000003,2403,2390,PINK & WHITE BREAKFAST TRAY
84563B,41.0,38.0,98.0,358.1,0.0,358.1,2419,2405,BLUE & WHITE BREAKFAST TRAY
84568,148.0,147.0,13882.0,2923.13,0.0,2923.13,804,791,GIRLS ALPHABET IRON ON PATCHES
84569A,65.0,65.0,294.0,355.84,0.0,355.84,2427,2410,PACK 3 IRON ON DOG PATCHES
84569B,20.0,19.0,86.0,119.65,0.0,119.65,2965,2955,PACK 3 FIRE ENGINE/CAR PATCHES
84569C,1.0,1.0,1.0,1.25,0.0,1.25,3892,3881,PACK 4 FLOWER/BUTTERFLY PATCHES
84569D,99.0,98.0,468.0,561.87,0.0,561.87,2121,2106,PACK 6 HEART/ICE-CREAM PATCHES
84575A,4.0,4.0,14.0,39.3,5.95,33.349999999999994,3384,3418,PINK DOG CANNISTER
84576,17.0,17.0,66.0,148.32,0.0,148.32,2869,2857,BLUE CAT BISCUIT BARREL PINK HEART
84580,168.0,165.0,390.0,1486.18,0.0,1486.18,1309,1288,MOUSE TOY WITH PINK T-SHIRT
84581,91.0,90.0,189.0,717.21,0.0,717.21,1917,1897,DOG TOY WITH PINK CROCHET SKIRT
84584,30.0,30.0,144.0,314.51,0.0,314.51,2500,2489,PINK GINGHAM CAT WITH SCARF
84592,22.0,22.0,76.0,241.24000000000004,0.0,241.24000000000004,2637,2624,CROCHET ROSE PURSE WITH SUEDE BACK
84593,2.0,1.0,5.0,14.750000000000002,0.0,14.750000000000002,3647,3637,CROCHET ROSE DES CLOTHES HANGER
84595E,22.0,22.0,78.0,154.67999999999998,3.29,151.39,2846,2841,LARGE TORTILLA DESIGN RED BOWL
84596B,540.0,522.0,5078.0,2570.52,6.72,2563.8,891,875,SMALL DOLLY MIX DESIGN ORANGE BOWL
84596E,80.0,79.0,565.0,412.1,0.0,412.1,2347,2333,SMALL LICORICE DES PINK BOWL
84596F,451.0,435.0,3748.0,1952.0,6.72,1945.28,1093,1068,SMALL MARSHMALLOWS PINK BOWL
84596G,249.0,245.0,1857.0,949.92,0.0,949.92,1676,1656,SMALL CHOCOLATES PINK BOWL
84596J,68.0,68.0,568.0,296.45,0.0,296.45,2524,2517,MIXED NUTS LIGHT GREEN BOWL
84596L,173.0,172.0,1255.0,629.8,0.0,629.8,2025,2005,BISCUITS SMALL BOWL LIGHT BLUE
84596b,5.0,5.0,7.0,17.57,0.0,17.57,3591,3579,SMALL DOLLY MIX DESIGN ORANGE BOWL
84596e,6.0,6.0,10.0,25.099999999999998,0.0,25.099999999999998,3511,3493,SMALL LICORICE DES PINK BOWL
84596f,12.0,12.0,16.0,39.36,0.0,39.36,3383,3364,SMALL MARSHMALLOWS PINK BOWL
84596g,1.0,1.0,3.0,7.38,0.0,7.38,3767,3757,SMALL CHOCOLATES PINK BOWL
84596l,1.0,1.0,1.0,2.46,0.0,2.46,3870,3858,BISCUITS SMALL BOWL LIGHT BLUE
84597B,5.0,5.0,41.0,51.25,0.0,51.25,3292,3272,RETRO BROWN BALL ASHTRAY
84597C,13.0,13.0,46.0,57.5,0.0,57.5,3248,3234,RETRO PINK BALL ASHTRAY
84598,99.0,99.0,1975.0,546.04,60.48,485.55999999999995,2154,2220,BOYS ALPHABET IRON ON PATCHES
84600,25.0,25.0,53.0,446.89,7.95,438.94,2289,2290,NEW BAROQUE JEWELLERY BOX
84609,20.0,20.0,93.0,770.59,17.0,753.59,1846,1847,TALL ROCOCO CANDLE HOLDER
84613A,3.0,3.0,6.0,27.900000000000002,0.0,27.900000000000002,3485,3470,PINK NEW BAROQUE FLOCK CANDLESTICK
84613C,1.0,1.0,1.0,4.65,0.0,4.65,3822,3810,BLUE NEW BAROQUE FLOCK CANDLESTICK
84614A,1.0,1.0,2.0,11.9,0.0,11.9,3685,3675,PINK BAROQUE FLOCK CANDLE HOLDER
84616,9.0,9.0,14.0,504.32,89.85,414.47,2206,2329,SILVER ROCCOCO CHANDELIER
84617,3.0,3.0,3.0,38.25,0.0,38.25,3394,3373,NEW BAROQUE BLACK BOXES
84620,1.0,1.0,2.0,11.9,0.0,11.9,3685,3675,BLUE GINGHAM ROSE CUSHION COVER
84625A,42.0,42.0,478.0,605.48,23.3,582.1800000000001,2062,2074,PINK NEW BAROQUECANDLESTICK CANDLE
84625C,35.0,35.0,449.0,536.41,41.65,494.76,2160,2204,BLUE NEW BAROQUE CANDLESTICK CANDLE
84629,10.0,10.0,20.0,150.0,4.95,145.05,2862,2868,WHITE 3 FRAME BIRDS AND TREE
84631,25.0,24.0,41.0,348.53,23.85,324.67999999999995,2442,2459,FRUIT TREE AND BIRDS WALL PLAQUE
84632,5.0,5.0,6.0,359.70000000000005,59.95,299.75000000000006,2416,2512,DECORATIVE HANGING SHELVING UNIT
84637,83.0,83.0,116.0,619.59,0.0,619.59,2045,2023,KITCHEN FLOWER POTS WALL PLAQUE
84638,37.0,37.0,50.0,331.5,0.0,331.5,2464,2451,SMALL KITCHEN FLOWER POTS PLAQUE
84658,24.0,22.0,59.0,426.13,0.0,426.13,2319,2309,WHITE STITCHED CUSHION COVER
84659A,89.0,89.0,280.0,676.27,2.55,673.72,1966,1952,WHITE TRAVEL ALARM CLOCK
84660A,42.0,42.0,843.0,783.45,4.54,778.9100000000001,1829,1808,WHITE STITCHED WALL CLOCK
84660B,41.0,40.0,709.0,734.86,0.0,734.86,1894,1870,BLACK STITCHED WALL CLOCK
84660C,45.0,45.0,661.0,693.32,0.0,693.32,1944,1928,PINK STITCHED WALL CLOCK
84660a,2.0,2.0,4.0,29.84,0.0,29.84,3459,3444,WHITE STITCHED WALL CLOCK
84660b,2.0,2.0,2.0,15.08,0.0,15.08,3631,3618,BLACK STITCHED WALL CLOCK
84660c,16.0,16.0,18.0,134.92,0.0,134.92,2909,2894,PINK STITCHED WALL CLOCK
84661A,20.0,20.0,104.0,167.79,0.0,167.79,2807,2793,WHITE SQUARE TABLE CLOCK
84661B,29.0,29.0,115.0,300.24,0.0,300.24,2518,2511,BLACK SQUARE TABLE CLOCK
84661C,14.0,14.0,71.0,104.84,0.0,104.84,3021,3008,PINK SQUARE TABLE CLOCK
84661a,1.0,1.0,1.0,4.96,0.0,4.96,3812,3800,WHITE SQUARE TABLE CLOCK
84661b,1.0,1.0,1.0,4.96,0.0,4.96,3812,3800,BLACK SQUARE TABLE CLOCK
84663A,34.0,34.0,272.0,374.12,9.11,365.01,2397,2395,GRASS HOPPER WOODEN WALL CLOCK
84665,17.0,17.0,105.0,624.75,119.0,505.75,2035,2187,SQUARE CHERRY BLOSSOM CABINET
84666,4.0,4.0,24.0,94.80000000000001,0.0,94.80000000000001,3062,3048,SQUARE CHERRY BLOSSOM CABINET
84673A,44.0,43.0,92.0,63.720000000000006,0.0,63.720000000000006,3208,3193,PINK FLY SWAT
84673B,66.0,66.0,179.0,156.63,0.0,156.63,2842,2830,BLUE FLY SWAT
84674,49.0,47.0,194.0,469.90000000000003,11.8,458.1,2253,2256,FLYING PIG WATERING CAN
84675,2.0,2.0,9.0,26.55,0.0,26.55,3495,3479,FROG KING WATERING CAN
84678,13.0,13.0,142.0,247.04,5.05,241.98999999999998,2624,2623,CLASSICAL ROSE SMALL VASE
84679,2.0,2.0,6.0,55.7,0.0,55.7,3259,3244,CLASSICAL ROSE TABLE LAMP
84683,12.0,12.0,194.0,162.20000000000002,0.0,162.20000000000002,2824,2814,CLASSICAL ROSE CANDLESTAND
84685,21.0,21.0,34.0,177.33,3.75,173.58,2783,2773,BEACH HUT KEY CABINET
84686,8.0,8.0,49.0,66.39,0.0,66.39,3191,3175,BEACH HUT MIRROR
84687,31.0,31.0,81.0,504.43,23.8,480.63,2205,2226,BEACH HUT SHELF W 3 DRAWERS
84688,15.0,15.0,41.0,203.07,55.25,147.82,2714,2859,BEACH HUT DESIGN BLACKBOARD
84689,2.0,2.0,3.0,9.95,0.0,9.95,3715,3706,S/2 BEACH HUT TREASURE CHESTS
84691,4.0,4.0,242.0,174.5,0.0,174.5,2789,2771,PACK 20 DOLLY PEGS
84692,595.0,583.0,7908.0,4329.48,13.02,4316.459999999999,580,571,BOX OF 24 COCKTAIL PARASOLS
84705C,1.0,1.0,12.0,15.0,0.0,15.0,3633,3620,PINK FLOCK PHOTO FRAME
84706D,4.0,4.0,8.0,29.599999999999998,0.0,29.599999999999998,3467,3452,CHERRY BLOSSOM TABLE CLOCK
84706F,10.0,10.0,16.0,47.2,0.0,47.2,3324,3303,RED PEONY TABLE CLOCK
84707A,45.0,45.0,95.0,695.23,0.0,695.23,1941,1926,SILVER JEWELLED MIRROR TRINKET TRAY
84707B,18.0,18.0,34.0,210.54999999999998,0.0,210.54999999999998,2699,2691,PINK JEWELLED MIRROR TRINKET TRAY
84708B,19.0,19.0,62.0,326.35,0.0,326.35,2468,2455,PINK JEWELLED PHOTO FRAME
84709B,11.0,11.0,20.0,119.0,0.0,119.0,2969,2959,PINK OVAL JEWELLED MIRROR
84711A,17.0,17.0,25.0,221.79999999999998,0.0,221.79999999999998,2676,2661,SILVER OVAL SHAPE TRINKET BOX
84711B,13.0,13.0,20.0,186.64,0.0,186.64,2756,2741,PINK OVAL SHAPE TRINKET BOX
84712B,20.0,20.0,30.0,231.56,0.0,231.56,2655,2640,PINK JEWELLED PHOTO FRAME
84715,3.0,3.0,16.0,47.2,0.0,47.2,3324,3303,SET OF 6 ICE CREAM SKITTLES
84723,6.0,6.0,41.0,97.95,0.0,97.95,3046,3036,CHERRY BLOSSOM CANVAS ART PICTURE
84725,18.0,18.0,41.0,39.65,0.0,39.65,3382,3363,FREESTYLE CANVAS ART PICTURE
84731,2.0,2.0,2.0,2.04,0.0,2.04,3884,3872,3 BIRDS CANVAS SCREEN
84732B,2.0,2.0,22.0,8.58,0.0,8.58,3737,3728,CUTE BIRD CEATURE SCREEN
84732D,2.0,2.0,11.0,4.29,0.0,4.29,3826,3814,CUTE RABBIT CEATURE SCREEN
84741C,14.0,14.0,60.0,117.0,0.0,117.0,2976,2966,CITRUS GARLAND FELT FLOWERS
84743C,1.0,1.0,1.0,1.25,0.0,1.25,3892,3881,ORANGE FELT VASE + FLOWERS
84744,20.0,20.0,110.0,140.02,0.0,140.02,2896,2882,S/6 SEW ON CROCHET FLOWERS
84745A,5.0,5.0,32.0,13.44,0.0,13.44,3661,3650,PINK HANGING GINGHAM EASTER HEN
84745B,5.0,5.0,32.0,13.44,0.0,13.44,3661,3650,BLUE HANGING GINGHAM EASTER HEN
84746,9.0,9.0,14.0,38.31,0.0,38.31,3393,3372,PINK EASTER HENS+FLOWER
84748,64.0,61.0,208.0,585.86,0.0,585.86,2086,2067,FOLK FELT HANGING MULTICOL GARLAND
84750A,1.0,1.0,24.0,46.8,52.65,-5.850000000000001,3327,3910,PINK SMALL GLASS CAKE STAND
84750B,12.0,12.0,61.0,54.99,0.39,54.6,3261,3248,BLACK SMALL GLASS CAKE STAND
84751B,9.0,8.0,19.0,38.69,0.79,37.9,3389,3378,BLACK MEDIUM GLASS CAKE STAND
84754,63.0,62.0,558.0,725.52,152.64000000000001,572.88,1908,2087,S/15 SILVER GLASS BAUBLES IN BAG
84755,628.0,621.0,16449.0,10518.25,44.849999999999994,10473.4,212,203,COLOUR GLASS T-LIGHT HOLDER HANGING
84760S,9.0,8.0,43.0,62.349999999999994,0.0,62.349999999999994,3217,3201,SMALL HANGING GLASS+ZINC LANTERN
84763,57.0,57.0,601.0,748.34,0.0,748.34,1879,1852,ZINC FINISH 15CM PLANTER POTS
84766,14.0,14.0,146.0,340.7,37.25,303.45,2452,2507,SILVER ROCOCO CANDLE STICK
84773,1.0,1.0,3.0,8.850000000000001,0.0,8.850000000000001,3728,3719,RED ROSE AND LACE C/COVER
84789,49.0,48.0,187.0,644.47,0.0,644.47,2004,1986,ENCHANTED BIRD PLANT CAGE
84792,244.0,241.0,834.0,3978.9700000000003,114.69,3864.28,626,631,ENCHANTED BIRD COATHANGER 5 HOOK
84795B,48.0,48.0,176.0,1390.64,0.0,1390.64,1363,1334,SUNSET CHECK HAMMOCK
84795C,1.0,1.0,2.0,15.9,0.0,15.9,3622,3609,OCEAN STRIPE HAMMOCK
84795b,14.0,14.0,16.0,266.78,0.0,266.78,2584,2571,SUNSET CHECK HAMMOCK
84796A,43.0,43.0,61.0,568.13,0.0,568.13,2114,2097,PINK HAWAIIAN PICNIC HAMPER FOR 2
84796B,124.0,124.0,256.0,2393.5899999999997,0.0,2393.5899999999997,927,915,BLUE SAVANNAH PICNIC HAMPER FOR 2
84796a,12.0,12.0,17.0,141.10999999999999,0.0,141.10999999999999,2891,2880,PINK HAWAIIAN PICNIC HAMPER FOR 2
84798A,4.0,4.0,23.0,58.64999999999999,30.599999999999998,28.049999999999994,3240,3467,PINK FOXGLOVE ARTIIFCIAL FLOWER
84798B,3.0,3.0,11.0,28.049999999999997,10.2,17.849999999999998,3482,3573,PURPLE FOXGLOVE ARTIIFCIAL FLOWER
84799,10.0,10.0,224.0,160.48,35.16,125.32,2828,2936,SPRIG LAVENDER ARTIFICIAL FLOWER
84800L,22.0,22.0,360.0,639.36,40.56,598.8,2011,2052,LARGE WHITE/PINK ROSE ART FLOWER
84800M,11.0,11.0,127.0,174.31,5.07,169.24,2790,2788,MEDIUM WHITE/PINK ROSE ART FLOWER
84800S,10.0,9.0,113.0,127.57000000000001,2.5,125.07000000000001,2936,2937,SMALL WHITE/PINK ROSE ART FLOWER
84801A,5.0,5.0,46.0,96.60000000000001,0.0,96.60000000000001,3051,3040,PINK HYDRANGEA ART FLOWER
84801B,3.0,3.0,22.0,46.2,0.0,46.2,3331,3309,WHITE HYDRANGEA ART FLOWER
84802A,1.0,1.0,2.0,3.38,0.0,3.38,3850,3837,WHITE ANEMONE ARTIFICIAL FLOWER
84802B,1.0,1.0,4.0,6.76,0.0,6.76,3773,3763,PURPLE ANEMONE ARTIFICIAL FLOWER
84803A,1.0,1.0,3.0,5.07,0.0,5.07,3805,3794,PINK ALLIUM  ARTIFICIAL FLOWER
84803B,4.0,4.0,17.0,28.73,5.07,23.66,3478,3513,WHITE ALLIUM  ARTIFICIAL FLOWER
84804A,8.0,8.0,70.0,180.58,0.0,180.58,2773,2760,CREAM DELPHINIUM ARTIFICIAL FLOWER
84804B,6.0,6.0,99.0,188.37000000000003,0.0,188.37000000000003,2754,2738,BLUE DELPHINIUM ARTIFICIAL FLOWER
84805A,4.0,4.0,32.0,60.0,0.0,60.0,3232,3214,CREAM CLIMBING HYDRANGA ART FLOWER
84805B,3.0,3.0,38.0,52.5,0.0,52.5,3283,3265,BLUE CLIMBING HYDRANGA ART FLOWER
84806A,11.0,11.0,137.0,96.88999999999999,0.0,96.88999999999999,3049,3039,PINK CANDYSTUFT ARTIFICIAL FLOWER
84806B,20.0,20.0,308.0,411.55999999999995,0.0,411.55999999999995,2348,2334,WHITE CANDYSTUFT ARTIFICIAL FLOWER
84809A,8.0,8.0,55.0,115.50000000000001,4.2,111.30000000000001,2982,2984,WHITE CHRYSANTHEMUMS ART FLOWER
84809B,1.0,1.0,18.0,37.800000000000004,0.0,37.800000000000004,3399,3379,PINK CHRYSANTHEMUMS ART FLOWER
84813,38.0,38.0,166.0,1393.79,3.95,1389.84,1361,1335,SET OF 4 DIAMOND NAPKIN RINGS
84816,10.0,10.0,13.0,519.35,239.7,279.65000000000003,2187,2546,DANISH ROSE BEDSIDE CABINET
84817,56.0,55.0,951.0,710.64,77.70000000000002,632.9399999999999,1923,2000,DANISH ROSE DECORATIVE PLATE
84818,100.0,99.0,1424.0,1461.6,101.45000000000002,1360.1499999999999,1323,1356,DANISH ROSE PHOTO FRAME
84819,62.0,62.0,811.0,951.79,17.0,934.79,1674,1672,DANISH ROSE ROUND SEWING BOX
84820,32.0,31.0,261.0,484.63,23.8,460.83,2234,2250,DANISH ROSE TRINKET TRAYS
84821,42.0,40.0,947.0,417.34999999999997,10.2,407.15,2335,2339,DANISH ROSE DELUXE COASTER
84823,25.0,25.0,112.0,890.4000000000001,0.0,890.4000000000001,1732,1709,DANISH ROSE FOLDING CHAIR
84824,2.0,2.0,2.0,31.9,0.0,31.9,3443,3427,DANISH ROSE UMBRELLA STAND
84826,36.0,31.0,1165.0,391.93,51.0,340.93,2373,2439,ASSTD DESIGN 3D PAPER STICKERS
84827,18.0,14.0,511.0,154.39,0.0,154.39,2848,2834,ASS DES PHONE SPONGE CRAFT STICKER
84828,188.0,182.0,1103.0,1541.3600000000001,30.0,1511.3600000000001,1280,1274,JUNGLE POPSICLES ICE LOLLY MOULDS
84832,272.0,268.0,2934.0,2713.5499999999997,10.2,2703.35,852,839,ZINC WILLIE WINKIE  CANDLE STICK
84836,550.0,535.0,5944.0,7426.82,43.75,7383.07,325,318,ZINC METAL HEART DECORATION
84839,0.0,0.0,0.0,0.0,5.55,-5.55,3907,3909,Description unavailable
84840,6.0,6.0,6.0,76.44,17.0,59.44,3130,3219,SWEETHEART CARRY-ALL BASKET
84842,9.0,9.0,14.0,52.5,0.0,52.5,3283,3265,HELLO SAILOR BATHROOM SET
84843,49.0,48.0,172.0,969.8000000000001,5.95,963.85,1657,1645,WHITE SOAP RACK WITH 2 BOTTLES
84846A,14.0,13.0,57.0,128.14000000000001,0.0,128.14000000000001,2935,2925,SCENTED CANDLE IN DIGITALIS TIN
84847,12.0,11.0,21.0,78.75,0.0,78.75,3120,3107,FLORAL BATHROOM SET
84849A,53.0,53.0,180.0,344.34000000000003,27.04,317.3,2447,2479,HELLO SAILOR BLUE SOAP HOLDER
84849B,76.0,76.0,266.0,478.83,1.69,477.14,2244,2233,FAIRY SOAP SOAP HOLDER
84849D,115.0,114.0,494.0,859.0,37.18,821.82,1758,1771,HOT BATHS SOAP HOLDER
84854,1.0,1.0,5.0,24.75,0.0,24.75,3522,3504,GIRLY PINK TOOL SET
84856L,2.0,2.0,2.0,17.82,0.0,17.82,3586,3574,LARGE TAHITI BEACH BAG
84856S,1.0,1.0,4.0,18.6,3.81,14.790000000000001,3580,3636,SMALL TAHITI BEACH BAG
84857B,1.0,1.0,24.0,46.8,3.9,42.9,3327,3326,BLUE MONTE CARLO HANDBAG
84857C,10.0,10.0,98.0,232.32999999999998,1.95,230.38,2652,2643,PINK MONTE CARLO HANDBAG
84858C,6.0,6.0,186.0,261.68,0.0,261.68,2596,2583,PINK RIVIERA HANDBAG
84859A,36.0,35.0,129.0,272.99,0.0,272.99,2564,2557,SILVER DISCO HANDBAG
84859B,12.0,11.0,32.0,66.75999999999999,0.0,66.75999999999999,3188,3172,BLUE DISCO HANDBAG
84859C,22.0,22.0,84.0,180.51999999999998,0.0,180.51999999999998,2774,2761,PINK DISCO HANDBAG
84865,15.0,14.0,29.0,152.11,0.0,152.11,2853,2839,NEW BAROQUE BLACK PHOTO ALBUM
84870B,25.0,25.0,44.0,146.07999999999998,3.75,142.32999999999998,2875,2875,BLUE GEISHA GIRL
84870C,28.0,28.0,46.0,146.05,0.0,146.05,2876,2864,GREEN GEISHA GIRL
84872A,32.0,32.0,40.0,450.08,0.0,450.08,2283,2273,TEATIME FUNKY FLOWER BACKPACK FOR 2
84872a,21.0,21.0,26.0,282.15,0.0,282.15,2549,2540,TEATIME FUNKY FLOWER BACKPACK FOR 2
84873A,2.0,2.0,2.0,33.9,0.0,33.9,3431,3411,FUNKY FLOWER PICNIC BAG FOR 4
84874B,14.0,14.0,41.0,67.50999999999999,0.0,67.50999999999999,3181,3166,BLUE TRAVEL FIRST AID KIT
84875B,20.0,20.0,131.0,203.51,0.0,203.51,2711,2701,GREEN SQUARE COMPACT MIRROR
84875D,8.0,8.0,51.0,63.75,0.0,63.75,3206,3191,BLUE SQUARE COMPACT MIRROR
84876B,36.0,33.0,220.0,318.31,0.0,318.31,2489,2475,GREEN HEART COMPACT MIRROR
84876D,17.0,16.0,129.0,221.25,0.0,221.25,2678,2662,BLUE HEART COMPACT MIRROR
84877A,4.0,4.0,40.0,58.16,0.0,58.16,3243,3229,PINK ROUND COMPACT MIRROR
84877B,21.0,21.0,144.0,210.56,0.0,210.56,2698,2690,GREEN ROUND COMPACT MIRROR
84877D,19.0,18.0,97.0,152.18,0.0,152.18,2852,2838,BLUE ROUND COMPACT MIRROR
84879,1489.0,1455.0,36461.0,59094.93,135.20000000000002,58959.73,9,7,ASSORTED COLOUR BIRD ORNAMENT
84880,79.0,76.0,314.0,2027.74,55.1,1972.64,1054,1055,WHITE WIRE EGG HOLDER
84881,6.0,6.0,12.0,82.57,6.35,76.22,3104,3119,BLUE WIRE SPIRAL CANDLE HOLDER
84882,18.0,18.0,38.0,157.34,0.0,157.34,2839,2827,GREEN WIRE STANDING CANDLE HOLDER
84884A,78.0,78.0,301.0,1201.91,3.95,1197.96,1470,1451,ANT WHITE WIRE HEART SPIRAL
84884a,26.0,26.0,38.0,317.71999999999997,0.0,317.71999999999997,2491,2478,ANT WHITE WIRE HEART SPIRAL
84898F,19.0,19.0,46.0,98.63000000000001,0.0,98.63000000000001,3043,3034,YELLOW FLOWERS FELT HANDBAG KIT
84905,20.0,20.0,35.0,173.48,0.0,173.48,2792,2775,PINK BUTTERFLY CUSHION COVER
84906,12.0,12.0,35.0,123.02,1.95,121.07,2952,2946,PINK B'FLY C/COVER W BOBBLES
84907,23.0,23.0,29.0,180.93,0.0,180.93,2770,2757,PINK YELLOW PATCH CUSHION COVER
84910A,17.0,17.0,26.0,192.14,0.0,192.14,2742,2726,PINK PAISLEY CUSHION COVER
84912A,74.0,74.0,156.0,560.62,0.0,560.62,2125,2108,PINK ROSE WASHBAG
84912B,163.0,160.0,324.0,1136.6,0.0,1136.6,1521,1500,GREEN ROSE WASHBAG
84913A,124.0,124.0,273.0,952.83,0.0,952.83,1673,1654,SOFT PINK ROSE TOWEL
84913B,86.0,86.0,196.0,754.07,0.0,754.07,1871,1846,MINT GREEN ROSE TOWEL
84915,23.0,23.0,217.0,372.33,0.0,372.33,2400,2386,HAND TOWEL PINK FLOWER AND DAISY
84916,29.0,29.0,223.0,453.39,0.0,453.39,2276,2264,HAND TOWEL PALE BLUE W FLOWERS
84917,27.0,27.0,184.0,466.3,0.0,466.3,2258,2246,WHITE HAND TOWEL WITH BUTTERFLY
84919,29.0,29.0,58.0,381.78000000000003,0.0,381.78000000000003,2383,2368,BLUE CUSHION COVER WITH FLOWER
84920,49.0,48.0,117.0,453.73,0.0,453.73,2275,2263,PINK FLOWER FABRIC PONY
84921,5.0,5.0,11.0,41.25,0.0,41.25,3365,3347,CREAM AND PINK FLOWERS PONY
84922,6.0,6.0,9.0,42.29,0.0,42.29,3351,3331,PINK BUTTERFLY WASHBAG
84923,98.0,98.0,162.0,671.62,0.0,671.62,1974,1957,PINK BUTTERFLY HANDBAG W BOBBLES
84924A,33.0,33.0,81.0,348.59000000000003,0.0,348.59000000000003,2441,2428,WAKE UP COCKEREL CALENDAR SIGN
84924F,3.0,3.0,10.0,7.9,0.0,7.9,3752,3743,PSYCHEDELIC METAL SIGN CALENDAR
84925D,10.0,10.0,15.0,38.25,0.0,38.25,3394,3373,LA PALMIERA WALL THERMOMETER
84925F,15.0,14.0,80.0,112.47999999999999,0.0,112.47999999999999,2991,2979,PSYCHEDELIC WALL THERMOMETER
84926A,35.0,35.0,604.0,210.51999999999998,0.0,210.51999999999998,2700,2692,WAKE UP COCKEREL TILE COASTER
84926D,35.0,34.0,709.0,276.53,0.0,276.53,2557,2550,LA PALMIERA TILE COASTER
84926E,40.0,39.0,992.0,334.76,0.0,334.76,2458,2446,FLOWERS TILE COASTER
84926F,28.0,28.0,430.0,195.22,6.959999999999999,188.26,2734,2739,PSYCHEDELIC TILE COASTER
84927A,18.0,18.0,50.0,70.45,0.39,70.06,3164,3150,WAKE UP COCKEREL TILE HOOK
84927D,15.0,14.0,48.0,52.25,4.2,48.05,3288,3299,LA PALMIERA TILE HOOK
84927E,14.0,13.0,59.0,80.16000000000001,4.2,75.96000000000001,3114,3121,FLOWERS TILE HOOK
84927F,46.0,44.0,299.0,182.95000000000002,1.9500000000000002,181.00000000000003,2768,2756,PSYCHEDELIC TILE HOOK
84929,65.0,65.0,2412.0,637.5600000000001,168.48999999999998,469.07000000000005,2012,2241,ASSTD FRUIT+FLOWERS FRIDGE MAGNETS
84931A,52.0,51.0,135.0,322.53999999999996,0.0,322.53999999999996,2476,2464,PINK SCOTTIE DOG W FLOWER PATTERN
84931B,51.0,49.0,180.0,431.72999999999996,7.6499999999999995,424.08,2311,2312,BLUE SCOTTIE DOG W FLOWER PATTERN
84944,85.0,83.0,711.0,1121.9099999999999,95.69999999999999,1026.2099999999998,1532,1586,SET OF 6 KASHMIR FOLKART BAUBLES
84945,353.0,347.0,10557.0,8754.63,97.46000000000001,8657.17,270,265,MULTI COLOUR SILVER T-LIGHT HOLDER
84946,919.0,905.0,19246.0,25889.63,372.96000000000004,25516.670000000002,46,44,ANTIQUE SILVER T-LIGHT GLASS
84947,361.0,347.0,8706.0,10297.27,38.29,10258.98,218,210,ANTIQUE SILVER TEA GLASS ENGRAVED
84949,294.0,290.0,4801.0,7642.44,412.34999999999997,7230.089999999999,315,323,SILVER HANGING T-LIGHT HOLDER
84950,122.0,120.0,3631.0,2304.8300000000004,6.1000000000000005,2298.7300000000005,955,941,ASSORTED COLOUR T-LIGHT HOLDER
84951A,94.0,93.0,476.0,553.8,18.96,534.8399999999999,2139,2148,SET OF 4 PISTACHIO LOVEBIRD COASTER
84951B,83.0,82.0,451.0,554.78,0.0,554.78,2137,2119,SET OF 4 BLACK LOVEBIRD COASTERS
84952A,26.0,26.0,92.0,264.46999999999997,0.0,264.46999999999997,2592,2577,CLEAR LOVE BIRD T-LIGHT HOLDER
84952B,29.0,29.0,186.0,332.14,11.25,320.89,2463,2469,BLACK LOVE BIRD T-LIGHT HOLDER
84952C,13.0,12.0,144.0,255.0,0.0,255.0,2607,2595,MIRROR LOVE BIRD T-LIGHT HOLDER
84963A,1.0,1.0,4.0,171.8,0.0,171.8,2799,2781,PINK PAINTED KASHMIRI CHAIR
84963B,1.0,1.0,3.0,149.85000000000002,0.0,149.85000000000002,2863,2850,BLUE PAINTED KASHMIRI CHAIR
84968A,99.0,98.0,267.0,3139.2999999999997,127.5,3011.7999999999997,766,773,SET OF 16 VINTAGE ROSE CUTLERY
84968B,2.0,2.0,2.0,25.5,0.0,25.5,3503,3484,SET OF 16 VINTAGE IVORY CUTLERY
84968C,104.0,104.0,317.0,3585.99,51.0,3534.99,684,683,SET OF 16 VINTAGE PISTACHIO CUTLERY
84968D,55.0,55.0,157.0,1661.47,12.75,1648.72,1207,1200,SET OF 16 VINTAGE RED CUTLERY
84968E,44.0,44.0,132.0,1522.53,0.0,1522.53,1289,1265,SET OF 16 VINTAGE BLACK CUTLERY
84968F,65.0,65.0,177.0,1905.6799999999998,0.0,1905.6799999999998,1106,1081,SET OF 16 VINTAGE SKY BLUE CUTLERY
84968a,3.0,3.0,5.0,125.32999999999998,0.0,125.32999999999998,2945,2935,SET OF 16 VINTAGE ROSE CUTLERY
84968d,3.0,3.0,3.0,74.88,0.0,74.88,3138,3125,SET OF 16 VINTAGE RED CUTLERY
84968e,6.0,6.0,8.0,200.21,0.0,200.21,2721,2709,SET OF 16 VINTAGE BLACK CUTLERY
84968f,1.0,1.0,1.0,25.49,0.0,25.49,3505,3487,SET OF 16 VINTAGE SKY BLUE CUTLERY
84969,210.0,210.0,558.0,2389.52,8.5,2381.02,928,917,BOX OF 6 ASSORTED COLOUR TEASPOONS
84970L,459.0,457.0,6065.0,6412.7699999999995,11.399999999999999,6401.37,399,391,SINGLE HEART ZINC T-LIGHT HOLDER
84970S,540.0,537.0,8905.0,7672.41,20.2,7652.21,313,305,HANGING HEART ZINC T-LIGHT HOLDER
84970l,50.0,50.0,201.0,418.98,0.0,418.98,2332,2321,SINGLE HEART ZINC T-LIGHT HOLDER
84970s,66.0,66.0,238.0,496.49,0.0,496.49,2222,2200,HANGING HEART ZINC T-LIGHT HOLDER
84971S,175.0,172.0,1786.0,1561.6999999999998,0.85,1560.85,1270,1248,SMALL HEART FLOWERS HOOK
84971l,1.0,1.0,2.0,4.92,0.0,4.92,3817,3805,LARGE HEART FLOWERS HOOK
84974,29.0,28.0,40.0,398.0,0.0,398.0,2363,2352,S/2 ZINC HEART DESIGN PLANTERS
84975,2.0,2.0,5.0,8.45,0.0,8.45,3746,3737,HEART SHAPED MIRROR
84976,37.0,37.0,512.0,446.15000000000003,11.06,435.09000000000003,2291,2297,RECTANGULAR SHAPED MIRROR
84977,1.0,1.0,1.0,1.25,0.0,1.25,3892,3881,WIRE FLOWER T-LIGHT HOLDER
84978,737.0,728.0,12512.0,16477.53,206.59,16270.939999999999,120,117,HANGING HEART JAR T-LIGHT HOLDER
84984A,6.0,6.0,19.0,88.35000000000001,0.0,88.35000000000001,3084,3072,GREEN PEONY CUSHION COVER
84984B,5.0,5.0,17.0,79.05000000000001,0.0,79.05000000000001,3118,3104,RED PEONY CUSHION COVER
84984D,4.0,4.0,13.0,60.45,0.0,60.45,3231,3213,ORIENTAL RED CUSHION COVER
84985A,20.0,18.0,42.0,60.9,7.25,53.65,3227,3256,SET OF 72 GREEN PAPER DOILIES
84987,336.0,334.0,3053.0,4474.07,21.749999999999996,4452.32,568,561,SET OF 36 TEATIME PAPER DOILIES
84988,512.0,510.0,4312.0,6672.7,18.849999999999998,6653.849999999999,383,367,SET OF 72 PINK HEART PAPER DOILIES
84989A,18.0,17.0,28.0,15.400000000000002,0.0,15.400000000000002,3627,3614,75 GREEN FAIRY CAKE CASES
84989a,25.0,25.0,42.0,87.51,0.0,87.51,3089,3078,75 GREEN FAIRY CAKE CASES
84990,2.0,2.0,2.0,1.1,0.0,1.1,3899,3888,60 GOLD AND SILVER FAIRY CAKE CASES
84991,863.0,828.0,18214.0,9183.720000000001,95.70000000000002,9088.02,256,250,60 TEATIME FAIRY CAKE CASES
84992,646.0,615.0,13360.0,6555.33,62.14,6493.19,387,379,72 SWEETHEART FAIRY CAKE CASES
84993A,55.0,55.0,343.0,159.69,0.0,159.69,2831,2818,75 GREEN PETIT FOUR CASES
84993B,18.0,18.0,58.0,24.36,0.0,24.36,3526,3509,75 BLACK PETIT FOUR CASES
84993a,19.0,19.0,32.0,26.56,0.0,26.56,3493,3477,75 GREEN PETIT FOUR CASES
84997A,260.0,260.0,2573.0,9933.880000000001,49.95,9883.93,232,225,CHILDRENS CUTLERY POLKADOT GREEN
84997B,374.0,370.0,4214.0,16045.970000000001,127.5,15918.470000000001,125,120,CHILDRENS CUTLERY RETROSPOT RED
84997C,336.0,335.0,3784.0,14501.18,22.9,14478.28,133,128,CHILDRENS CUTLERY POLKADOT BLUE
84997D,478.0,473.0,5105.0,19736.5,108.75,19627.75,93,88,CHILDRENS CUTLERY POLKADOT PINK
84997a,65.0,65.0,106.0,878.7399999999999,0.0,878.7399999999999,1743,1724,CHILDRENS CUTLERY POLKADOT GREEN
84997b,70.0,67.0,364.0,3052.9199999999996,0.0,3052.9199999999996,777,766,CHILDRENS CUTLERY RETROSPOT RED
84997c,66.0,62.0,284.0,2374.4399999999996,0.0,2374.4399999999996,937,923,CHILDRENS CUTLERY POLKADOT BLUE
84997d,75.0,73.0,319.0,2657.79,0.0,2657.79,870,851,CHILDRENS CUTLERY POLKADOT PINK
85006,9.0,9.0,55.0,57.25,0.0,57.25,3250,3236,SET 4 NURSERY DES ROUND BOXES
85008,8.0,8.0,13.0,66.12,0.0,66.12,3195,3179,SET OF 3 CONEY ISLAND OVAL BOXES
85014A,279.0,278.0,1164.0,6684.67,35.7,6648.97,381,368,BLACK/BLUE POLKADOT UMBRELLA
85014B,353.0,350.0,1915.0,10981.95,11.9,10970.050000000001,203,196,RED RETROSPOT UMBRELLA
85014a,14.0,14.0,18.0,225.32000000000002,0.0,225.32000000000002,2670,2655,BLACK/BLUE POLKADOT UMBRELLA
85014b,23.0,23.0,25.0,313.06,0.0,313.06,2503,2492,RED RETROSPOT UMBRELLA
85015,145.0,143.0,2182.0,1719.8400000000001,0.0,1719.8400000000001,1180,1161,SET OF 12  VINTAGE POSTCARD SET
85016,42.0,42.0,563.0,560.11,0.0,560.11,2126,2109,SET OF 6 VINTAGE NOTELETS KIT
85017A,9.0,8.0,16.0,13.58,0.0,13.58,3658,3647,ENVELOPE 50 ROMANTIC IMAGES
85017B,159.0,158.0,1077.0,600.29,10.2,590.0899999999999,2069,2062,ENVELOPE 50 BLOSSOM IMAGES
85017C,12.0,10.0,50.0,27.02,0.0,27.02,3490,3475,ENVELOPE 50 CURIOUS IMAGES
85018D,7.0,7.0,12.0,30.599999999999998,0.0,30.599999999999998,3447,3433,YULETIDE IMAGES S/6 PAPER BOXES
85019A,33.0,33.0,414.0,564.35,0.0,564.35,2119,2101,ROMANTIC IMAGES NOTEBOOK SET
85019B,36.0,36.0,512.0,682.97,0.0,682.97,1959,1940,BLOSSOM  IMAGES NOTEBOOK SET
85019C,11.0,11.0,182.0,270.72,51.0,219.72000000000003,2572,2666,CURIOUS  IMAGES NOTEBOOK SET
85020,22.0,22.0,85.0,188.81,0.0,188.81,2753,2737,ROUND PINK HEART MIRROR
85023B,13.0,13.0,105.0,235.35000000000002,153.75000000000003,81.6,2645,3096,EAU DE NILE JEWELLED PHOTOFRAME
85023C,0.0,0.0,0.0,0.0,2.55,-2.55,3907,3905,Description unavailable
85024B,12.0,12.0,193.0,289.65,0.0,289.65,2536,2527,EAU DE NILE JEWELLED PHOTOFRAME
85024C,9.0,9.0,12.0,19.799999999999997,1.65,18.15,3572,3569,PINK SMALL JEWELLED PHOTOFRAME
85025B,39.0,38.0,331.0,558.42,1.65,556.77,2129,2115,EAU DE NILE HEART SHAPE PHOTO FRAME
85025C,41.0,39.0,322.0,522.56,1.65,520.91,2184,2169,PINK HEART SHAPE PHOTO FRAME
85026B,11.0,11.0,79.0,70.27,0.0,70.27,3165,3148,EAU DE NILE JEWELLED T-LIGHT HOLDER
85027L,18.0,18.0,70.0,160.5,9.75,150.75,2827,2847,FRENCH CHATEAU LARGE PLATTER
85028L,4.0,4.0,10.0,19.5,0.0,19.5,3574,3562,FRENCH CHATEAU LARGE FRUIT BOWL
85028S,8.0,8.0,24.0,51.599999999999994,0.0,51.599999999999994,3290,3270,FRENCH CHATEAU SMALL FRUITBOWL
85030,6.0,6.0,15.0,29.25,0.0,29.25,3472,3457,FRENCH CHATEAU OVAL PLATTER
85031A,7.0,7.0,16.0,45.9,0.0,45.9,3332,3311,ROMANTIC IMAGES SCRAP BOOK SET
85031B,1.0,1.0,1.0,4.95,0.0,4.95,3814,3802,BLOSSOM IMAGES SCRAP BOOK SET
85031C,1.0,1.0,3.0,14.850000000000001,0.0,14.850000000000001,3644,3633,CURIOUS IMAGES SCRAP BOOK SET
85032A,136.0,135.0,790.0,777.1400000000001,0.0,777.1400000000001,1836,1809,ROMANTIC IMAGES GIFT WRAP SET
85032B,134.0,133.0,798.0,747.7900000000001,0.0,747.7900000000001,1882,1855,BLOSSOM IMAGES GIFT WRAP SET
85032C,143.0,140.0,685.0,719.84,7.800000000000001,712.0400000000001,1913,1903,CURIOUS IMAGES GIFT WRAP SET
85032D,94.0,93.0,687.0,561.34,7.800000000000001,553.5400000000001,2123,2120,YULETIDE IMAGES GIFT WRAP SET
85034A,83.0,74.0,501.0,915.15,20.75,894.4,1707,1706,3 GARDENIA MORRIS BOXED CANDLES
85034B,124.0,120.0,949.0,1633.78,0.0,1633.78,1225,1210,3 WHITE CHOC MORRIS BOXED CANDLES
85034C,169.0,158.0,1133.0,1805.0,73.0,1732.0,1148,1155,3 ROSE MORRIS BOXED CANDLES
85034a,3.0,3.0,3.0,24.869999999999997,0.0,24.869999999999997,3515,3497,3 GARDENIA MORRIS BOXED CANDLES
85034b,1.0,1.0,1.0,8.29,0.0,8.29,3750,3741,3 WHITE CHOC MORRIS BOXED CANDLES
85035A,87.0,81.0,279.0,795.05,25.5,769.55,1812,1822,GARDENIA 3 WICK MORRIS BOXED CANDLE
85035B,71.0,70.0,620.0,1058.35,0.0,1058.35,1585,1559,CHOCOLATE 3 WICK MORRIS BOX CANDLE
85035C,137.0,130.0,1152.0,1779.41,0.0,1779.41,1155,1137,ROSE 3 WICK MORRIS BOX CANDLE
85035a,2.0,2.0,2.0,16.94,0.0,16.94,3603,3591,GARDENIA 3 WICK MORRIS BOXED CANDLE
85035b,1.0,1.0,1.0,8.47,0.0,8.47,3741,3732,CHOCOLATE 3 WICK MORRIS BOX CANDLE
85035c,1.0,1.0,1.0,8.47,0.0,8.47,3741,3732,ROSE 3 WICK MORRIS BOX CANDLE
85036A,70.0,60.0,223.0,759.35,1.25,758.1,1865,1840,GARDENIA 1 WICK MORRIS BOXED CANDLE
85036B,52.0,49.0,369.0,609.4300000000001,25.5,583.9300000000001,2054,2071,CHOCOLATE 1 WICK MORRIS BOX CANDLE
85036C,92.0,84.0,758.0,1104.8600000000001,232.25,872.6100000000001,1553,1730,ROSE 1 WICK MORRIS BOXED CANDLE
85036a,1.0,1.0,2.0,16.58,0.0,16.58,3614,3602,GARDENIA 1 WICK MORRIS BOXED CANDLE
85036b,1.0,1.0,1.0,8.47,0.0,8.47,3741,3732,CHOCOLATE 1 WICK MORRIS BOX CANDLE
85038,149.0,142.0,1065.0,2179.6600000000003,0.0,2179.6600000000003,994,977,6 CHOCOLATE LOVE HEART T-LIGHTS
85039A,164.0,162.0,706.0,1013.92,1.65,1012.27,1622,1602,SET/4 RED MINI ROSE CANDLE IN BOWL
85039B,173.0,172.0,806.0,1174.6299999999999,0.0,1174.6299999999999,1484,1464,S/4 IVORY MINI ROSE CANDLE IN BOWL
85039C,67.0,67.0,305.0,265.77,1.65,264.12,2587,2578,S/4 BLACK MINI ROSE CANDLE IN BOWL
85039a,29.0,29.0,40.0,131.81,0.0,131.81,2922,2908,SET/4 RED MINI ROSE CANDLE IN BOWL
85040A,171.0,164.0,890.0,1610.62,28.05,1582.57,1238,1235,S/4 PINK FLOWER CANDLES IN BOWL
85040B,36.0,35.0,137.0,229.46999999999997,6.6,222.86999999999998,2662,2660,SET/4 BLUE FLOWER CANDLES IN BOWL
85040a,21.0,21.0,32.0,105.28,0.0,105.28,3018,3007,S/4 PINK FLOWER CANDLES IN BOWL
85042,0.0,0.0,0.0,0.0,14.850000000000001,-14.850000000000001,3907,3914,Description unavailable
85045,11.0,11.0,42.0,191.1,19.8,171.29999999999998,2745,2784,GREEN CHRISTMAS TREE STRING 20LIGHT
85047,2.0,2.0,3.0,19.049999999999997,18.25,0.7999999999999972,3576,3895,WHITE BEADED GARLAND STRING 20LIGHT
85048,263.0,261.0,1359.0,10910.61,307.94999999999993,10602.66,205,200,15CM CHRISTMAS GLASS BALL 20 LIGHTS
85049A,331.0,323.0,3005.0,3847.36,15.0,3832.36,643,633,TRADITIONAL CHRISTMAS RIBBONS
85049B,13.0,13.0,54.0,67.5,0.0,67.5,3182,3167,LUSH GREENS RIBBONS
85049C,231.0,224.0,1217.0,1518.19,0.0,1518.19,1290,1270,ROMANTIC PINKS RIBBONS
85049D,111.0,107.0,549.0,697.49,0.0,697.49,1938,1923,BRIGHT BLUES RIBBONS
85049E,421.0,409.0,2866.0,3791.11,18.75,3772.36,653,642,SCANDINAVIAN REDS RIBBONS
85049F,91.0,88.0,378.0,477.34,0.0,477.34,2247,2231,BABY BOOM RIBBONS
85049G,275.0,258.0,1615.0,2007.94,17.5,1990.44,1070,1051,CHOCOLATE BOX RIBBONS
85049H,188.0,184.0,849.0,870.35,0.0,870.35,1752,1734,URBAN BLACK RIBBONS
85049a,36.0,36.0,244.0,812.84,0.0,812.84,1799,1776,TRADITIONAL CHRISTMAS RIBBONS
85049b,2.0,2.0,2.0,4.92,0.0,4.92,3817,3805,LUSH GREENS RIBBONS
85049c,1.0,1.0,1.0,2.46,0.0,2.46,3870,3858,ROMANTIC PINKS RIBBONS
85049d,2.0,2.0,2.0,4.92,0.0,4.92,3817,3805,BRIGHT BLUES RIBBONS
85049e,42.0,42.0,109.0,360.71,0.0,360.71,2414,2400,SCANDINAVIAN REDS RIBBONS
85049g,51.0,51.0,113.0,276.42,0.0,276.42,2558,2551,CHOCOLATE BOX RIBBONS
85053,330.0,317.0,1701.0,3666.2900000000004,57.16000000000001,3609.1300000000006,673,668,FRENCH ENAMEL CANDLEHOLDER
85054,118.0,115.0,589.0,1436.5300000000002,8.4,1428.13,1334,1317,FRENCH ENAMEL POT W LID
85055,16.0,16.0,45.0,183.71,0.0,183.71,2766,2749,FRENCH ENAMEL UTENSIL HOLDER
85059,129.0,128.0,411.0,1273.11,22.5,1250.61,1435,1424,FRENCH ENAMEL WATER BASIN
85061W,175.0,162.0,2164.0,1897.4499999999998,5.95,1891.4999999999998,1108,1088,WHITE JEWELLED HEART DECORATION
85062,162.0,159.0,1474.0,2449.2999999999997,6.6,2442.7,911,902,PEARL CRYSTAL PUMPKIN T-LIGHT HLDR
85063,0.0,0.0,0.0,0.0,46.849999999999994,-46.849999999999994,3907,3919,Description unavailable
85064,30.0,30.0,215.0,976.25,9.3,966.95,1655,1639,CREAM SWEETHEART LETTER RACK
85065,0.0,0.0,0.0,0.0,12.75,-12.75,3907,3913,Description unavailable
85066,529.0,519.0,1793.0,22708.95,460.8,22248.15,71,69,CREAM SWEETHEART MINI CHEST
85067,5.0,5.0,7.0,126.64999999999999,0.0,126.64999999999999,2942,2933,CREAM SWEETHEART WALL CABINET
85068,0.0,0.0,0.0,0.0,7.95,-7.95,3907,3911,Description unavailable
85071A,113.0,111.0,1041.0,583.23,448.4,134.83000000000004,2090,2895,BLUE CHARLIE+LOLA PERSONAL DOORSIGN
85071B,132.0,125.0,1301.0,688.91,5.9,683.01,1952,1939,RED CHARLIE+LOLA PERSONAL DOORSIGN
85071C,106.0,105.0,683.0,428.0,0.0,428.0,2317,2306,"CHARLIE+LOLA""EXTREMELY BUSY"" SIGN"
85071D,86.0,84.0,403.0,249.48999999999998,0.0,249.48999999999998,2618,2605,CHARLIE+LOLA MY ROOM DOOR SIGN
85078,124.0,124.0,1932.0,696.8,0.0,696.8,1939,1925,SCANDINAVIAN 3 HEARTS NAPKIN RING
85084,7.0,7.0,20.0,17.0,0.0,17.0,3598,3586,HOLLY TOP CHRISTMAS STOCKING
85086A,50.0,50.0,146.0,122.08,0.0,122.08,2955,2944,CANDY SPOT HEART DECORATION
85087,125.0,125.0,339.0,1129.99,2.95,1127.04,1527,1505,CANDY SPOT CUSHION COVER
85088,52.0,51.0,259.0,534.83,4.2,530.63,2163,2153,CANDY SPOT HAND BAG
85089,6.0,5.0,14.0,41.300000000000004,0.0,41.300000000000004,3363,3345,CANDY SPOT BUNNY
85092,2.0,2.0,27.0,40.05,0.0,40.05,3377,3358,CANDY SPOT TEA COSY
85093,89.0,88.0,708.0,475.18,0.0,475.18,2250,2236,CANDY SPOT EGG WARMER HARE
85094,91.0,90.0,641.0,242.32,0.0,242.32,2634,2620,CANDY SPOT EGG WARMER RABBIT
85095,48.0,48.0,150.0,243.49,0.0,243.49,2633,2618,THREE CANVAS LUGGAGE TAGS
85096,17.0,16.0,25.0,109.23,0.0,109.23,3004,2993,HILDA CANDY SPOT RABBIT
85098B,0.0,0.0,0.0,0.0,3.75,-3.75,3907,3907,Description unavailable
85099B,2112.0,2089.0,48474.0,94340.05,1984.02,92356.03,5,4,JUMBO BAG RED RETROSPOT
85099C,946.0,933.0,13922.0,28092.2,510.87999999999994,27581.32,38,37,JUMBO  BAG BAROQUE BLACK WHITE
85099F,824.0,812.0,17273.0,32570.47,448.49,32121.98,26,23,JUMBO BAG STRAWBERRY
85099f,10.0,10.0,46.0,232.05999999999997,0.0,232.05999999999997,2653,2638,JUMBO BAG STRAWBERRY
85103,28.0,28.0,143.0,924.29,220.15,704.14,1699,1915,SILVER T-LIGHT SETTING
85104,17.0,17.0,201.0,525.75,8.850000000000001,516.9,2180,2173,SILVER GLASS T-LIGHT SET
85106,21.0,20.0,651.0,1147.4099999999999,0.0,1147.4099999999999,1509,1487,CUT GLASS HEXAGON T-LIGHT HOLDER
85107,31.0,27.0,251.0,546.49,0.0,546.49,2153,2138,CUT GLASS T-LIGHT HOLDER OCTAGON
85109,1.0,1.0,12.0,10.2,0.0,10.2,3706,3697,PINK BOUDOIR T-LIGHT HOLDER
85111,60.0,57.0,1421.0,441.07,0.0,441.07,2299,2286,SILVER GLITTER FLOWER VOTIVE HOLDER
85114A,56.0,56.0,649.0,1105.21,0.0,1105.21,1552,1520,BLACK ENCHANTED FOREST PLACEMAT
85114B,78.0,77.0,478.0,904.14,3.3,900.84,1715,1701,IVORY ENCHANTED FOREST PLACEMAT
85114C,78.0,75.0,516.0,920.2199999999999,0.0,920.2199999999999,1703,1686,RED ENCHANTED FOREST PLACEMAT
85114a,15.0,15.0,49.0,161.70000000000002,0.0,161.70000000000002,2825,2815,BLACK ENCHANTED FOREST PLACEMAT
85114b,14.0,14.0,36.0,118.86000000000001,0.0,118.86000000000001,2970,2960,IVORY ENCHANTED FOREST PLACEMAT
85114c,35.0,35.0,162.0,534.66,0.0,534.66,2164,2149,RED ENCHANTED FOREST PLACEMAT
85115B,1.0,1.0,3.0,24.869999999999997,0.0,24.869999999999997,3515,3497,S/4 BLACK DISCO PARTITION PANEL
85116,90.0,89.0,941.0,1106.88,63.00000000000001,1043.88,1549,1572,BLACK CANDELABRA T-LIGHT HOLDER
85118,10.0,10.0,146.0,144.52,16.25,128.27,2881,2924,HEART T-LIGHT HOLDER
85119,1.0,1.0,1.0,3.36,0.0,3.36,3851,3838,WATERING CAN SINGLE HOOK PISTACHIO
85123A,2265.0,2198.0,37660.0,104518.8,6624.3,97894.5,3,3,WHITE HANGING HEART T-LIGHT HOLDER
85123a,67.0,67.0,292.0,1952.4799999999998,0.0,1952.4799999999998,1092,1066,WHITE HANGING HEART T-LIGHT HOLDER
85124B,39.0,39.0,93.0,264.06,15.299999999999999,248.76,2593,2606,BLUE JUICY FRUIT PHOTO FRAME
85124C,39.0,39.0,94.0,261.89,0.0,261.89,2595,2582,GREEN JUICY FRUIT PHOTO FRAME
85125,34.0,33.0,163.0,770.2900000000001,0.0,770.2900000000001,1848,1821,SMALL ROUND CUT GLASS CANDLESTICK
85126,1.0,1.0,2.0,27.14,6.75,20.39,3489,3548,LARGE ROUND CUTGLASS CANDLESTICK
85127,52.0,51.0,187.0,1106.54,24.75,1081.79,1550,1538,SMALL SQUARE CUT GLASS CANDLESTICK
85129B,31.0,31.0,119.0,168.59,0.0,168.59,2804,2789,BEADED CRYSTAL HEART GREEN SMALL
85129C,15.0,15.0,80.0,107.31,0.0,107.31,3009,2998,BEADED CRYSTAL HEART BLUE SMALL
85129D,66.0,65.0,208.0,343.99,0.0,343.99,2448,2434,BEADED CRYSTAL HEART PINK SMALL
85130A,10.0,10.0,77.0,127.04999999999998,0.0,127.04999999999998,2938,2929,BEADED PEARL HEART WHITE LARGE
85130B,62.0,62.0,834.0,760.4300000000001,0.0,760.4300000000001,1859,1834,BEADED CRYSTAL HEART GREEN LARGE
85130C,48.0,46.0,483.0,438.87,0.0,438.87,2303,2291,BEADED CRYSTAL HEART BLUE  LARGE
85130D,63.0,62.0,565.0,569.29,0.0,569.29,2109,2092,BEADED CRYSTAL HEART PINK LARGE
85131A,119.0,119.0,996.0,901.48,11.27,890.21,1717,1710,BEADED PEARL HEART WHITE ON STICK
85131B,172.0,172.0,623.0,521.11,0.0,521.11,2186,2168,BEADED CRYSTAL HEART GREEN ON STICK
85131C,50.0,50.0,193.0,178.85,0.0,178.85,2781,2766,BEADED CRYSTAL HEART BLUE ON STICK
85131D,206.0,206.0,850.0,725.26,0.0,725.26,1910,1887,BEADED CRYSTAL HEART PINK ON STICK
85132A,111.0,110.0,547.0,1565.6699999999998,3.9,1561.7699999999998,1267,1247,CHARLIE + LOLA BISCUITS TINS
85132B,75.0,75.0,529.0,1156.1699999999998,0.0,1156.1699999999998,1502,1478,CHARLIE AND LOLA TABLE TINS
85132C,212.0,211.0,1520.0,3562.3199999999997,9.75,3552.5699999999997,692,681,CHARLIE AND LOLA FIGURES TINS
85132a,8.0,8.0,8.0,92.19999999999999,0.0,92.19999999999999,3069,3057,CHARLIE + LOLA BISCUITS TINS
85132b,9.0,9.0,9.0,74.60999999999999,0.0,74.60999999999999,3142,3128,CHARLIE AND LOLA TABLE TINS
85132c,3.0,3.0,3.0,24.869999999999997,0.0,24.869999999999997,3515,3497,CHARLIE AND LOLA FIGURES TINS
85135A,8.0,8.0,19.0,151.05,0.0,151.05,2856,2844,YELLOW DRAGONFLY HELICOPTER
85135B,46.0,45.0,65.0,524.5500000000001,7.95,516.6,2181,2174,BLUE DRAGONFLY HELICOPTER
85135C,68.0,67.0,106.0,856.38,7.95,848.43,1760,1750,RED DRAGONFLY HELICOPTER
85136A,55.0,53.0,72.0,580.36,0.0,580.36,2095,2078,YELLOW SHARK HELICOPTER
85136B,2.0,2.0,2.0,15.9,0.0,15.9,3622,3609,BLUE SHARK HELICOPTER
85136C,36.0,36.0,52.0,421.18,0.0,421.18,2326,2316,RED SHARK HELICOPTER
85141,43.0,39.0,124.0,635.74,40.55,595.19,2013,2057,JARDIN ETCHED GLASS FRUITBOWL
85144,44.0,41.0,222.0,586.6,0.0,586.6,2084,2066,JARDIN ETCHED GLASS CHEESE DISH
85145,14.0,13.0,38.0,167.70000000000002,0.0,167.70000000000002,2808,2795,JARDIN ETCHED GLASS LARGE BELL JAR
85146,10.0,9.0,45.0,171.11,0.0,171.11,2802,2785,JARDIN ETCHED GLASS SMALL BELL JAR
85150,481.0,478.0,4039.0,9388.53,12.3,9376.230000000001,251,240,LADIES & GENTLEMEN METAL SIGN
85152,683.0,677.0,8272.0,15983.330000000002,135.22,15848.110000000002,126,121,HAND OVER THE CHOCOLATE   SIGN
85159A,47.0,47.0,453.0,783.3499999999999,82.39999999999999,700.9499999999999,1830,1919,"BLACK TEA,COFFEE,SUGAR JARS"
85159B,59.0,59.0,622.0,1134.5,86.54000000000002,1047.96,1523,1569,"WHITE TEA,COFFEE,SUGAR JARS"
85160A,1.0,1.0,6.0,7.5,0.0,7.5,3758,3749,WHITE BIRD GARDEN DESIGN MUG
85160B,17.0,16.0,106.0,62.239999999999995,0.78,61.459999999999994,3219,3206,BLACK BIRD GARDEN DESIGN MUG
85160a,1.0,1.0,1.0,16.13,0.0,16.13,3619,3607,WHITE BIRD GARDEN DESIGN MUG
85161,21.0,20.0,35.0,568.65,0.0,568.65,2112,2095,ACRYLIC GEOMETRIC LAMP
85163A,32.0,32.0,66.0,559.0,0.0,559.0,2127,2111,WHITE BAROQUE WALL CLOCK
85163B,36.0,36.0,84.0,783.68,12.75,770.93,1827,1817,BLACK BAROQUE WALL CLOCK
85167B,8.0,8.0,50.0,109.94,0.0,109.94,3000,2988,BLACK GRAND BAROQUE PHOTO FRAME
85168B,35.0,35.0,51.0,432.78999999999996,0.0,432.78999999999996,2309,2300,BLACK BAROQUE CARRIAGE CLOCK
85169A,89.0,88.0,812.0,813.02,15.0,798.02,1798,1784,IVORY LOVE BIRD CANDLE
85169B,62.0,62.0,329.0,356.06,0.0,356.06,2426,2409,BLACK LOVE BIRD CANDLE
85169C,46.0,46.0,429.0,452.86,15.0,437.86,2277,2292,EAU DE NIL LOVE BIRD CANDLE
85169D,50.0,50.0,351.0,356.08,1.25,354.83,2425,2412,PINK LOVE BIRD CANDLE
85170A,1.0,1.0,1.0,2.1,0.0,2.1,3878,3866,SET/6 IVORY BIRD T-LIGHT CANDLES
85170B,39.0,39.0,215.0,316.75,2.1,314.65,2494,2488,SET/6 BLACK BIRD T-LIGHT CANDLES
85170C,72.0,72.0,335.0,608.53,0.0,608.53,2057,2039,SET/6 EAU DE NIL BIRD T-LIGHTS
85170D,100.0,100.0,451.0,796.99,8.0,788.99,1810,1794,SET/6 PINK BIRD T-LIGHT CANDLES
85172,47.0,43.0,1346.0,583.12,34.02,549.1,2091,2132,HYACINTH BULB T-LIGHT CANDLES
85173,87.0,86.0,479.0,795.02,12.75,782.27,1813,1804,SET/6 FROG PRINCE T-LIGHT CANDLES
85174,161.0,157.0,617.0,2946.88,14.149999999999999,2932.73,800,788,S/4 CACTI CANDLES
85175,144.0,143.0,5353.0,2292.34,41.160000000000004,2251.1800000000003,961,951,CACTI T-LIGHT CANDLES
85176,172.0,172.0,918.0,880.4699999999999,0.85,879.6199999999999,1741,1722,SEWING SUSAN 21 NEEDLE SET
85177,64.0,63.0,813.0,645.06,0.85,644.2099999999999,2002,1987,BASKET OF FLOWERS SEWING KIT
85178,142.0,140.0,2519.0,2823.83,322.85,2500.98,826,891,VICTORIAN SEWING KIT
85179A,59.0,59.0,193.0,380.79,0.0,380.79,2385,2370,GREEN BITTY LIGHT CHAIN
85179C,36.0,36.0,106.0,201.31,0.0,201.31,2718,2706,PINK BITTY LIGHT CHAIN
85179a,1.0,1.0,1.0,2.46,0.0,2.46,3870,3858,GREEN BITTY LIGHT CHAIN
85180A,64.0,63.0,503.0,1042.66,27.900000000000002,1014.7600000000001,1597,1598,RED HEARTS LIGHT CHAIN
85180B,48.0,48.0,271.0,587.2,0.0,587.2,2082,2065,PINK HEARTS LIGHT CHAIN
85183A,88.0,86.0,667.0,852.04,2.5,849.54,1762,1748,CHARLIE & LOLA WASTEPAPER BIN BLUE
85183B,119.0,118.0,996.0,1323.37,0.0,1323.37,1406,1379,CHARLIE & LOLA WASTEPAPER BIN FLORA
85184C,197.0,193.0,1656.0,2997.64,0.0,2997.64,790,775,S/4 VALENTINE DECOUPAGE HEART BOX
85184c,2.0,2.0,2.0,11.58,0.0,11.58,3695,3685,SET 4 VALENTINE DECOUPAGE HEART BOX
85185B,80.0,71.0,306.0,926.94,2.95,923.99,1696,1682,PINK HORSE SOCK PUPPET
85185D,8.0,8.0,15.0,44.25000000000001,0.0,44.25000000000001,3337,3316,FROG SOCK PUPPET
85186A,81.0,79.0,615.0,293.8,0.0,293.8,2526,2518,EASTER BUNNY GARLAND OF FLOWERS
85186C,79.0,78.0,528.0,269.17,8.4,260.77000000000004,2577,2586,BUNNY EGG GARLAND
85187,71.0,69.0,337.0,556.53,0.0,556.53,2134,2116,S/12 MINI RABBIT EASTER
85188A,42.0,42.0,319.0,278.16999999999996,2.55,275.61999999999995,2553,2553,GREEN METAL SWINGING BUNNY
85188B,10.0,10.0,78.0,68.69999999999999,0.0,68.69999999999999,3175,3160,PINK METAL SWINGING BUNNY
85189,4.0,3.0,9.0,7.6499999999999995,0.0,7.6499999999999995,3755,3746,HANGING BUTTERFLY  EGG
85194L,74.0,73.0,948.0,823.7399999999999,23.8,799.9399999999999,1791,1783,HANGING SPRING FLOWER EGG LARGE
85194S,72.0,72.0,1197.0,489.17,18.390000000000004,470.78000000000003,2229,2238,HANGING SPRING FLOWER EGG SMALL
85195,3.0,3.0,11.0,23.1,0.0,23.1,3538,3524,HANGING HEART BASKET
85197,20.0,19.0,35.0,73.5,0.0,73.5,3149,3132,SET OF 12 MINI BUNNIES IN A BUCKET
85198,9.0,9.0,90.0,74.58,0.0,74.58,3143,3129,ASSORTED FARMYARD ANIMALS IN BUCKET
85199L,95.0,95.0,977.0,663.4300000000001,8.450000000000001,654.98,1982,1976,LARGE HANGING IVORY & RED WOOD BIRD
85199S,274.0,261.0,2667.0,1305.25,10.08,1295.17,1417,1403,SMALL HANGING IVORY/RED WOOD BIRD
85200,27.0,26.0,183.0,228.75,0.0,228.75,2664,2648,BUNNY EGG BOX
85202,116.0,106.0,676.0,314.81,0.0,314.81,2498,2487,HANGING WOOD AND FELT HEART
85203,133.0,127.0,896.0,409.41,0.0,409.41,2351,2336,HANGING WOOD AND FELT BUTTERFLY
85204,106.0,104.0,2055.0,325.96,0.12,325.84,2469,2456,HANGING WOOD AND FELT FLOWER
85205B,30.0,29.0,122.0,323.15,0.0,323.15,2474,2462,PINK FELT EASTER RABBIT GARLAND
85206A,117.0,114.0,976.0,1572.2299999999998,0.0,1572.2299999999998,1264,1239,CREAM FELT EASTER EGG BASKET
85206B,4.0,4.0,14.0,23.099999999999998,0.0,23.099999999999998,3539,3525,PINK FELT EASTER EGG BASKET
85208,49.0,48.0,224.0,419.01000000000005,0.0,419.01000000000005,2331,2320,SET/12 FUNKY FELT FLOWER PEG IN BAG
85211,26.0,24.0,149.0,175.16,1.58,173.57999999999998,2786,2774,S/4 GROOVY CAT MAGNETS
85212,82.0,79.0,2476.0,761.4,0.0,761.4,1857,1832,MINI PAINTED GARDEN DECORATION
85213,34.0,33.0,841.0,334.03,0.85,333.17999999999995,2459,2449,MINI  ZINC GARDEN DECORATIONS
85214,58.0,58.0,164.0,271.03999999999996,0.0,271.03999999999996,2570,2563,TUB 24 PINK FLOWER PEGS
85215,18.0,18.0,223.0,180.71,0.0,180.71,2771,2758,ASSORTED CHEESE FRIDGE MAGNETS
85216,8.0,8.0,55.0,35.75,0.0,35.75,3416,3395,ASSORTED CAKES FRIDGE MAGNETS
85224,1.0,1.0,3.0,6.300000000000001,0.0,6.300000000000001,3782,3772,ASSORTED COLOUR SILK GLASSES CASE
85225,3.0,3.0,6.0,6.25,0.0,6.25,3784,3774,BLING KEY RING STAND
85227,237.0,223.0,1488.0,1368.75,0.0,1368.75,1380,1352,SET OF 6 3D KIT CARDS FOR KIDS
85230A,18.0,18.0,840.0,203.27999999999997,0.0,203.27999999999997,2712,2702,OPIUM SCENTED VOTIVE CANDLE
85230B,39.0,39.0,1288.0,333.2,0.0,333.2,2461,2448,CINNAMON SCENTED VOTIVE CANDLE
85230E,24.0,24.0,1101.0,267.45,0.0,267.45,2582,2569,STRAWBRY SCENTED VOTIVE CANDLE
85230F,12.0,12.0,338.0,90.33999999999999,0.0,90.33999999999999,3075,3062,JASMINE VOTIVE CANDLE
85230G,25.0,25.0,1032.0,257.03999999999996,13.919999999999998,243.11999999999998,2604,2619,ORANGE VOTIVE CANDLE
85231B,154.0,151.0,868.0,777.5799999999999,9.35,768.2299999999999,1835,1825,CINAMMON SET OF 9 T-LIGHTS
85231G,82.0,81.0,594.0,501.27,8.5,492.77,2213,2209,ORANGE SCENTED SET/9 T-LIGHTS
85231b,3.0,3.0,3.0,4.92,0.0,4.92,3817,3805,CINAMMON SET OF 9 T-LIGHTS
85231g,6.0,6.0,6.0,9.78,0.0,9.78,3720,3711,ORANGE SCENTED SET/9 T-LIGHTS
85232A,29.0,29.0,78.0,389.55,14.850000000000001,374.7,2375,2383,SET/3 POLKADOT STACKING TINS
85232B,14.0,13.0,275.0,1361.25,1258.0499999999997,103.20000000000027,1384,3015,SET OF 3 BABUSHKA STACKING TINS
85232D,70.0,69.0,194.0,997.47,14.850000000000001,982.62,1637,1628,SET/3 DECOUPAGE STACKING TINS
90000A,8.0,8.0,13.0,77.91,0.0,77.91,3123,3110,RASPBERRY ANT COPPER FLOWER NECKLAC
90000B,7.0,7.0,11.0,67.83,0.0,67.83,3179,3164,MIDNIGHT BLUE COPPER FLOWER NECKLAC
90000D,14.0,14.0,21.0,129.85,0.0,129.85,2928,2916,COPPER/OLIVE GREEN FLOWER NECKLACE
90001A,4.0,4.0,5.0,20.950000000000003,0.0,20.950000000000003,3557,3544,ANTIQUE RASPBERRY FLOWER EARRINGS
90001B,3.0,3.0,5.0,21.15,0.0,21.15,3552,3539,ANTIQUE MID BLUE FLOWER EARRINGS
90001C,5.0,5.0,5.0,21.130000000000003,0.0,21.130000000000003,3553,3540,ANTIQUE OPAL WHITE FLOWER EARRINGS
90001D,5.0,5.0,7.0,29.73,0.0,29.73,3461,3446,ANTIQUE OLIVE GREEN FLOWER EARRINGS
90002D,9.0,9.0,13.0,48.71,0.0,48.71,3312,3291,FLOWER BURST SILVER RING CRYSTAL
90003B,10.0,10.0,15.0,56.31,15.0,41.31,3255,3343,ROSE COLOUR PAIR HEART HAIR SLIDES
90003C,24.0,24.0,32.0,119.84,15.0,104.84,2964,3008,MIDNIGHT BLUE PAIR HEART HAIR SLIDE
90003D,16.0,16.0,30.0,112.26,15.0,97.26,2992,3037,CRYSTAL PAIR HEART HAIR SLIDES
90003E,14.0,14.0,23.0,86.11,15.0,71.11,3094,3142,GREEN PAIR HEART HAIR SLIDES
90005A,10.0,10.0,14.0,28.02,0.0,28.02,3483,3468,JADE GREEN ENAMEL HAIR COMB
90010A,15.0,15.0,18.0,167.3,0.0,167.3,2809,2797,MIDNIGHT BLUE GLASS/SILVER BRACELET
90010B,7.0,7.0,11.0,100.08999999999999,0.0,100.08999999999999,3037,3027,BLACK/WHITE GLASS/SILVER BRACELET
90010E,16.0,16.0,25.0,227.89,0.0,227.89,2665,2649,AMBER GLASS/SILVER BRACELET
90011A,6.0,6.0,6.0,17.509999999999998,0.0,17.509999999999998,3592,3580,MIDNIGHT BLUE CRYSTAL DROP EARRINGS
90011B,7.0,7.0,12.0,35.27,0.0,35.27,3422,3402,BLACK CRYSTAL DROP EARRINGS
90011C,2.0,2.0,2.0,5.8,0.0,5.8,3796,3786,GREEN CRYSTAL DROP EARRINGS
90011D,3.0,3.0,3.0,8.76,0.0,8.76,3732,3723,PURPLE CRYSTAL DROP EARRINGS
90011E,3.0,3.0,3.0,8.76,0.0,8.76,3732,3723,AMBER CRYSTAL DROP EARRINGS
90012A,5.0,5.0,11.0,53.760000000000005,0.0,53.760000000000005,3271,3255,MIDNIGHT BLUE DROP CRYSTAL NECKLACE
90012B,3.0,3.0,13.0,45.35000000000001,0.0,45.35000000000001,3333,3312,BLACK DROP CRYSTAL NECKLACE
90013A,32.0,32.0,52.0,195.32,30.0,165.32,2733,2802,MIDNIGHT BLUE VINTAGE EARRINGS
90013B,31.0,31.0,36.0,149.41000000000003,0.0,149.41000000000003,2864,2852,BLACK VINTAGE EARRINGS
90013C,28.0,28.0,39.0,158.08,0.0,158.08,2834,2821,GREEN VINTAGE EARRINGS
90013D,3.0,3.0,6.0,25.17,0.0,25.17,3509,3491,PURPLE VINTAGE EARRINGS
90014A,21.0,21.0,27.0,217.59,0.0,217.59,2685,2672,SILVER/MOP ORBIT NECKLACE
90014B,15.0,15.0,17.0,158.73999999999998,0.0,158.73999999999998,2832,2819,GOLD M PEARL  ORBIT NECKLACE
90014C,4.0,4.0,5.0,43.199999999999996,0.0,43.199999999999996,3343,3323,SILVER AND BLACK ORBIT NECKLACE
90016A,7.0,7.0,17.0,105.71000000000001,0.0,105.71000000000001,3017,3005,SILVER/M.O.P PENDANT ORBIT NECKLACE
90016B,19.0,19.0,22.0,184.66,0.0,184.66,2765,2748,GOLD/M.O.P PENDANT ORBIT NECKLACE
90016C,3.0,3.0,3.0,24.96,0.0,24.96,3513,3495,SILVER/BLACK PENDANT ORBIT NECKLACE
90018A,37.0,37.0,46.0,193.33,4.25,189.08,2739,2736,SILVER M.O.P ORBIT DROP EARRINGS
90018B,17.0,17.0,22.0,92.28,0.0,92.28,3067,3055,GOLD M.O.P ORBIT DROP EARRINGS
90018C,9.0,9.0,12.0,50.400000000000006,4.25,46.150000000000006,3295,3310,SILVER BLACK ORBIT DROP EARRINGS
90019A,27.0,27.0,38.0,197.09,0.0,197.09,2729,2717,SILVER M.O.P ORBIT BRACELET
90019B,18.0,18.0,18.0,96.52000000000001,0.0,96.52000000000001,3052,3041,GOLD M.O.P ORBIT BRACELET
90019C,11.0,11.0,13.0,68.73,0.0,68.73,3174,3159,SILVER BLACK ORBIT BRACELET
90020,1.0,1.0,1.0,12.48,0.0,12.48,3676,3665,FILIGREE DIAMANTE CHAIN
90021,1.0,1.0,1.0,11.95,0.0,11.95,3683,3673,LASER CUT MULTI STRAND NECKLACE
90022,20.0,20.0,24.0,90.2,15.0,75.2,3077,3123,EDWARDIAN DROP EARRINGS JET BLACK
90023,9.0,9.0,13.0,55.02,0.0,55.02,3260,3246,FILIGREE DIAMANTE EARRINGS
90024B,6.0,6.0,8.0,67.28,17.0,50.28,3186,3277,NEW BAROQUE B'FLY NECKLACE RED
90024C,3.0,3.0,4.0,33.81,0.0,33.81,3433,3413,NEW BAROQUE B'FLY NECKLACE GREEN
90024D,2.0,2.0,2.0,16.82,0.0,16.82,3606,3594,NEW BAROQUE B'FLY NECKLACE PINK
90024E,2.0,2.0,2.0,16.810000000000002,0.0,16.810000000000002,3607,3595,NEW BAROQUE B'FLY NECKLACE MONTANA
90024F,4.0,4.0,5.0,42.13,0.0,42.13,3353,3333,NEW BAROQUE B'FLY NECKLACE CRYSTAL
90025A,2.0,2.0,2.0,7.5,0.0,7.5,3758,3749,BAROQUE BUTTERFLY EARRINGS BLACK
90025B,1.0,1.0,1.0,3.73,0.0,3.73,3842,3829,BAROQUE BUTTERFLY EARRINGS RED
90025D,3.0,3.0,3.0,11.19,0.0,11.19,3699,3690,BAROQUE BUTTERFLY EARRINGS PINK
90025E,1.0,1.0,1.0,3.73,0.0,3.73,3842,3829,BAROQUE BUTTERFLY EARRINGS MONTANA
90025F,4.0,4.0,4.0,14.96,0.0,14.96,3641,3629,BAROQUE BUTTERFLY EARRINGS CRYSTAL
90026A,1.0,1.0,2.0,17.0,0.0,17.0,3598,3586,GLASS BEAD HOOP NECKLACE BLACK
90026B,3.0,3.0,3.0,25.32,0.0,25.32,3507,3489,GLASS BEAD HOOP NECKLACE MONTANA
90026C,3.0,3.0,4.0,33.82,0.0,33.82,3432,3412,GLASS BEAD HOOP NECKLACE GREEN
90026D,3.0,3.0,3.0,25.5,0.0,25.5,3503,3484,GLASS BEAD HOOP NECKLACE AMETHYST
90027A,3.0,3.0,6.0,17.66,0.0,17.66,3589,3577,GLASS BEAD HOOP EARRINGS BLACK
90027B,3.0,3.0,3.0,8.76,0.0,8.76,3732,3723,GLASS BEAD HOOP EARRINGS MONTANA
90027C,5.0,5.0,5.0,14.5,0.0,14.5,3649,3639,GLASS BEAD HOOP EARRINGS GREEN
90027D,6.0,6.0,9.0,28.4,0.0,28.4,3480,3464,GLASS BEAD HOOP EARRINGS AMETHYST
90028,14.0,14.0,16.0,134.16,0.0,134.16,2913,2900,NEW BAROQUE LARGE NECKLACE BLK/WHIT
90029,4.0,4.0,5.0,42.14,0.0,42.14,3352,3332,NEW BAROQUE SMALL NECKLACE BLACK
90030A,7.0,7.0,72.0,72.0,0.0,72.0,3155,3138,SPOTTED WHITE NATURAL SEED NECKLACE
90030B,25.0,25.0,122.0,190.73000000000002,0.0,190.73000000000002,2746,2728,RED KUKUI COCONUT SEED NECKLACE
90030C,11.0,11.0,77.0,91.7,0.0,91.7,3071,3059,BROWN KUKUI COCONUT SEED NECKLACE
90031,7.0,7.0,50.0,59.89,0.0,59.89,3233,3215,BILI NUT AND WOOD NECKLACE
90032,8.0,8.0,21.0,103.13,0.0,103.13,3027,3016,IVORY SHELL HEART NECKLACE
90033,9.0,9.0,10.0,25.07,0.0,25.07,3512,3494,IVORY SHELL HEART EARRINGS
90034,2.0,2.0,2.0,20.17,0.0,20.17,3563,3552,WHITE SILVER NECKLACE SHELL GLASS
90035A,3.0,3.0,5.0,53.62,0.0,53.62,3272,3257,"PEARL & SHELL 42""NECKL. GREEN"
90035C,1.0,1.0,2.0,21.5,0.0,21.5,3548,3535,"PEARL & SHELL 42""NECKL. IVORY"
90036A,4.0,4.0,6.0,47.7,0.0,47.7,3321,3300,FLOWER GARLAND NECKLACE RED
90036B,2.0,2.0,4.0,31.8,0.0,31.8,3444,3428,"FLOWER GLASS GARLAND NECKL.36""GREEN"
90036C,5.0,5.0,9.0,71.4,0.0,71.4,3156,3140,"FLOWER GLASS GARLAND NECKL.36""BLUE"
90036D,5.0,5.0,12.0,95.35000000000001,0.0,95.35000000000001,3057,3043,"FLOWER GLASS GARLAND NECKL.36""BLACK"
90036E,11.0,11.0,14.0,110.95,0.0,110.95,2996,2985,"FLOWER GLASS GARLD NECKL36""AMETHYST"
90036F,5.0,5.0,8.0,64.08,0.0,64.08,3204,3189,"FLOWER GLASS GARLD NECKL36""TURQUOIS"
90037A,1.0,1.0,1.0,2.48,0.0,2.48,3868,3856,TINY CRYSTAL BRACELET RED
90037B,5.0,5.0,10.0,25.279999999999998,0.0,25.279999999999998,3508,3490,TINY CRYSTAL BRACELET GREEN
90037C,5.0,5.0,5.0,12.52,0.0,12.52,3674,3663,TINY CRYSTAL BRACELET BLUE
90038A,10.0,10.0,15.0,56.15,0.0,56.15,3257,3242,GLASS AND PAINTED BEADS BRACELET TO
90038B,8.0,8.0,13.0,48.77,0.0,48.77,3310,3289,GLASS AND PAINTED BEADS BRACELET OL
90038C,4.0,4.0,9.0,33.69,0.0,33.69,3435,3415,GLASS AND BEADS BRACELET IVORY
90039A,3.0,3.0,8.0,29.96,0.0,29.96,3454,3440,FIRE POLISHED GLASS BRACELET RED
90039B,6.0,6.0,11.0,41.31,0.0,41.31,3362,3343,FIRE POLISHED GLASS BRACELET MONTAN
90039C,6.0,6.0,6.0,22.48,0.0,22.48,3543,3529,FIRE POLISHED GLASS BRACELET BLACK
90039D,9.0,9.0,21.0,78.69,0.0,78.69,3121,3108,FIRE POLISHED GLASS BRACELET GREEN
90040A,5.0,5.0,14.0,54.290000000000006,0.0,54.290000000000006,3267,3253,MURANO STYLE GLASS BRACELET RED
90040B,11.0,11.0,18.0,66.7,0.0,66.7,3189,3173,MURANO STYLE GLASS BRACELET BLACK
90040C,10.0,10.0,15.0,54.42,0.0,54.42,3265,3251,MURANO STYLE GLASS BRACELET GOLD
90041,4.0,4.0,5.0,18.27,0.0,18.27,3581,3567,PEARL AND CHERRY QUARTZ BRACLET
90042A,2.0,2.0,3.0,7.6499999999999995,0.0,7.6499999999999995,3755,3746,FRESHWATER PEARL BRACELET GOLD
90042C,5.0,5.0,5.0,12.7,0.0,12.7,3672,3661,FRESHWATER PEARL BRACELET IVORY
90043,2.0,2.0,4.0,24.810000000000002,0.0,24.810000000000002,3519,3501,COPPER AND BRASS BAG CHARM
90046,1.0,1.0,3.0,14.850000000000001,0.0,14.850000000000001,3644,3633,WHITE WITH METAL BAG CHARM
90048,1.0,1.0,3.0,14.850000000000001,0.0,14.850000000000001,3644,3633,GREEN WITH METAL BAG CHARM
90049,3.0,3.0,5.0,34.77,0.0,34.77,3426,3407,IVORY GOLD METAL BAG CHARM
90050,4.0,4.0,8.0,55.72,13.9,41.82,3258,3337,CRACKED GLAZE NECKLACE IVORY
90051,7.0,7.0,10.0,70.16,0.0,70.16,3166,3149,CRACKED GLAZE NECKLACE RED
90052,2.0,2.0,2.0,14.14,0.0,14.14,3654,3644,CRACKED GLAZE NECKLACE BROWN
90053,4.0,4.0,4.0,9.99,0.0,9.99,3710,3701,CRACKED GLAZE EARRINGS IVORY
90054,9.0,9.0,9.0,22.58,0.0,22.58,3542,3528,CRACKED GLAZE EARRINGS RED
90055,5.0,5.0,5.0,12.53,0.0,12.53,3673,3662,CRACKED GLAZE EARRINGS BROWN
90056,4.0,4.0,4.0,43.510000000000005,0.0,43.510000000000005,3341,3321,CHUNKY CRACKED GLAZE NECKLACE IVORY
90057,22.0,22.0,1008.0,1311.3600000000001,0.0,1311.3600000000001,1413,1391,DIAMANTE RING ASSORTED IN BOX.
90058A,7.0,7.0,324.0,123.12,13.68,109.44,2951,2992,CRYSTAL STUD EARRINGS CLEAR DISPLAY
90058B,15.0,15.0,612.0,232.56,13.68,218.88,2651,2669,CRYSTAL STUD EARRINGS ASSORTED COL
90059A,27.0,27.0,45.0,74.53,9.899999999999999,64.63,3145,3186,DIAMANTE HAIR GRIP PACK/2 CRYSTAL
90059B,10.0,10.0,16.0,26.52,9.899999999999999,16.62,3496,3601,DIAMANTE HAIR GRIP PACK/2 BLACK DIA
90059C,10.0,10.0,15.0,24.79,9.899999999999999,14.89,3520,3632,DIAMANTE HAIR GRIP PACK/2 MONTANA
90059D,19.0,19.0,25.0,41.449999999999996,9.899999999999999,31.549999999999997,3359,3429,DIAMANTE HAIR GRIP PACK/2 PERIDOT
90059E,15.0,15.0,25.0,41.37,9.899999999999999,31.47,3361,3430,DIAMANTE HAIR GRIP PACK/2 RUBY
90059F,14.0,14.0,21.0,34.69,9.899999999999999,24.79,3427,3502,DIAMANTE HAIR GRIP PACK/2 LT ROSE
90060B,1.0,1.0,1.0,5.95,0.0,5.95,3788,3778,FIRE POLISHED GLASS NECKL GOLD
90060D,3.0,3.0,3.0,17.85,0.0,17.85,3584,3571,FIRE POLISHED GLASS NECKL BRONZE
90060F,6.0,6.0,6.0,35.160000000000004,0.0,35.160000000000004,3423,3403,FIRE POLISHED GLASS NECKL GREEN
90062,26.0,26.0,44.0,558.03,12.75,545.28,2132,2140,CARNIVAL BRACELET
90063A,8.0,8.0,12.0,102.0,0.0,102.0,3029,3018,WHITE VINT ART DECO CRYSTAL NECKLAC
90063B,6.0,6.0,9.0,76.32,0.0,76.32,3132,3118,BLACK VINT ART DEC CRYSTAL NECKLACE
90064A,6.0,6.0,10.0,38.7,0.0,38.7,3388,3368,WHITE VINTAGE CRYSTAL EARRINGS
90064B,7.0,7.0,12.0,45.0,3.75,41.25,3334,3347,BLACK VINTAGE  CRYSTAL EARRINGS
90065A,5.0,4.0,9.0,60.75,0.0,60.75,3229,3211,WHITE VINTAGE CRYSTAL BRACELET
90065B,2.0,2.0,2.0,13.5,0.0,13.5,3659,3648,BLACK VINT ART DEC CRYSTAL BRACELET
90067A,7.0,7.0,14.0,41.150000000000006,0.0,41.150000000000006,3368,3351,PINK VINTAGE VICTORIAN EARRINGS
90067B,2.0,2.0,2.0,5.8,0.0,5.8,3796,3786,BROWN VINTAGE VICTORIAN EARRINGS
90068,1.0,1.0,1.0,7.5,0.0,7.5,3758,3749,"RUBY GLASS NECKLACE 42"""
90069,1.0,1.0,2.0,15.0,0.0,15.0,3633,3620,RUBY GLASS CLUSTER NECKLACE
90070,14.0,14.0,20.0,122.64000000000001,17.85,104.79000000000002,2954,3011,RUBY GLASS CLUSTER BRACELET
90071,33.0,33.0,44.0,54.62,0.0,54.62,3262,3247,RUBY GLASS CLUSTER EARRINGS
90072,14.0,14.0,21.0,83.42,0.0,83.42,3100,3086,RUBY DROP CHANDELIER EARRINGS
90073,18.0,18.0,27.0,134.70000000000002,0.0,134.70000000000002,2910,2897,VINTAGE ENAMEL & CRYSTAL EARRINGS
90074,3.0,3.0,4.0,37.239999999999995,0.0,37.239999999999995,3407,3386,BLACK DIAMOND CLUSTER NECKLACE
90075,3.0,3.0,4.0,37.66,0.0,37.66,3400,3380,MONTANA DIAMOND CLUSTER NECKLACE
90076,4.0,4.0,9.0,24.119999999999997,2.55,21.569999999999997,3527,3534,MONTANA DIAMOND CLUSTER EARRINGS
90077,3.0,3.0,3.0,8.82,0.0,8.82,3731,3722,BLACK DIAMOND CLUSTER EARRINGS
90078,1.0,1.0,2.0,15.0,0.0,15.0,3633,3620,PINK/WHITE GLASS DEMI CHOKER
90079,4.0,4.0,10.0,49.760000000000005,0.0,49.760000000000005,3303,3283,VINTAGE ENAMEL & CRYSTAL NECKLACE
90081A,8.0,8.0,15.0,74.25,0.0,74.25,3146,3131,LILY BROOCH AMETHYST COLOUR
90081B,1.0,1.0,1.0,4.95,0.0,4.95,3814,3802,LILY BROOCH WHITE/SILVER COLOUR
90081C,15.0,15.0,20.0,99.60000000000001,0.0,99.60000000000001,3038,3028,LILY BROOCH OLIVE COLOUR
90082A,18.0,18.0,30.0,193.2,0.0,193.2,2740,2725,DIAMANTE BOW BROOCH GREEN COLOUR
90082B,12.0,10.0,27.0,171.45,0.0,171.45,2801,2783,DIAMANTE BOW BROOCH RED COLOUR
90082D,6.0,5.0,10.0,64.38,0.0,64.38,3202,3188,DIAMANTE BOW BROOCH BLACK COLOUR
90083,9.0,9.0,25.0,23.47,0.0,23.47,3533,3516,CRYSTAL CZECH CROSS PHONE CHARM
90084,1.0,1.0,1.0,0.85,0.0,0.85,3902,3892,PINK CRYSTAL GUITAR PHONE CHARM
90085,10.0,10.0,34.0,36.76,0.0,36.76,3408,3387,CRYSTAL STILETTO PHONE CHARM
90086,28.0,28.0,102.0,77.78999999999999,0.0,77.78999999999999,3124,3111,CRYSTAL FROG PHONE CHARM
90087,25.0,25.0,107.0,61.459999999999994,0.0,61.459999999999994,3223,3206,CRYSTAL SEA HORSE PHONE CHARM
90089,10.0,9.0,32.0,16.22,0.0,16.22,3618,3606,PINK CRYSTAL SKULL PHONE CHARM
90092,1.0,1.0,1.0,1.66,0.0,1.66,3888,3877,BLUE CRYSTAL BOOT PHONE CHARM
90093,10.0,10.0,52.0,28.569999999999997,0.0,28.569999999999997,3479,3463,CLEAR CRYSTAL STAR PHONE CHARM
90094,13.0,13.0,14.0,35.699999999999996,0.0,35.699999999999996,3417,3396,NECKLACE+BRACELET SET FRUIT SALAD
90096,26.0,26.0,45.0,112.21,0.0,112.21,2993,2980,NECKLACE+BRACELET SET BLUE BLOSSOM
90098,10.0,10.0,29.0,73.95,15.299999999999999,58.650000000000006,3147,3224,NECKLACE+BRACELET PINK BUTTERFLY
90099,16.0,16.0,27.0,76.38,0.0,76.38,3131,3117,NECKLACE+BRACELET SET BLUE HIBISCUS
90100,1.0,1.0,1.0,2.55,0.0,2.55,3864,3851,NECKLACE+BRACELET SET PINK DAISY
90101,17.0,17.0,39.0,98.07,15.299999999999999,82.77,3045,3090,WHITE FRANGIPANI NECKLACE
90102,1.0,1.0,10.0,8.5,0.0,8.5,3738,3729,WHITE FRANGIPANI HAIR CLIP
90103,16.0,16.0,29.0,72.66,0.0,72.66,3151,3134,PURPLE FRANGIPANI NECKLACE
90104,12.0,12.0,28.0,23.16,0.0,23.16,3537,3523,PURPLE FRANGIPANI HAIRCLIP
90108,12.0,12.0,70.0,81.96000000000001,10.5,71.46000000000001,3108,3139,BLUE BLOSSOM HAIR CLIP
90112,1.0,1.0,2.0,2.1,0.0,2.1,3878,3866,PINK DOLLY HAIR CLIPS
90114,88.0,88.0,167.0,417.96,0.0,417.96,2333,2322,SUMMER DAISIES BAG CHARM
90115,31.0,31.0,54.0,134.53,0.0,134.53,2911,2898,SUMMER BUTTERFLIES BAG CHARM
90116,45.0,45.0,64.0,145.52,0.0,145.52,2877,2865,FRUIT SALAD BAG CHARM
90118,19.0,19.0,30.0,74.64,15.299999999999999,59.34,3140,3221,PINK DAISY BAG CHARM
90119,37.0,36.0,84.0,207.60999999999999,0.0,207.60999999999999,2706,2697,METALIC LEAVES BAG CHARMS
90120A,3.0,3.0,7.0,29.73,0.0,29.73,3461,3446,PINK MURANO TWIST BRACELET
90120B,15.0,15.0,39.0,164.12,0.0,164.12,2817,2807,BLUE MURANO TWIST BRACELET
90120C,22.0,22.0,51.0,215.20000000000002,0.0,215.20000000000002,2692,2682,GREEN MURANO TWIST BRACELET
90120D,5.0,5.0,10.0,41.790000000000006,0.0,41.790000000000006,3356,3338,WHITE MURANO TWIST BRACELET
90122A,15.0,14.0,22.0,109.48,0.0,109.48,3003,2991,PINK CRYSTAL+GLASS BRACELET
90122B,6.0,6.0,6.0,29.93,0.0,29.93,3456,3442,JADE CRYSTAL+GLASS BRACELET
90122C,11.0,11.0,24.0,119.23,0.0,119.23,2966,2956,TURQUOISE CRYSTAL+GLASS BRACELET
90123A,9.0,9.0,15.0,89.12,0.0,89.12,3083,3070,PINK HEART OF GLASS BRACELET
90123B,5.0,5.0,9.0,53.42,0.0,53.42,3277,3262,TURQUOISE HEART OF GLASS BRACELET
90123C,6.0,6.0,14.0,83.29,0.0,83.29,3102,3088,GREEN HEART OF GLASS BRACELET
90123D,5.0,5.0,6.0,35.31,0.0,35.31,3420,3400,WHITE HEART OF GLASS BRACELET
90124A,6.0,6.0,8.0,79.66,0.0,79.66,3116,3103,PINK MURANO TWIST NECKLACE
90124B,11.0,11.0,12.0,119.89,0.0,119.89,2963,2954,BLUE MURANO TWIST NECKLACE
90124C,8.0,8.0,11.0,109.53999999999999,0.0,109.53999999999999,3002,2990,GREEN MURANO TWIST NECKLACE
90125A,10.0,10.0,115.0,106.24,0.0,106.24,3014,3003,PINK BERTIE GLASS BEAD BAG CHARM
90125B,12.0,12.0,30.0,48.06,0.0,48.06,3319,3298,AQUA BERTIE GLASS BEAD BAG CHARM
90125C,7.0,7.0,77.0,69.85,0.0,69.85,3169,3153,TURQUOISE BERTIE GLASS BEAD CHARM
90125D,19.0,19.0,95.0,110.03,0.0,110.03,2998,2986,PURPLE BERTIE GLASS BEAD BAG CHARM
90125E,10.0,10.0,11.0,21.05,0.0,21.05,3554,3541,AMBER BERTIE GLASS BEAD BAG CHARM
90126A,1.0,1.0,1.0,3.36,0.0,3.36,3851,3838,PINK BERTIE MOBILE PHONE CHARM
90126C,1.0,1.0,2.0,6.58,0.0,6.58,3781,3771,AMBER BERTIE MOBILE PHONE CHARM
90127A,1.0,1.0,2.0,4.92,0.0,4.92,3817,3805,PINK BEADS+HAND PHONE CHARM
90128A,2.0,2.0,3.0,7.43,0.0,7.43,3766,3756,PINK LEAVES AND BEADS PHONE CHARM
90128B,2.0,2.0,2.0,3.76,0.0,3.76,3839,3826,BLUE LEAVES AND BEADS PHONE CHARM
90128C,2.0,2.0,2.0,4.97,0.0,4.97,3810,3798,GREEN LEAVES AND BEADS PHONE CHARM
90128D,2.0,2.0,2.0,4.97,0.0,4.97,3810,3798,PURPLE LEAVES AND BEADS PHONE CHAR
90129A,20.0,20.0,45.0,82.97999999999999,0.0,82.97999999999999,3103,3089,PINK GLASS TASSLE BAG CHARM
90129B,20.0,20.0,57.0,121.38000000000001,0.0,121.38000000000001,2956,2945,TURQUOISE GLASS TASSLE BAG CHARM
90129C,16.0,16.0,35.0,79.76,0.0,79.76,3115,3102,GREEN GLASS TASSLE BAG CHARM
90129D,7.0,7.0,14.0,33.440000000000005,0.0,33.440000000000005,3437,3417,AMBER GLASS TASSLE BAG CHARM
90129E,14.0,14.0,42.0,77.03999999999999,0.0,77.03999999999999,3125,3112,PURPLE GLASS TASSLE BAG CHARM
90129F,16.0,16.0,40.0,88.03,0.0,88.03,3087,3075,RED GLASS TASSLE BAG CHARM
90130A,6.0,6.0,6.0,17.5,0.0,17.5,3593,3581,WHITE STONE/CRYSTAL EARRINGS
90130B,31.0,31.0,39.0,113.97,0.0,113.97,2985,2973,TURQ STONE/CRYSTAL EARRINGS
90130C,13.0,13.0,14.0,40.95,0.0,40.95,3372,3354,GREEN STONE/CRYSTAL EARRINGS
90130D,3.0,3.0,3.0,8.7,0.0,8.7,3736,3727,RED STONE/CRYSTAL EARRINGS
90131,2.0,2.0,5.0,34.870000000000005,0.0,34.870000000000005,3425,3405,PINK/AMETHYST/GOLD NECKLACE
90132,3.0,3.0,3.0,15.16,0.0,15.16,3628,3615,LIGHT TOPAZ TEAL/AQUA COL NECKLACE
90133,13.0,13.0,19.0,94.43,0.0,94.43,3063,3051,TEAL/FUSCHIA COL BEAD NECKLACE
90134,45.0,45.0,54.0,157.5,0.0,157.5,2836,2824,OLD ROSE COMBO BEAD NECKLACE
90135,2.0,2.0,8.0,39.660000000000004,0.0,39.660000000000004,3381,3362,ORANGE/WHT/FUSCHIA STONES NECKLACE
90135A,1.0,1.0,1.0,4.98,0.0,4.98,3807,3795,ORANGE/FUSCHIA STONES NECKLACE
90136,2.0,2.0,3.0,29.849999999999998,0.0,29.849999999999998,3458,3443,PALE PINK/AMETHYST STONE NECKLACE
90137,3.0,3.0,3.0,16.310000000000002,0.0,16.310000000000002,3615,3603,PINK COMBO MINI CRYSTALS NECKLACE
90138,7.0,7.0,10.0,52.42,0.0,52.42,3286,3267,WHITE/PINK MINI CRYSTALS NECKLACE
90140,2.0,2.0,2.0,15.120000000000001,0.0,15.120000000000001,3629,3616,PINK SWEETIE NECKLACE
90141A,10.0,10.0,12.0,63.11,0.0,63.11,3213,3198,GREEN PENDANT TRIPLE SHELL NECKLACE
90141B,5.0,5.0,9.0,44.86,0.0,44.86,3336,3315,IVORY PENDANT TRIPLE SHELL NECKLACE
90141C,8.0,8.0,10.0,52.31,0.0,52.31,3287,3268,TURQ PENDANT TRIPLE SHELL NECKLACE
90141D,2.0,2.0,4.0,20.36,0.0,20.36,3561,3549,ROSE PENDANT TRIPLE SHELL NECKLACE
90141E,2.0,2.0,5.0,24.75,0.0,24.75,3522,3504,ORANGE PENDANT TRIPLE SHELL NECKLAC
90142A,1.0,1.0,1.0,5.09,0.0,5.09,3804,3793,GREEN PENDANT SHELL NECKLACE
90142D,4.0,4.0,10.0,49.64,0.0,49.64,3306,3285,MOP PENDANT SHELL NECKLACE
90143,20.0,19.0,33.0,252.18,15.0,237.18,2615,2630,SILVER BRACELET W PASTEL FLOWER
90144,14.0,14.0,18.0,67.36,0.0,67.36,3185,3170,SILVER DROP EARRINGS WITH FLOWER
90145,18.0,18.0,28.0,168.0,0.0,168.0,2806,2792,SILVER HOOP EARRINGS WITH FLOWER
90146,7.0,7.0,17.0,95.35000000000001,0.0,95.35000000000001,3057,3043,FINE SILVER NECKLACE W PASTEL FLOWE
90147,23.0,23.0,32.0,324.01,19.9,304.11,2472,2504,CHUNKY SILVER NECKLACE PASTEL FLOWE
90148,7.0,6.0,9.0,114.48,25.5,88.98,2984,3071,LONG SILVER NECKLACE PASTEL FLOWER
90149,4.0,4.0,53.0,342.76000000000005,0.0,342.76000000000005,2450,2437,SILVER FLOWR PINK SHELL NECKLACE
90151,4.0,4.0,8.0,68.0,0.0,68.0,3176,3162,SILVER/NATURAL SHELL NECKLACE
90152A,5.0,5.0,5.0,28.76,0.0,28.76,3477,3462,SILVER/NAT SHELL NECKLACE W PENDANT
90152B,2.0,2.0,2.0,11.46,0.0,11.46,3698,3689,BLUE/GREEN SHELL NECKLACE W PENDANT
90152C,1.0,1.0,1.0,5.95,0.0,5.95,3788,3778,BLUE/NAT SHELL NECKLACE W PENDANT
90154,5.0,5.0,57.0,421.75,0.0,421.75,2325,2315,LAZER CUT NECKLACE W PASTEL BEADS
90155,7.0,7.0,9.0,67.62,0.0,67.62,3180,3165,RESIN NECKLACE W PASTEL BEADS
90156,3.0,3.0,4.0,19.8,0.0,19.8,3571,3560,RESIN BRACELET W PASTEL BEADS
90157,5.0,5.0,10.0,49.59,0.0,49.59,3307,3286,RIVIERA NECKLACE
90158,35.0,35.0,45.0,224.12,0.0,224.12,2671,2656,ST TROPEZ NECKLACE
90159,5.0,5.0,6.0,29.790000000000003,0.0,29.790000000000003,3460,3445,COTE D'AZURE NECKLACE
90160A,15.0,15.0,38.0,264.94,48.65,216.29,2588,2676,PURPLE BOUDICCA LARGE BRACELET
90160B,12.0,12.0,30.0,209.73000000000002,0.0,209.73000000000002,2702,2694,RED BOUDICCA LARGE BRACELET
90160C,26.0,26.0,54.0,377.04,0.0,377.04,2391,2377,TURQ+RED BOUDICCA LARGE BRACELET
90160D,12.0,12.0,38.0,264.7,0.0,264.7,2591,2576,PINK BOUDICCA LARGE BRACELET
90161A,21.0,21.0,24.0,119.91000000000001,0.0,119.91000000000001,2962,2953,ANT COPPER RED BOUDICCA BRACELET
90161B,37.0,37.0,76.0,377.88,0.0,377.88,2389,2375,ANT COPPER TURQ BOUDICCA BRACELET
90161C,50.0,50.0,83.0,412.74,0.0,412.74,2343,2331,ANT COPPER LIME BOUDICCA BRACELET
90161D,34.0,34.0,64.0,318.89000000000004,0.0,318.89000000000004,2487,2474,ANT COPPER PINK BOUDICCA BRACELET
90162A,1.0,1.0,6.0,17.700000000000003,0.0,17.700000000000003,3587,3575,ANT SILVER TURQUOISE BOUDICCA RING
90162B,10.0,10.0,27.0,79.65,2.95,76.7,3117,3113,ANT SILVER LIME GREEN BOUDICCA RING
90162C,7.0,7.0,14.0,41.300000000000004,0.0,41.300000000000004,3363,3345,ANT SILVER FUSCHIA BOUDICCA RING
90162D,5.0,5.0,10.0,29.500000000000004,0.0,29.500000000000004,3468,3453,ANT SILVER PURPLE BOUDICCA RING
90163A,9.0,9.0,12.0,90.32,0.0,90.32,3076,3063,PINK ROSEBUD & PEARL NECKLACE
90163B,5.0,5.0,7.0,52.72,0.0,52.72,3281,3264,WHITE ROSEBUD & PEARL NECKLACE
90164A,14.0,14.0,27.0,130.67,0.0,130.67,2924,2910,PINK ROSEBUD PEARL BRACELET
90164B,15.0,15.0,38.0,140.98,0.0,140.98,2893,2881,WHITE  ROSEBUD PEARL BRACELET
90165A,15.0,15.0,16.0,39.98,0.0,39.98,3379,3360,PINK ROSEBUD PEARL EARRINGS
90165B,18.0,18.0,19.0,47.43,0.0,47.43,3322,3301,WHITE ROSEBUD  PEARL EARRINGS
90166,15.0,15.0,21.0,88.04,0.0,88.04,3086,3074,PINK & WHITE ROSEBUD RING
90167,1.0,1.0,10.0,8.5,0.0,8.5,3738,3729,BEADED LOVE HEART JEWELLERY SET
90168,12.0,12.0,18.0,52.56,17.700000000000003,34.86,3282,3406,2 DAISIES HAIR COMB
90169,11.0,11.0,19.0,47.839999999999996,15.299999999999999,32.54,3320,3421,DAISY HAIR COMB
90170,37.0,37.0,85.0,140.32999999999998,19.799999999999997,120.52999999999999,2895,2949,DAISY HAIR BAND
90173,17.0,17.0,32.0,120.34,0.0,120.34,2959,2950,PAIR BUTTERFLY HAIR CLIPS
90174,21.0,21.0,38.0,95.41999999999999,30.599999999999998,64.82,3055,3185,BUTTERFLY HAIR BAND
90175A,25.0,25.0,27.0,245.63,0.0,245.63,2626,2612,WHITE GLASS CHUNKY CHARM BRACELET
90175B,9.0,9.0,10.0,91.68,0.0,91.68,3072,3060,PINK GLASS CHUNKY CHARM BRACELET
90175C,6.0,6.0,9.0,80.55,0.0,80.55,3112,3100,BLUE GLASS CHUNKY CHARM BRACELET
90175D,20.0,20.0,23.0,210.04,0.0,210.04,2701,2693,TIGRIS EYE CHUNKY CHARM BRACELET
90176A,2.0,2.0,3.0,22.48,7.5,14.98,3543,3628,CLASSIC DIAMANTE NECKLACE JET
90176B,3.0,3.0,4.0,30.12,0.0,30.12,3450,3436,DIAMANTE NECKLACE BLACK
90176C,2.0,2.0,3.0,23.32,0.0,23.32,3534,3518,DIAMANTE NECKLACE
90176D,4.0,4.0,7.0,52.5,7.5,45.0,3283,3313,DIAMANTE NECKLACE PURPLE
90176E,3.0,3.0,4.0,29.98,0.0,29.98,3452,3438,DIAMANTE NECKLACE GREEN
90177A,9.0,9.0,14.0,40.900000000000006,17.700000000000003,23.200000000000003,3373,3521,CLASSIC DIAMANTE EARRINGS JET
90177B,7.0,7.0,14.0,41.010000000000005,0.0,41.010000000000005,3370,3352,DROP DIAMANTE EARRINGS BLACK DIAMON
90177C,14.0,14.0,26.0,76.23,17.700000000000003,58.53,3133,3227,DROP DIAMANTE EARRINGS CRYSTAL
90177D,14.0,14.0,25.0,73.53,17.700000000000003,55.83,3148,3243,DROP DIAMANTE EARRINGS PURPLE
90177E,9.0,9.0,14.0,41.080000000000005,17.700000000000003,23.380000000000003,3369,3517,DROP DIAMANTE EARRINGS GREEN
90178A,8.0,8.0,8.0,95.25,0.0,95.25,3059,3045,AMBER CHUNKY GLASS+BEAD NECKLACE
90178B,1.0,1.0,1.0,11.95,0.0,11.95,3683,3673,PURPLE CHUNKY GLASS+BEAD NECKLACE
90179A,5.0,5.0,6.0,35.31,0.0,35.31,3420,3400,AMBER FINE BEAD NECKLACE W TASSEL
90179B,3.0,3.0,3.0,17.59,0.0,17.59,3590,3578,PURPLE FINE BEAD NECKLACE W TASSEL
90179C,6.0,6.0,6.0,35.44,0.0,35.44,3418,3397,BLACK FINE BEAD NECKLACE W TASSEL
90180A,9.0,9.0,17.0,127.24,0.0,127.24,2937,2928,BLACK+WHITE NECKLACE W TASSEL
90180B,5.0,5.0,5.0,49.81,0.0,49.81,3301,3281,PURPLE AMETHYST NECKLACE W TASSEL
90181A,7.0,7.0,7.0,64.04,0.0,64.04,3205,3190,AMBER GLASS/SHELL/PEARL NECKLACE
90181B,14.0,14.0,15.0,137.63,0.0,137.63,2906,2890,AMETHYST GLASS/SHELL/PEARL NECKLACE
90181C,1.0,1.0,1.0,9.15,0.0,9.15,3724,3715,BLACK GLASS/SHELL/PEARL NECKLACE
90182A,8.0,8.0,8.0,23.2,0.0,23.2,3536,3522,AMBER 3 BEAD DROP EARRINGS
90182B,5.0,5.0,5.0,14.5,0.0,14.5,3649,3639,AMETHYST 3 BEAD DROP EARRINGS
90182C,9.0,9.0,14.0,40.96,17.700000000000003,23.259999999999998,3371,3520,BLACK 3 BEAD DROP EARRINGS
90183A,23.0,23.0,40.0,117.24000000000001,17.700000000000003,99.54,2975,3030,AMBER DROP EARRINGS W LONG BEADS
90183B,17.0,17.0,21.0,61.08,0.0,61.08,3225,3209,AMETHYST DROP EARRINGS W LONG BEADS
90183C,9.0,9.0,9.0,26.15,0.0,26.15,3501,3483,BLACK DROP EARRINGS W LONG BEADS
90183c,1.0,1.0,1.0,2.9,0.0,2.9,3863,3850,BLACK DROP EARRINGS W LONG BEADS
90184A,9.0,9.0,13.0,117.73,0.0,117.73,2973,2963,AMBER CHUNKY BEAD BRACELET W STRAP
90184B,21.0,21.0,33.0,297.94,0.0,297.94,2523,2516,AMETHYST CHUNKY BEAD BRACELET W STR
90184C,17.0,17.0,21.0,190.51999999999998,0.0,190.51999999999998,2747,2730,BLACK CHUNKY BEAD BRACELET W STRAP
90184c,1.0,1.0,1.0,9.15,0.0,9.15,3724,3715,BLACK CHUNKY BEAD BRACELET W STRAP
90185A,13.0,13.0,31.0,131.03,25.5,105.53,2923,3006,AMBER DIAMANTE EXPANDABLE RING
90185B,12.0,12.0,23.0,97.02,38.25,58.769999999999996,3048,3223,AMETHYST DIAMANTE EXPANDABLE RING
90185C,10.0,10.0,26.0,110.09,68.0,42.09,2997,3334,BLACK DIAMANTE EXPANDABLE RING
90185D,11.0,11.0,35.0,148.63,0.0,148.63,2868,2856,CRYSTAL DIAMANTE EXPANDABLE RING
90186A,10.0,9.0,12.0,35.11,0.0,35.11,3424,3404,AMETHYST HOOP EARRING FLORAL LEAF
90186B,15.0,15.0,22.0,64.58,0.0,64.58,3200,3187,CRYSTAL HOOP EARRING FLORAL LEAF
90187A,1.0,1.0,1.0,3.32,0.0,3.32,3856,3843,BLUE DROP EARRINGS W BEAD CLUSTER
90187B,8.0,8.0,12.0,40.03,0.0,40.03,3378,3359,GREEN DROP EARRINGS W BEAD CLUSTER
90188,8.0,7.0,10.0,25.13,0.0,25.13,3510,3492,DROP EARRINGS W FLOWER & LEAF
90189A,2.0,2.0,2.0,15.0,0.0,15.0,3633,3620,SILVER 2 STRAND NECKLACE-LEAF CHARM
90190A,10.0,10.0,16.0,46.76,0.0,46.76,3329,3306,SILVER/CRYSTAL DROP EARRINGS W LEAF
90190B,7.0,7.0,13.0,38.18,0.0,38.18,3396,3375,GOLD/AMBER DROP EARRINGS W LEAF
90190C,19.0,19.0,20.0,58.43,0.0,58.43,3242,3228,SILVER/AMETHYST DROP EARRINGS LEAF
90191,10.0,10.0,26.0,163.82,0.0,163.82,2818,2808,SILVER LARIAT 40CM
90192,25.0,25.0,42.0,209.10000000000002,9.9,199.20000000000002,2704,2713,JADE DROP EARRINGS W FILIGREE
90194,10.0,10.0,16.0,67.87,0.0,67.87,3177,3163,SILVER LARIAT BLACK STONE EARRINGS
90195A,10.0,10.0,19.0,122.84,0.0,122.84,2953,2943,PURPLE GEMSTONE BRACELET
90195B,4.0,4.0,4.0,29.98,0.0,29.98,3452,3438,BLACK GEMSTONE BRACELET
90196A,5.0,5.0,8.0,102.0,0.0,102.0,3029,3018,PURPLE GEMSTONE NECKLACE 45CM
90196B,5.0,5.0,5.0,63.480000000000004,0.0,63.480000000000004,3210,3195,BLACK GEMSTONE NECKLACE 45CM
90197B,27.0,27.0,35.0,174.73000000000002,0.0,174.73000000000002,2788,2770,BLACK GLASS BRACELET W HEART CHARMS
90198A,44.0,44.0,75.0,315.73,0.0,315.73,2496,2484,VINTAGE ROSE BEAD BRACELET RASPBERR
90198B,17.0,17.0,36.0,152.4,0.0,152.4,2851,2837,VINTAGE ROSE BEAD BRACELET BLACK
90199A,6.0,6.0,11.0,69.63,0.0,69.63,3172,3156,5 STRAND GLASS NECKLACE BLACK
90199B,8.0,8.0,9.0,56.59,0.0,56.59,3253,3239,5 STRAND GLASS NECKLACE AMETHYST
90199C,13.0,10.0,20.0,126.63999999999999,12.7,113.93999999999998,2943,2974,5 STRAND GLASS NECKLACE CRYSTAL
90199D,6.0,6.0,6.0,37.620000000000005,0.0,37.620000000000005,3401,3381,5 STRAND GLASS NECKLACE AMBER
90200A,50.0,50.0,78.0,328.44,0.0,328.44,2466,2453,PURPLE SWEETHEART BRACELET
90200B,47.0,47.0,93.0,392.83,4.25,388.58,2371,2360,BLACK SWEETHEART BRACELET
90200C,27.0,26.0,50.0,211.43,0.0,211.43,2696,2688,BLUE SWEETHEART BRACELET
90200D,79.0,78.0,176.0,729.57,0.0,729.57,1902,1880,PINK SWEETHEART BRACELET
90200E,44.0,44.0,103.0,423.41,0.0,423.41,2324,2314,GREEN SWEETHEART BRACELET
90201A,28.0,28.0,69.0,202.51000000000002,11.8,190.71,2716,2729,PURPLE ENAMEL FLOWER RING
90201B,23.0,23.0,86.0,252.9,20.650000000000002,232.25,2612,2637,BLACK ENAMEL FLOWER RING
90201C,21.0,21.0,63.0,185.42000000000002,17.700000000000003,167.72000000000003,2761,2794,RED ENAMEL FLOWER RING
90201D,31.0,31.0,77.0,225.84,0.0,225.84,2668,2652,GREEN ENAMEL FLOWER RING
90202A,15.0,15.0,22.0,64.28,17.700000000000003,46.58,3203,3307,PURPLE ENAMEL FLOWER HAIR TIE
90202B,10.0,10.0,17.0,49.65,17.700000000000003,31.949999999999996,3305,3426,WHITE ENAMEL FLOWER HAIR TIE
90202C,14.0,14.0,20.0,58.71,17.700000000000003,41.01,3238,3353,GREEN ENAMEL FLOWER HAIR TIE
90202D,11.0,11.0,22.0,64.46000000000001,17.700000000000003,46.760000000000005,3201,3305,PINK ENAMEL FLOWER HAIR TIE
90204,18.0,18.0,29.0,96.86,13.4,83.46,3050,3085,PAIR OF ENAMEL BUTTERFLY HAIRCLIP
90205A,16.0,16.0,31.0,51.51,0.0,51.51,3291,3271,LARGE MINT DIAMANTE HAIRSLIDE
90205C,15.0,15.0,29.0,48.209999999999994,0.0,48.209999999999994,3317,3296,LARGE CRYSTAL DIAMANTE HAIRSLIDE
90206A,9.0,9.0,12.0,59.800000000000004,0.0,59.800000000000004,3234,3216,GOLD DIAMANTE STAR BROOCH
90206C,32.0,31.0,46.0,229.68,0.0,229.68,2661,2645,CRYSTAL DIAMANTE STAR BROOCH
90208,37.0,37.0,53.0,132.7,15.299999999999999,117.39999999999999,2918,2965,PAIR OF PINK FLOWER CLUSTER SLIDE
90209A,4.0,4.0,84.0,163.8,12.600000000000001,151.20000000000002,2819,2842,PURPLE ENAMEL+GLASS HAIR COMB
90209B,56.0,54.0,185.0,357.74,0.0,357.74,2420,2406,GREEN ENAMEL+GLASS HAIR COMB
90209C,31.0,31.0,263.0,480.5,6.300000000000001,474.2,2242,2237,PINK ENAMEL+GLASS HAIR COMB
90210A,10.0,10.0,34.0,57.55,0.0,57.55,3247,3233,GREY ACRYLIC FACETED BANGLE
90210B,7.0,7.0,41.0,61.56,0.0,61.56,3222,3205,CLEAR ACRYLIC FACETED BANGLE
90210C,10.0,10.0,99.0,130.51000000000002,0.0,130.51000000000002,2925,2911,RED   ACRYLIC FACETED BANGLE
90210D,8.0,8.0,107.0,132.05,0.0,132.05,2921,2906,PURPLE ACRYLIC FACETED BANGLE
90211A,8.0,8.0,12.0,70.97,0.0,70.97,3160,3145,DIAMOND LAS VEGAS NECKLACE 45CM
90211B,6.0,6.0,9.0,53.260000000000005,11.9,41.36000000000001,3278,3342,JET BLACK LAS VEGAS NECKLACE 45CM
90212B,8.0,8.0,10.0,37.62,0.0,37.62,3402,3382,JET BLACK LAS VEGAS BRACELET ROUND
90212C,3.0,3.0,7.0,26.25,0.0,26.25,3499,3481,PURPLE LAS VEGAS BRACELET ROUND
90214A,56.0,56.0,130.0,111.66,0.0,111.66,2995,2983,"LETTER ""A"" BLING KEY RING"
90214B,22.0,22.0,37.0,24.77,0.0,24.77,3521,3503,"LETTER ""B"" BLING KEY RING"
90214C,33.0,33.0,91.0,72.77,0.0,72.77,3150,3133,"LETTER ""C"" BLING KEY RING"
90214D,32.0,32.0,68.0,49.9,0.0,49.9,3299,3279,"LETTER ""D"" BLING KEY RING"
90214E,30.0,30.0,72.0,53.199999999999996,0.0,53.199999999999996,3279,3263,"LETTER ""E"" BLING KEY RING"
90214F,15.0,15.0,27.0,15.429999999999998,0.0,15.429999999999998,3626,3613,"LETTER ""F"" BLING KEY RING"
90214G,30.0,30.0,60.0,40.199999999999996,0.0,40.199999999999996,3376,3357,"LETTER ""G"" BLING KEY RING"
90214H,30.0,30.0,48.0,36.76,0.0,36.76,3408,3387,"LETTER ""H"" BLING KEY RING"
90214I,13.0,13.0,38.0,29.619999999999997,0.0,29.619999999999997,3466,3451,"LETTER ""I"" BLING KEY RING"
90214J,41.0,41.0,71.0,57.21,0.0,57.21,3251,3237,"LETTER ""J"" BLING KEY RING"
90214K,38.0,38.0,78.0,60.699999999999996,0.0,60.699999999999996,3230,3212,"LETTER ""K"" BLING KEY RING"
90214L,37.0,37.0,94.0,65.03999999999999,0.0,65.03999999999999,3198,3183,"LETTER ""L"" BLING KEY RING"
90214M,28.0,28.0,60.0,49.82,0.0,49.82,3300,3280,"LETTER ""M"" BLING KEY RING"
90214N,24.0,24.0,41.0,29.23,0.0,29.23,3473,3458,"LETTER ""N"" BLING KEY RING"
90214O,5.0,5.0,16.0,6.819999999999999,0.0,6.819999999999999,3770,3760,"LETTER ""O"" BLING KEY RING"
90214P,16.0,16.0,39.0,20.229999999999997,0.0,20.229999999999997,3562,3551,"LETTER ""P"" BLING KEY RING"
90214R,25.0,25.0,41.0,28.009999999999998,0.0,28.009999999999998,3484,3469,"LETTER ""R"" BLING KEY RING"
90214S,41.0,41.0,94.0,71.0,0.0,71.0,3159,3144,"LETTER ""S"" BLING KEY RING"
90214T,11.0,11.0,24.0,13.459999999999999,0.0,13.459999999999999,3660,3649,"LETTER ""T"" BLING KEY RING"
90214U,1.0,1.0,12.0,3.4799999999999995,0.0,3.4799999999999995,3848,3835,"LETTER ""U"" BLING KEY RING"
90214V,14.0,14.0,26.0,15.979999999999999,0.0,15.979999999999999,3620,3608,"LETTER ""V"" BLING KEY RING"
90214W,5.0,5.0,16.0,6.819999999999999,0.0,6.819999999999999,3770,3760,"LETTER ""W"" BLING KEY RING"
90214Y,8.0,8.0,66.0,22.839999999999996,0.0,22.839999999999996,3541,3527,"LETTER ""Y"" BLING KEY RING"
90214Z,10.0,10.0,22.0,11.84,0.0,11.84,3688,3678,"LETTER ""Z"" BLING KEY RING"
DCGS0003,4.0,4.0,4.0,9.94,0.0,9.94,3717,3708,BOXED GLASS ASHTRAY
DCGS0004,1.0,1.0,1.0,16.63,0.0,16.63,3611,3598,HAYNES CAMPER SHOULDER BAG
DCGS0076,2.0,2.0,3.0,48.39,0.0,48.39,3314,3293,SUNJAR LED NIGHT NIGHT LIGHT
DCGSSBOY,11.0,11.0,47.0,150.54999999999998,0.0,150.54999999999998,2859,2848,BOYS PARTY BAG
DCGSSGIRL,13.0,13.0,47.0,144.43,0.0,144.43,2882,2869,GIRLS PARTY BAG
PADS,3.0,3.0,3.0,0.003,0.0,0.003,3906,3897,PADS TO MATCH ALL CUSHIONS
